--tblMunicipio
insert into tblMunicipio (IdMunicipio, NomeMunicipio, UF) values (1100072, 'CORUMBIARA', 'RO');
insert into tblMunicipio (IdMunicipio, NomeMunicipio, UF) values (1506187, 'RONDONDOPARA', 'PA');
insert into tblMunicipio (IdMunicipio, NomeMunicipio, UF) values (1508407, 'XINGUARA', 'PA');
insert into tblMunicipio (IdMunicipio, NomeMunicipio, UF) values (1709302, 'GUARAI', 'TO');
insert into tblMunicipio (IdMunicipio, NomeMunicipio, UF) values (2110203, 'SANTARITA', 'MA');
insert into tblMunicipio (IdMunicipio, NomeMunicipio, UF) values (2202604, 'CASTELODOPIAUI', 'PI');
insert into tblMunicipio (IdMunicipio, NomeMunicipio, UF) values (2502300, 'BOMSUCESSO', 'PB');
insert into tblMunicipio (IdMunicipio, NomeMunicipio, UF) values (2601409, 'BARREIROS', 'PE');
insert into tblMunicipio (IdMunicipio, NomeMunicipio, UF) values (2917359, 'JABORANDI', 'BA');
insert into tblMunicipio (IdMunicipio, NomeMunicipio, UF) values (3152006, 'POMPEU', 'MG');
insert into tblMunicipio (IdMunicipio, NomeMunicipio, UF) values (3204054, 'PEDROCANARIO', 'ES');
insert into tblMunicipio (IdMunicipio, NomeMunicipio, UF) values (3304805, 'SAOFIDELIS', 'RJ');
insert into tblMunicipio (IdMunicipio, NomeMunicipio, UF) values (3535507, 'PARAGUACUPAULISTA', 'SP');
insert into tblMunicipio (IdMunicipio, NomeMunicipio, UF) values (3542305, 'REDENCAODASERRA', 'SP');
insert into tblMunicipio (IdMunicipio, NomeMunicipio, UF) values (4102109, 'ASTORGA', 'PR');
insert into tblMunicipio (IdMunicipio, NomeMunicipio, UF) values (4117909, 'PALOTINA', 'PR');
insert into tblMunicipio (IdMunicipio, NomeMunicipio, UF) values (4217808, 'TAIO', 'SC');
insert into tblMunicipio (IdMunicipio, NomeMunicipio, UF) values (4304689, 'CAPELADESANTANA', 'RS');
insert into tblMunicipio (IdMunicipio, NomeMunicipio, UF) values (4310108, 'IGREJINHA', 'RS');
insert into tblMunicipio (IdMunicipio, NomeMunicipio, UF) values (5002902, 'CASSILANDIA', 'MS');
insert into tblMunicipio (IdMunicipio, NomeMunicipio, UF) values (5102504, 'CACERES', 'MT');
insert into tblMunicipio (IdMunicipio, NomeMunicipio, UF) values (5102637, 'CAMPONOVODOPARECIS', 'MT');
insert into tblMunicipio (IdMunicipio, NomeMunicipio, UF) values (5102678, 'CAMPOVERDE', 'MT');
insert into tblMunicipio (IdMunicipio, NomeMunicipio, UF) values (5106257, 'NOVAXAVANTINA', 'MT');
insert into tblMunicipio (IdMunicipio, NomeMunicipio, UF) values (5218003, 'PORANGATU', 'GO');
insert into tblMunicipio (IdMunicipio, NomeMunicipio, UF) values (5300108, 'BRAZLANDIA', 'DF');

--tblEscola
insert into tblEscola (IdINEP, NomeEscola, IdMunicipio) values (11036001, 'EMEFAURELIOBUARQUE', 1100072);
insert into tblEscola (IdINEP, NomeEscola, IdMunicipio) values (11036117, 'EMEFCHOUPANAENCANTADA', 1100072);
insert into tblEscola (IdINEP, NomeEscola, IdMunicipio) values (11036125, 'EEEFCOLINAVERDE', 1100072);
insert into tblEscola (IdINEP, NomeEscola, IdMunicipio) values (11036133, 'EMEFCORONELJORGETEIXEIRA', 1100072);
insert into tblEscola (IdINEP, NomeEscola, IdMunicipio) values (11036141, 'EMEFCORUMBIARA', 1100072);
insert into tblEscola (IdINEP, NomeEscola, IdMunicipio) values (11036192, 'EEEFDISNEYLANDIA', 1100072);
insert into tblEscola (IdINEP, NomeEscola, IdMunicipio) values (11036273, 'EMEFFLORDEMOGNO', 1100072);
insert into tblEscola (IdINEP, NomeEscola, IdMunicipio) values (11036303, 'EMEFHELICONIA', 1100072);
insert into tblEscola (IdINEP, NomeEscola, IdMunicipio) values (11036311, 'EMEFJOSEDEALENCAR', 1100072);
insert into tblEscola (IdINEP, NomeEscola, IdMunicipio) values (11036354, 'EMEFMANOELFRANCISCODOSSANTOS', 1100072);
insert into tblEscola (IdINEP, NomeEscola, IdMunicipio) values (11036397, 'EEEFMARECHALRONDON', 1100072);
insert into tblEscola (IdINEP, NomeEscola, IdMunicipio) values (11036443, 'EMEFMONTENEGRO', 1100072);
insert into tblEscola (IdINEP, NomeEscola, IdMunicipio) values (11036478, 'EMEFOASIS', 1100072);
insert into tblEscola (IdINEP, NomeEscola, IdMunicipio) values (11036486, 'E.E.E.F.M.DR.OSVALDOPIANA', 1100072);
insert into tblEscola (IdINEP, NomeEscola, IdMunicipio) values (11036508, 'EMEFPADREJOSIMO', 1100072);
insert into tblEscola (IdINEP, NomeEscola, IdMunicipio) values (11036516, 'EMEFPEDASERRA', 1100072);
insert into tblEscola (IdINEP, NomeEscola, IdMunicipio) values (11036575, 'EEEFSAOROQUE', 1100072);
insert into tblEscola (IdINEP, NomeEscola, IdMunicipio) values (11036613, 'EMEFTOMASEDSON', 1100072);
insert into tblEscola (IdINEP, NomeEscola, IdMunicipio) values (11036648, 'EMEFVITALBRASIL', 1100072);
insert into tblEscola (IdINEP, NomeEscola, IdMunicipio) values (11038519, 'EMEIFMUNDOMAGICO', 1100072);
insert into tblEscola (IdINEP, NomeEscola, IdMunicipio) values (11041749, 'CENTRODEESTUDOSPAULOFREIRE', 1100072);
insert into tblEscola (IdINEP, NomeEscola, IdMunicipio) values (15117588, 'E.M.E.F.BOAESPERANÇA', 1506187);
insert into tblEscola (IdINEP, NomeEscola, IdMunicipio) values (15117618, 'E.M.E.F.BOMJESUS', 1506187);
insert into tblEscola (IdINEP, NomeEscola, IdMunicipio) values (15117804, 'E.M.E.F.VERACRUZ', 1506187);
insert into tblEscola (IdINEP, NomeEscola, IdMunicipio) values (15118134, 'E.M.E.F.MARAJÓ', 1506187);
insert into tblEscola (IdINEP, NomeEscola, IdMunicipio) values (15118720, 'E.M.E.F.SÃOLUCAS', 1506187);
insert into tblEscola (IdINEP, NomeEscola, IdMunicipio) values (15118789, 'E.M.E.F.NOSSOSENHORDOBONFIM', 1506187);
insert into tblEscola (IdINEP, NomeEscola, IdMunicipio) values (15118819, 'E.M.E.F.SURUBIÚ', 1506187);
insert into tblEscola (IdINEP, NomeEscola, IdMunicipio) values (15119718, 'E.M.E.F.LUCÍOLODEOLIVEIRARABELO', 1506187);
insert into tblEscola (IdINEP, NomeEscola, IdMunicipio) values (15119726, 'E.M.E.F.SÃOJOÃOI', 1506187);
insert into tblEscola (IdINEP, NomeEscola, IdMunicipio) values (15119734, 'E.M.E.I.ARCO-ÍRIS', 1506187);
insert into tblEscola (IdINEP, NomeEscola, IdMunicipio) values (15119742, 'CENTROED.PROFA.DIRCECOELHO', 1506187);
insert into tblEscola (IdINEP, NomeEscola, IdMunicipio) values (15119777, 'E.E.E.M.DRDIONÍSIOBENTESDECARVALHO', 1506187);
insert into tblEscola (IdINEP, NomeEscola, IdMunicipio) values (15119807, 'E.M.E.F.PE.JOSÉFONTANELLA', 1506187);
insert into tblEscola (IdINEP, NomeEscola, IdMunicipio) values (15119815, 'E.M.E.F.PROF.FRANCISCONUNES', 1506187);
insert into tblEscola (IdINEP, NomeEscola, IdMunicipio) values (15119840, 'E.M.E.F.ALVORADA', 1506187);
insert into tblEscola (IdINEP, NomeEscola, IdMunicipio) values (15119858, 'E.M.E.F.ANAJAVES', 1506187);
insert into tblEscola (IdINEP, NomeEscola, IdMunicipio) values (15119874, 'E.M.E.F.BEIJAFLORI', 1506187);
insert into tblEscola (IdINEP, NomeEscola, IdMunicipio) values (15119904, 'E.M.E.F.BOAVITÓRIA', 1506187);
insert into tblEscola (IdINEP, NomeEscola, IdMunicipio) values (15119912, 'E.M.E.F.BOMFIM', 1506187);
insert into tblEscola (IdINEP, NomeEscola, IdMunicipio) values (15119939, 'E.M.E.F.CANAÃ', 1506187);
insert into tblEscola (IdINEP, NomeEscola, IdMunicipio) values (15119955, 'E.M.E.F.CASTROALVES', 1506187);
insert into tblEscola (IdINEP, NomeEscola, IdMunicipio) values (15119971, 'E.M.E.F.COLÔNIADAPRATA', 1506187);
insert into tblEscola (IdINEP, NomeEscola, IdMunicipio) values (15119998, 'E.M.E.F.PE.JOSÉDEANCHIETA', 1506187);
insert into tblEscola (IdINEP, NomeEscola, IdMunicipio) values (15120007, 'E.M.E.F.DEUSDARÁ', 1506187);
insert into tblEscola (IdINEP, NomeEscola, IdMunicipio) values (15120015, 'E.M.E.F.DUQUEDECAXIAS', 1506187);
insert into tblEscola (IdINEP, NomeEscola, IdMunicipio) values (15120023, 'E.M.E.F.ELÍDIAMARIADOSSANTOS', 1506187);
insert into tblEscola (IdINEP, NomeEscola, IdMunicipio) values (15120066, 'E.M.E.F.FORÇADAUNIÃO', 1506187);
insert into tblEscola (IdINEP, NomeEscola, IdMunicipio) values (15120082, 'E.M.E.F.GOVERNADORALACIDNUNES', 1506187);
insert into tblEscola (IdINEP, NomeEscola, IdMunicipio) values (15120090, 'E.M.E.F.GRACIOSA', 1506187);
insert into tblEscola (IdINEP, NomeEscola, IdMunicipio) values (15120104, 'E.M.E.F.HAÉLITONANDRADE', 1506187);
insert into tblEscola (IdINEP, NomeEscola, IdMunicipio) values (15120171, 'E.M.E.F.MANAIN', 1506187);
insert into tblEscola (IdINEP, NomeEscola, IdMunicipio) values (15120210, 'E.M.E.F.MONTECARVALHO', 1506187);
insert into tblEscola (IdINEP, NomeEscola, IdMunicipio) values (15120252, 'E.M.E.F.OÁSISDAFÉ', 1506187);
insert into tblEscola (IdINEP, NomeEscola, IdMunicipio) values (15120260, 'E.M.E.I.PEQUENOPOLEGAR', 1506187);
insert into tblEscola (IdINEP, NomeEscola, IdMunicipio) values (15120309, 'E.M.E.F.RAILTONAZEVEDO', 1506187);
insert into tblEscola (IdINEP, NomeEscola, IdMunicipio) values (15120325, 'E.M.E.F.RUIBARBOSA', 1506187);
insert into tblEscola (IdINEP, NomeEscola, IdMunicipio) values (15120350, 'E.M.E.F.SÃOJOÃOII', 1506187);
insert into tblEscola (IdINEP, NomeEscola, IdMunicipio) values (15120368, 'E.M.E.F.SÃOJOSÉ', 1506187);
insert into tblEscola (IdINEP, NomeEscola, IdMunicipio) values (15120384, 'E.M.E.F.SANTAFÉ', 1506187);
insert into tblEscola (IdINEP, NomeEscola, IdMunicipio) values (15120430, 'E.M.E.F.VASCODAGAMA', 1506187);
insert into tblEscola (IdINEP, NomeEscola, IdMunicipio) values (15120457, 'E.M.E.I.PEQUENOPRÍNCIPE', 1506187);
insert into tblEscola (IdINEP, NomeEscola, IdMunicipio) values (15120465, 'E.M.E.F.DOMPEDROI', 1506187);
insert into tblEscola (IdINEP, NomeEscola, IdMunicipio) values (15120473, 'E.M.E.F.JOÃOMIRANDA', 1506187);
insert into tblEscola (IdINEP, NomeEscola, IdMunicipio) values (15120481, 'E.M.E.I.E.F.SÃOFRANCISCO', 1506187);
insert into tblEscola (IdINEP, NomeEscola, IdMunicipio) values (15133680, 'EMEFBETEL', 1508407);
insert into tblEscola (IdINEP, NomeEscola, IdMunicipio) values (15133702, 'EEEMPEDRORIBEIROMOTA', 1508407);
insert into tblEscola (IdINEP, NomeEscola, IdMunicipio) values (15133710, 'EMEFHENRIQUEFRANCISCORAMOS', 1508407);
insert into tblEscola (IdINEP, NomeEscola, IdMunicipio) values (15133729, 'EMEIFPROFACYDEBARROSPEREIRA', 1508407);
insert into tblEscola (IdINEP, NomeEscola, IdMunicipio) values (15133737, 'EMEFRAIMUNDOHENRIQUEMIRANDA', 1508407);
insert into tblEscola (IdINEP, NomeEscola, IdMunicipio) values (15133745, 'EMEFTANCREDODEALMEIDANEVES', 1508407);
insert into tblEscola (IdINEP, NomeEscola, IdMunicipio) values (15133800, 'EMEIFALTOARAGUAIA', 1508407);
insert into tblEscola (IdINEP, NomeEscola, IdMunicipio) values (15133958, 'EMEIFCINDERELA', 1508407);
insert into tblEscola (IdINEP, NomeEscola, IdMunicipio) values (15133966, 'EMEIFCIRANDACIRANDINHA', 1508407);
insert into tblEscola (IdINEP, NomeEscola, IdMunicipio) values (15134024, 'EMEIFJAIRRIBEIROCAMPOS', 1508407);
insert into tblEscola (IdINEP, NomeEscola, IdMunicipio) values (15134083, 'EMEFVALTERMARTINSCALAÇO', 1508407);
insert into tblEscola (IdINEP, NomeEscola, IdMunicipio) values (15134156, 'EMEIFJOSEANTAO', 1508407);
insert into tblEscola (IdINEP, NomeEscola, IdMunicipio) values (15134296, 'EMEIFPADREJOAOLUIZPURGUY', 1508407);
insert into tblEscola (IdINEP, NomeEscola, IdMunicipio) values (15134326, 'EMEFRUIBARBOSA', 1508407);
insert into tblEscola (IdINEP, NomeEscola, IdMunicipio) values (15134407, 'EMEFSTAHELENA', 1508407);
insert into tblEscola (IdINEP, NomeEscola, IdMunicipio) values (15134474, 'EPEIFALEGRIAD0SABER', 1508407);
insert into tblEscola (IdINEP, NomeEscola, IdMunicipio) values (15134504, 'EPEIFMDPEDRO', 1508407);
insert into tblEscola (IdINEP, NomeEscola, IdMunicipio) values (15134512, 'EEIEFPINGOSDEGENTE', 1508407);
insert into tblEscola (IdINEP, NomeEscola, IdMunicipio) values (15137058, 'EMEFRITADECASSIA', 1508407);
insert into tblEscola (IdINEP, NomeEscola, IdMunicipio) values (15138191, 'E.M.E.F.DIVINOMESTRE', 1506187);
insert into tblEscola (IdINEP, NomeEscola, IdMunicipio) values (15141128, 'EEEMDLUIZPALHA', 1508407);
insert into tblEscola (IdINEP, NomeEscola, IdMunicipio) values (15143341, 'E.M.E.F.ALVORECER', 1506187);
insert into tblEscola (IdINEP, NomeEscola, IdMunicipio) values (15145239, 'E.E.F.MODELO', 1506187);
insert into tblEscola (IdINEP, NomeEscola, IdMunicipio) values (15145247, 'E.M.E.F.RIODOSPATOS', 1506187);
insert into tblEscola (IdINEP, NomeEscola, IdMunicipio) values (15145255, 'CENTROEDUCACIONALMODERNO', 1506187);
insert into tblEscola (IdINEP, NomeEscola, IdMunicipio) values (15145263, 'ESC.DEEDUC.INFANTILEENS.FUND.SORRISODECRIANÇA', 1506187);
insert into tblEscola (IdINEP, NomeEscola, IdMunicipio) values (15145271, 'E.M.E.F.JOSELINAMOREIRADEOLIVEIRA', 1506187);
insert into tblEscola (IdINEP, NomeEscola, IdMunicipio) values (15145328, 'E.M.E.F.CINDERELA', 1506187);
insert into tblEscola (IdINEP, NomeEscola, IdMunicipio) values (15151506, 'EMEFCRIANCAFELIZ', 1508407);
insert into tblEscola (IdINEP, NomeEscola, IdMunicipio) values (15231003, 'E.M.E.F.RAIODELUZ', 1506187);
insert into tblEscola (IdINEP, NomeEscola, IdMunicipio) values (15231011, 'ESCOLADEEDUCAÇÃOINFANTILEFUNDAMENTALFRUTOSDESIÃO', 1506187);
insert into tblEscola (IdINEP, NomeEscola, IdMunicipio) values (15231208, 'E.M.E.I.SORRISODECRIANÇA', 1506187);
insert into tblEscola (IdINEP, NomeEscola, IdMunicipio) values (15518094, 'E.M.E.F.OLINDASILVAROCHA', 1506187);
insert into tblEscola (IdINEP, NomeEscola, IdMunicipio) values (15518892, 'E.M.E.F.MONTEALEGRE', 1506187);
insert into tblEscola (IdINEP, NomeEscola, IdMunicipio) values (15528278, 'EMEFCORACORALINA', 1508407);
insert into tblEscola (IdINEP, NomeEscola, IdMunicipio) values (15531511, 'EMEFOTACILIOALVES', 1508407);
insert into tblEscola (IdINEP, NomeEscola, IdMunicipio) values (15531520, 'EMEFMONTECASTELO', 1508407);
insert into tblEscola (IdINEP, NomeEscola, IdMunicipio) values (15534820, 'E.E.F.M.INSTITUTOTEOREMA', 1506187);
insert into tblEscola (IdINEP, NomeEscola, IdMunicipio) values (15535282, 'NUCLEOAVANÇADODEENSINOSUPLETIVO', 1508407);
insert into tblEscola (IdINEP, NomeEscola, IdMunicipio) values (15537463, 'E.M.E.F.RUIBARATA', 1506187);
insert into tblEscola (IdINEP, NomeEscola, IdMunicipio) values (15537498, 'E.M.E.F.SÃOFRANCISCO', 1506187);
insert into tblEscola (IdINEP, NomeEscola, IdMunicipio) values (15542351, 'E.M.E.F.NOVAMANTENHA', 1506187);
insert into tblEscola (IdINEP, NomeEscola, IdMunicipio) values (15542378, 'E.M.E.F.SANTAMARIA', 1506187);
insert into tblEscola (IdINEP, NomeEscola, IdMunicipio) values (15542408, 'E.M.E.F.BOMJARDIM', 1506187);
insert into tblEscola (IdINEP, NomeEscola, IdMunicipio) values (15542416, 'E.M.E.F.CIMPAL', 1506187);
insert into tblEscola (IdINEP, NomeEscola, IdMunicipio) values (15542440, 'E.M.E.F.CRISTOVIVE', 1506187);
insert into tblEscola (IdINEP, NomeEscola, IdMunicipio) values (15542459, 'E.M.E.F.MARIALEIMIRANDACOLARES', 1506187);
insert into tblEscola (IdINEP, NomeEscola, IdMunicipio) values (15542467, 'E.M.E.F.NOVOCAMINHO', 1506187);
insert into tblEscola (IdINEP, NomeEscola, IdMunicipio) values (15544354, 'EMEIFJADERFONTENELLEBARBALHO', 1508407);
insert into tblEscola (IdINEP, NomeEscola, IdMunicipio) values (15546462, 'EMEFDOMLUIZPALHA', 1508407);
insert into tblEscola (IdINEP, NomeEscola, IdMunicipio) values (15547949, 'E.M.E.I.AMOR', 1506187);
insert into tblEscola (IdINEP, NomeEscola, IdMunicipio) values (15549780, 'E.M.E.F.ADOLFOSOARESDEMORAES', 1506187);
insert into tblEscola (IdINEP, NomeEscola, IdMunicipio) values (15551261, 'E.M.E.F.MONTEAZUL', 1506187);
insert into tblEscola (IdINEP, NomeEscola, IdMunicipio) values (15552187, 'EMEIFSAOJOSÉ', 1508407);
insert into tblEscola (IdINEP, NomeEscola, IdMunicipio) values (15552209, 'EMEFAYRTONSENNA', 1508407);
insert into tblEscola (IdINEP, NomeEscola, IdMunicipio) values (15562336, 'EPEIFCASTROALVES', 1508407);
insert into tblEscola (IdINEP, NomeEscola, IdMunicipio) values (15562352, 'EPEIFMCARLOSDRUMONDDEANDRADE', 1508407);
insert into tblEscola (IdINEP, NomeEscola, IdMunicipio) values (15562360, 'EPEIFTIAGISLENE', 1508407);
insert into tblEscola (IdINEP, NomeEscola, IdMunicipio) values (15562476, 'EMEFMARINGA', 1508407);
insert into tblEscola (IdINEP, NomeEscola, IdMunicipio) values (15562484, 'EMEFJEANPIAGET', 1508407);
insert into tblEscola (IdINEP, NomeEscola, IdMunicipio) values (15562506, 'EMEIDOCEINFANCIA', 1508407);
insert into tblEscola (IdINEP, NomeEscola, IdMunicipio) values (15562514, 'EMEIPROFESSORPARDAL', 1508407);
insert into tblEscola (IdINEP, NomeEscola, IdMunicipio) values (15568890, 'EMEICRIANÇAFELIZ', 1508407);
insert into tblEscola (IdINEP, NomeEscola, IdMunicipio) values (15568903, 'EMEFPAULOFREIRE', 1508407);
insert into tblEscola (IdINEP, NomeEscola, IdMunicipio) values (15568911, 'EMEFRIOAGUAFRIA', 1508407);
insert into tblEscola (IdINEP, NomeEscola, IdMunicipio) values (15568920, 'EEEMALTOARAGUAIA', 1508407);
insert into tblEscola (IdINEP, NomeEscola, IdMunicipio) values (15569888, 'E.M.E.F.MADRETEREZADECALCUTA', 1506187);
insert into tblEscola (IdINEP, NomeEscola, IdMunicipio) values (15570100, 'E.M.E.F.MARIAJOELMA', 1506187);
insert into tblEscola (IdINEP, NomeEscola, IdMunicipio) values (15573141, 'EMEFPROFESSORAIRACYPEREIRA', 1508407);
insert into tblEscola (IdINEP, NomeEscola, IdMunicipio) values (15573940, 'ESCOLINHAPINGODEGENTE', 1506187);
insert into tblEscola (IdINEP, NomeEscola, IdMunicipio) values (15573958, 'E.M.E.I.RECANTODOSABER', 1506187);
insert into tblEscola (IdINEP, NomeEscola, IdMunicipio) values (15573966, 'E.M.E.F.RENASCER', 1506187);
insert into tblEscola (IdINEP, NomeEscola, IdMunicipio) values (15573974, 'E.M.E.F.JERUSALÉM', 1506187);
insert into tblEscola (IdINEP, NomeEscola, IdMunicipio) values (15573982, 'E.M.E.F.ELDORADO', 1506187);
insert into tblEscola (IdINEP, NomeEscola, IdMunicipio) values (15575098, 'EMEFDRAVIOLETAREFKALEFSKYLOUREIRO', 1508407);
insert into tblEscola (IdINEP, NomeEscola, IdMunicipio) values (15575101, 'EMEIPEQUENOPOLEGAR', 1508407);
insert into tblEscola (IdINEP, NomeEscola, IdMunicipio) values (15577910, 'E.M.E.F.IZAULINOPEREIRABISPO', 1506187);
insert into tblEscola (IdINEP, NomeEscola, IdMunicipio) values (15577929, 'E.M.E.F.FÊNIX', 1506187);
insert into tblEscola (IdINEP, NomeEscola, IdMunicipio) values (15579590, 'EEEMSÃOJOSÉ', 1508407);
insert into tblEscola (IdINEP, NomeEscola, IdMunicipio) values (15579603, 'E.M.E.F.DEUSTEAMA', 1506187);
insert into tblEscola (IdINEP, NomeEscola, IdMunicipio) values (15579620, 'E.M.E.F.RENATASILVASOUZA', 1506187);
insert into tblEscola (IdINEP, NomeEscola, IdMunicipio) values (15579638, 'E.M.E.F.MARIACONCEIÇÃOTAVARES', 1506187);
insert into tblEscola (IdINEP, NomeEscola, IdMunicipio) values (15579824, 'EEEMJOÃOLUIZPURGUY', 1508407);
insert into tblEscola (IdINEP, NomeEscola, IdMunicipio) values (15579832, 'EEEMANEXORAIMUNDOHENRIQUEDEMIRANDA', 1508407);
insert into tblEscola (IdINEP, NomeEscola, IdMunicipio) values (15583457, 'E.M.E.F.NASCERDOSOL', 1506187);
insert into tblEscola (IdINEP, NomeEscola, IdMunicipio) values (15583473, 'E.M.E.F.NOSSASENHORAAPARECIDA', 1506187);
insert into tblEscola (IdINEP, NomeEscola, IdMunicipio) values (15583481, 'E.M.E.F.CAMPODOURADO', 1506187);
insert into tblEscola (IdINEP, NomeEscola, IdMunicipio) values (15584828, 'EMEFPADREJOSIMO', 1508407);
insert into tblEscola (IdINEP, NomeEscola, IdMunicipio) values (15584836, 'EMEFCASULO', 1508407);
insert into tblEscola (IdINEP, NomeEscola, IdMunicipio) values (15585107, 'ESCOLAMARQUESDEEDUCAÇÃOINFANTILEENSINOFUNDAMENTAL', 1508407);
insert into tblEscola (IdINEP, NomeEscola, IdMunicipio) values (15586030, 'CENTROEDUCACIONALPROFESSORADIRCECOELHO', 1506187);
insert into tblEscola (IdINEP, NomeEscola, IdMunicipio) values (15586049, 'ESCOLADEEDUCAÇÃOINFANTILEENSINOFUDAMENTALRAIODELUZ', 1506187);
insert into tblEscola (IdINEP, NomeEscola, IdMunicipio) values (15586464, 'E.M.E.F.PROFªCONCEIÇÃOTAVARES', 1506187);
insert into tblEscola (IdINEP, NomeEscola, IdMunicipio) values (15586472, 'E.M.E.F.TIRADENTESII', 1506187);
insert into tblEscola (IdINEP, NomeEscola, IdMunicipio) values (15586480, 'E.M.E.F.PÔRDOSOL', 1506187);
insert into tblEscola (IdINEP, NomeEscola, IdMunicipio) values (15586499, 'E.M.E.F.DEUSÉFIEL', 1506187);
insert into tblEscola (IdINEP, NomeEscola, IdMunicipio) values (15587320, 'EEIFMRIBEIROÁVILA', 1508407);
insert into tblEscola (IdINEP, NomeEscola, IdMunicipio) values (15587746, 'E.M.E.I.MUNDOMÁGICODOAMOR', 1506187);
insert into tblEscola (IdINEP, NomeEscola, IdMunicipio) values (15618820, 'EMEIIRMÃDOROTHYSTANG', 1508407);
insert into tblEscola (IdINEP, NomeEscola, IdMunicipio) values (15832538, 'ESCOLAPRÉINFÂNCIA', 1506187);
insert into tblEscola (IdINEP, NomeEscola, IdMunicipio) values (17013356, 'COLCOMERCIALIMPACTO', 1709302);
insert into tblEscola (IdINEP, NomeEscola, IdMunicipio) values (17013364, 'COLESTDONAANAIDESBRITOMIRANDA', 1709302);
insert into tblEscola (IdINEP, NomeEscola, IdMunicipio) values (17013372, 'COLEGIOESTADUALRAIMUNDOALENCARLEAO', 1709302);
insert into tblEscola (IdINEP, NomeEscola, IdMunicipio) values (17013399, 'EDUCANDARIOMORANGUINHO', 1709302);
insert into tblEscola (IdINEP, NomeEscola, IdMunicipio) values (17013410, 'ESCESTANTONIOALENCARLEAO', 1709302);
insert into tblEscola (IdINEP, NomeEscola, IdMunicipio) values (17013429, 'ESCESTIRINEUALBANOHENDGES', 1709302);
insert into tblEscola (IdINEP, NomeEscola, IdMunicipio) values (17013437, 'ESCESTJALESMACHADO', 1709302);
insert into tblEscola (IdINEP, NomeEscola, IdMunicipio) values (17013445, 'COLÉGIOESTJOSÉCOSTASOARES', 1709302);
insert into tblEscola (IdINEP, NomeEscola, IdMunicipio) values (17013453, 'CENTRODEENSINOMÉDIOOQUERLINATORRES', 1709302);
insert into tblEscola (IdINEP, NomeEscola, IdMunicipio) values (17013461, 'ESCOLAMUNICIPALSOSSEGODAMAMÃE', 1709302);
insert into tblEscola (IdINEP, NomeEscola, IdMunicipio) values (17013607, 'ESCMULCECILIAMEIRELES', 1709302);
insert into tblEscola (IdINEP, NomeEscola, IdMunicipio) values (17013674, 'ESCMULNÚCLEOEUCLIDESDACUNHA', 1709302);
insert into tblEscola (IdINEP, NomeEscola, IdMunicipio) values (17013739, 'ESCMULINTEG.LEONCIODESOUSAMIRANDA', 1709302);
insert into tblEscola (IdINEP, NomeEscola, IdMunicipio) values (17013763, 'ESCMULLUIZCAMOES', 1709302);
insert into tblEscola (IdINEP, NomeEscola, IdMunicipio) values (17013976, 'ESCMULNUCLEOSAOMIGUEL', 1709302);
insert into tblEscola (IdINEP, NomeEscola, IdMunicipio) values (17014000, 'ESCMUNICIPALNOSSASENHORADEFÁTIMA', 1709302);
insert into tblEscola (IdINEP, NomeEscola, IdMunicipio) values (17014026, 'ESCMUNJK', 1709302);
insert into tblEscola (IdINEP, NomeEscola, IdMunicipio) values (17014034, 'ESCOLAMUNICIPALPROFESSORAMARIADOSOCORROCOELHOSILVA', 1709302);
insert into tblEscola (IdINEP, NomeEscola, IdMunicipio) values (17039851, 'ASSOCDEAPOIOAESCESPECIALESTRELADAESPERANCA', 1709302);
insert into tblEscola (IdINEP, NomeEscola, IdMunicipio) values (17042488, 'CENTROEDUCACIONALARCOIRES', 1709302);
insert into tblEscola (IdINEP, NomeEscola, IdMunicipio) values (17042496, 'ESCMUNICIPALCONVENIADABATISTADEGUARAI', 1709302);
insert into tblEscola (IdINEP, NomeEscola, IdMunicipio) values (17042534, 'CENTROEDUCACIONALEXECUTIVO', 1709302);
insert into tblEscola (IdINEP, NomeEscola, IdMunicipio) values (17052319, 'COLEGIOIMPACTOJUNIOR', 1709302);
insert into tblEscola (IdINEP, NomeEscola, IdMunicipio) values (17052530, 'PROJETOSOLEDADE', 1709302);
insert into tblEscola (IdINEP, NomeEscola, IdMunicipio) values (17069858, 'CENTROMUNICIPALDEEDUCACAOINFANTILAQUARELA', 1709302);
insert into tblEscola (IdINEP, NomeEscola, IdMunicipio) values (21027404, 'EMANTONIOHENRIQUEGUIMARAES', 2110203);
insert into tblEscola (IdINEP, NomeEscola, IdMunicipio) values (21027420, 'EMANTONIOMONTEIROPEREIRA', 2110203);
insert into tblEscola (IdINEP, NomeEscola, IdMunicipio) values (21027439, 'EMPROFESSORAPEROLINASILVAPRAZERES', 2110203);
insert into tblEscola (IdINEP, NomeEscola, IdMunicipio) values (21027447, 'EMDEPUTADANICELOBAO', 2110203);
insert into tblEscola (IdINEP, NomeEscola, IdMunicipio) values (21027455, 'EMCORONELRICARDOVIEIRA', 2110203);
insert into tblEscola (IdINEP, NomeEscola, IdMunicipio) values (21027463, 'EMDRCLODOMIRPINHEIROCOSTA', 2110203);
insert into tblEscola (IdINEP, NomeEscola, IdMunicipio) values (21027498, 'EMESTEFANIOSALDANHA', 2110203);
insert into tblEscola (IdINEP, NomeEscola, IdMunicipio) values (21027501, 'EMFELICIDADEROSAMIRANDA', 2110203);
insert into tblEscola (IdINEP, NomeEscola, IdMunicipio) values (21027510, 'EMFERNANDOCARDOSO', 2110203);
insert into tblEscola (IdINEP, NomeEscola, IdMunicipio) values (21027528, 'EMHERACLITONINA', 2110203);
insert into tblEscola (IdINEP, NomeEscola, IdMunicipio) values (21027536, 'EMIVARSALDANHA', 2110203);
insert into tblEscola (IdINEP, NomeEscola, IdMunicipio) values (21027544, 'EMANTONIOCOSTARIBEIRO', 2110203);
insert into tblEscola (IdINEP, NomeEscola, IdMunicipio) values (21027587, 'EMJOSERAIMUNDOMUNIZ', 2110203);
insert into tblEscola (IdINEP, NomeEscola, IdMunicipio) values (21027609, 'EMSENHORASANTANA', 2110203);
insert into tblEscola (IdINEP, NomeEscola, IdMunicipio) values (21027625, 'EMMARIAAUXILIADORASRIBEIRO', 2110203);
insert into tblEscola (IdINEP, NomeEscola, IdMunicipio) values (21027633, 'EMMARIANOVAISVIANA', 2110203);
insert into tblEscola (IdINEP, NomeEscola, IdMunicipio) values (21027641, 'EMMARIARAIMUNDASANTOSDEMORAES', 2110203);
insert into tblEscola (IdINEP, NomeEscola, IdMunicipio) values (21027668, 'EMMUNIZSALDANHA', 2110203);
insert into tblEscola (IdINEP, NomeEscola, IdMunicipio) values (21027676, 'EMORLANDOAQUINO', 2110203);
insert into tblEscola (IdINEP, NomeEscola, IdMunicipio) values (21027684, 'EMORLANDOGASILEUDECARVALHO', 2110203);
insert into tblEscola (IdINEP, NomeEscola, IdMunicipio) values (21027692, 'EMPEDRODOMINGOSLOPES', 2110203);
insert into tblEscola (IdINEP, NomeEscola, IdMunicipio) values (21027706, 'EMPEDROMENDES', 2110203);
insert into tblEscola (IdINEP, NomeEscola, IdMunicipio) values (21027722, 'EMRAULFERREIRA', 2110203);
insert into tblEscola (IdINEP, NomeEscola, IdMunicipio) values (21027749, 'EMSAOBENEDITO', 2110203);
insert into tblEscola (IdINEP, NomeEscola, IdMunicipio) values (21027765, 'EMSAOSEBASTIAO', 2110203);
insert into tblEscola (IdINEP, NomeEscola, IdMunicipio) values (21027773, 'EMSTAFILOMENA', 2110203);
insert into tblEscola (IdINEP, NomeEscola, IdMunicipio) values (21027781, 'EMSTOANTONIO', 2110203);
insert into tblEscola (IdINEP, NomeEscola, IdMunicipio) values (21027790, 'EMVENERANDOMACHADOCANTANHEDE', 2110203);
insert into tblEscola (IdINEP, NomeEscola, IdMunicipio) values (21027811, 'INSTITUTODEEDUCAÇÃOOSEMEADOR', 2110203);
insert into tblEscola (IdINEP, NomeEscola, IdMunicipio) values (21027838, 'EMANTONIOMUNIZDECARVALHO', 2110203);
insert into tblEscola (IdINEP, NomeEscola, IdMunicipio) values (21027846, 'EMFRANCISCOCARVALHODIAS', 2110203);
insert into tblEscola (IdINEP, NomeEscola, IdMunicipio) values (21027854, 'EMJOSEFAUSTINODACOSTA', 2110203);
insert into tblEscola (IdINEP, NomeEscola, IdMunicipio) values (21027862, 'EMNAUZIRIOSILVA', 2110203);
insert into tblEscola (IdINEP, NomeEscola, IdMunicipio) values (21027870, 'EMPADROEIRASTARITA', 2110203);
insert into tblEscola (IdINEP, NomeEscola, IdMunicipio) values (21027897, 'JIBALAOMAGICO', 2110203);
insert into tblEscola (IdINEP, NomeEscola, IdMunicipio) values (21027919, 'JISOSSEGODAMAMAE', 2110203);
insert into tblEscola (IdINEP, NomeEscola, IdMunicipio) values (21027927, 'JISTARITA', 2110203);
insert into tblEscola (IdINEP, NomeEscola, IdMunicipio) values (21027935, 'UEPROFªMARIARAIMUNDAMELOSANTOS', 2110203);
insert into tblEscola (IdINEP, NomeEscola, IdMunicipio) values (21027943, 'CEJOAOBATISTADECARVALHO-CEMA', 2110203);
insert into tblEscola (IdINEP, NomeEscola, IdMunicipio) values (21027960, 'EMJOSEDEALENCAR', 2110203);
insert into tblEscola (IdINEP, NomeEscola, IdMunicipio) values (21027978, 'CEMONSDOURADO', 2110203);
insert into tblEscola (IdINEP, NomeEscola, IdMunicipio) values (21191273, 'EMJOSEDOSREISCARVALHO', 2110203);
insert into tblEscola (IdINEP, NomeEscola, IdMunicipio) values (21191287, 'EMRAIMUNDAPIRESTORRES', 2110203);
insert into tblEscola (IdINEP, NomeEscola, IdMunicipio) values (21192580, 'UESTARITADECASSIA', 2110203);
insert into tblEscola (IdINEP, NomeEscola, IdMunicipio) values (21202710, 'EMNIVALDOVDESENA', 2110203);
insert into tblEscola (IdINEP, NomeEscola, IdMunicipio) values (21223661, 'EMMANOELDUTRA', 2110203);
insert into tblEscola (IdINEP, NomeEscola, IdMunicipio) values (21223670, 'EMSANTALUZIA', 2110203);
insert into tblEscola (IdINEP, NomeEscola, IdMunicipio) values (21223688, 'EMDRWADYSAUAIA', 2110203);
insert into tblEscola (IdINEP, NomeEscola, IdMunicipio) values (21223696, 'EMMIGUELMARTINSSANTOS', 2110203);
insert into tblEscola (IdINEP, NomeEscola, IdMunicipio) values (21223700, 'EMDRHILTONPINHEIROCOSTA', 2110203);
insert into tblEscola (IdINEP, NomeEscola, IdMunicipio) values (21230145, 'EMSENADOREDSONLOBAO', 2110203);
insert into tblEscola (IdINEP, NomeEscola, IdMunicipio) values (21230170, 'EMGUERREIROJUNIOR', 2110203);
insert into tblEscola (IdINEP, NomeEscola, IdMunicipio) values (21230188, 'JITIANANA', 2110203);
insert into tblEscola (IdINEP, NomeEscola, IdMunicipio) values (21230196, 'ESCOLINHAPEQUENOPRINCIPE', 2110203);
insert into tblEscola (IdINEP, NomeEscola, IdMunicipio) values (21239517, 'EMEDISONLOBAO', 2110203);
insert into tblEscola (IdINEP, NomeEscola, IdMunicipio) values (21247935, 'CEMONSENHORDOURADOANEXO', 2110203);
insert into tblEscola (IdINEP, NomeEscola, IdMunicipio) values (21252394, 'ECNSRADACONCEICAO', 2110203);
insert into tblEscola (IdINEP, NomeEscola, IdMunicipio) values (21256900, 'EMRAIMUNDOBASTO', 2110203);
insert into tblEscola (IdINEP, NomeEscola, IdMunicipio) values (21260770, 'ECDEREDENÇÃOECONJUNTO', 2110203);
insert into tblEscola (IdINEP, NomeEscola, IdMunicipio) values (21262810, 'EMPRESIDENTEVARGAS', 2110203);
insert into tblEscola (IdINEP, NomeEscola, IdMunicipio) values (21319227, 'ESCOLAQIUILOMBOLAZUMBIDOSPALMARES', 2110203);
insert into tblEscola (IdINEP, NomeEscola, IdMunicipio) values (21329800, 'CRECHETIAJOANITA', 2110203);
insert into tblEscola (IdINEP, NomeEscola, IdMunicipio) values (22034820, 'EDUCANDÁRIOSANTAHELENA', 2202604);
insert into tblEscola (IdINEP, NomeEscola, IdMunicipio) values (22034838, 'UNIDESCJOSEFURTADODEMENDONÇA', 2202604);
insert into tblEscola (IdINEP, NomeEscola, IdMunicipio) values (22034919, 'ESCMULFRANCISCOCARDOSODEVASCONCELOS', 2202604);
insert into tblEscola (IdINEP, NomeEscola, IdMunicipio) values (22035010, 'INSTITUTOCASTELENSEDEENSINO', 2202604);
insert into tblEscola (IdINEP, NomeEscola, IdMunicipio) values (22035036, 'UNIDADEESCOLARPROFESSORAJANOCALIMA', 2202604);
insert into tblEscola (IdINEP, NomeEscola, IdMunicipio) values (22035052, 'UNIDESCANTONIOLUIZDEABREU', 2202604);
insert into tblEscola (IdINEP, NomeEscola, IdMunicipio) values (22035060, 'UNIDESCANGELOFRANCISCODASILVA', 2202604);
insert into tblEscola (IdINEP, NomeEscola, IdMunicipio) values (22035079, 'UNIDESCLINACLARAGAYOSO', 2202604);
insert into tblEscola (IdINEP, NomeEscola, IdMunicipio) values (22035087, 'UNIDESCANTONIOCORREIADESOUSA', 2202604);
insert into tblEscola (IdINEP, NomeEscola, IdMunicipio) values (22035133, 'UNIDESCJOSEFRANCISCODASILVA', 2202604);
insert into tblEscola (IdINEP, NomeEscola, IdMunicipio) values (22035141, 'UNIDESCHIBERNONCUNHAARAUJO', 2202604);
insert into tblEscola (IdINEP, NomeEscola, IdMunicipio) values (22035150, 'UNIDESCRAIMUNDOALVARESDEMLIMA', 2202604);
insert into tblEscola (IdINEP, NomeEscola, IdMunicipio) values (22035192, 'UNIDESCEUCLIDESNOGUEIRAMAIA', 2202604);
insert into tblEscola (IdINEP, NomeEscola, IdMunicipio) values (22035222, 'UNIDESCIRENERODRIGUESCUNHA', 2202604);
insert into tblEscola (IdINEP, NomeEscola, IdMunicipio) values (22035265, 'UNIDESCDAMIAOMARQUESDEPINHO', 2202604);
insert into tblEscola (IdINEP, NomeEscola, IdMunicipio) values (22035273, 'UNIDESCSIMÃOSOARESDASILVA', 2202604);
insert into tblEscola (IdINEP, NomeEscola, IdMunicipio) values (22035290, 'UNIDESCMARIARUFINADASILVA', 2202604);
insert into tblEscola (IdINEP, NomeEscola, IdMunicipio) values (22035303, 'UNIDESCCONRADOALVESDACRUZ', 2202604);
insert into tblEscola (IdINEP, NomeEscola, IdMunicipio) values (22035338, 'UNIDESCNICOLAUFERREIRADEARAUJO', 2202604);
insert into tblEscola (IdINEP, NomeEscola, IdMunicipio) values (22035346, 'UNIDESCJOAOFERREIRALIMA', 2202604);
insert into tblEscola (IdINEP, NomeEscola, IdMunicipio) values (22035362, 'UNIDESCMARIADEVASCONCELOSPASSOS', 2202604);
insert into tblEscola (IdINEP, NomeEscola, IdMunicipio) values (22035370, 'UNIDESCANDREPEREIRADASILVA', 2202604);
insert into tblEscola (IdINEP, NomeEscola, IdMunicipio) values (22035397, 'UNIDESCANTONIOSOARESDOSREIS', 2202604);
insert into tblEscola (IdINEP, NomeEscola, IdMunicipio) values (22035400, 'UNIDESCPEDROSOARESDASILVA', 2202604);
insert into tblEscola (IdINEP, NomeEscola, IdMunicipio) values (22035460, 'UNIDESCPEDRODEPAIVAVIEIRA', 2202604);
insert into tblEscola (IdINEP, NomeEscola, IdMunicipio) values (22035478, 'UNIDESCFRANCISCADEMORAIS', 2202604);
insert into tblEscola (IdINEP, NomeEscola, IdMunicipio) values (22035494, 'UNIDESCCONRADOSOARESDASILVA', 2202604);
insert into tblEscola (IdINEP, NomeEscola, IdMunicipio) values (22035508, 'UNIDESCDESANTAISABEL', 2202604);
insert into tblEscola (IdINEP, NomeEscola, IdMunicipio) values (22035516, 'UNIDESCMANOELGOMESDASILVA', 2202604);
insert into tblEscola (IdINEP, NomeEscola, IdMunicipio) values (22035567, 'UNIDESCFRANCISCOLUIZDESOUZA', 2202604);
insert into tblEscola (IdINEP, NomeEscola, IdMunicipio) values (22035575, 'UNIDESCPROFAHILDACARDOSOVIEIRA', 2202604);
insert into tblEscola (IdINEP, NomeEscola, IdMunicipio) values (22035583, 'UNIDESCFRANCISCOSALESMARTINS', 2202604);
insert into tblEscola (IdINEP, NomeEscola, IdMunicipio) values (22035591, 'UNIDESCGABRIELLIMA', 2202604);
insert into tblEscola (IdINEP, NomeEscola, IdMunicipio) values (22035605, 'UNIDESCJOÃOSOARESDEBRITO', 2202604);
insert into tblEscola (IdINEP, NomeEscola, IdMunicipio) values (22035630, 'UNIDESCMATEUSPEREIRADASILVA', 2202604);
insert into tblEscola (IdINEP, NomeEscola, IdMunicipio) values (22035648, 'UNIDESCMILTONLIMA', 2202604);
insert into tblEscola (IdINEP, NomeEscola, IdMunicipio) values (22035656, 'UNIDESCJOSEGUABARACARDOSO', 2202604);
insert into tblEscola (IdINEP, NomeEscola, IdMunicipio) values (22035702, 'UNIDESCEULINACAMPOS', 2202604);
insert into tblEscola (IdINEP, NomeEscola, IdMunicipio) values (22035710, 'UNIDESCPEEXPEDITOCARNEIRODEAGUIAR', 2202604);
insert into tblEscola (IdINEP, NomeEscola, IdMunicipio) values (22035729, 'UNIDESCVERENOQUEGONCALVESMINEIRO', 2202604);
insert into tblEscola (IdINEP, NomeEscola, IdMunicipio) values (22035761, 'UNIDESCJOSÉMIGUELDOSREIS', 2202604);
insert into tblEscola (IdINEP, NomeEscola, IdMunicipio) values (22035770, 'UNIDESCOLINDASALESCOSTA', 2202604);
insert into tblEscola (IdINEP, NomeEscola, IdMunicipio) values (22035788, 'UNIDESCVENANCIOSOARESDESOUSA', 2202604);
insert into tblEscola (IdINEP, NomeEscola, IdMunicipio) values (22035800, 'UNIDESCRAIMUNDOJOSEDASILVA', 2202604);
insert into tblEscola (IdINEP, NomeEscola, IdMunicipio) values (22035818, 'UNIDESCJOSEGEOVANEPORTELAMACHADO', 2202604);
insert into tblEscola (IdINEP, NomeEscola, IdMunicipio) values (22035834, 'UNIDESCMARINOFELIX', 2202604);
insert into tblEscola (IdINEP, NomeEscola, IdMunicipio) values (22035850, 'UNIDESCJOAQUIMBALBINOMINEIRO', 2202604);
insert into tblEscola (IdINEP, NomeEscola, IdMunicipio) values (22035877, 'UNIDESCGABRIELALVESDEMACEDO', 2202604);
insert into tblEscola (IdINEP, NomeEscola, IdMunicipio) values (22035893, 'UNIDESCTOMAZALVESDOSREIS', 2202604);
insert into tblEscola (IdINEP, NomeEscola, IdMunicipio) values (22035907, 'UNIDESCCONEGOCARDOSO', 2202604);
insert into tblEscola (IdINEP, NomeEscola, IdMunicipio) values (22035923, 'UNIDESCPROFPIRESGAYOSO', 2202604);
insert into tblEscola (IdINEP, NomeEscola, IdMunicipio) values (22105163, 'UNIDESCFRANCISCOLUIZDEABREU', 2202604);
insert into tblEscola (IdINEP, NomeEscola, IdMunicipio) values (22105204, 'UNIDESCJOSEPEREIRAMILANEZ', 2202604);
insert into tblEscola (IdINEP, NomeEscola, IdMunicipio) values (22114564, 'UNIDESCALBERTODEGAYOSOEALMENDRA', 2202604);
insert into tblEscola (IdINEP, NomeEscola, IdMunicipio) values (22116753, 'UNIDESCCICEROFRANCISCODASILVA', 2202604);
insert into tblEscola (IdINEP, NomeEscola, IdMunicipio) values (22116770, 'UNIDESCTENENTEAUGUSTOLEITEDESA', 2202604);
insert into tblEscola (IdINEP, NomeEscola, IdMunicipio) values (22116788, 'UNIDESCPROFVICENTESOARESDOMONTE', 2202604);
insert into tblEscola (IdINEP, NomeEscola, IdMunicipio) values (22116796, 'UNIDESCHUMBERTOLIMA', 2202604);
insert into tblEscola (IdINEP, NomeEscola, IdMunicipio) values (22122184, 'COLEGIOSANTARITALTDA', 2202604);
insert into tblEscola (IdINEP, NomeEscola, IdMunicipio) values (22122206, 'CRECHEMILTONLIMA', 2202604);
insert into tblEscola (IdINEP, NomeEscola, IdMunicipio) values (22122214, 'CRECHEJOSESOARESDOSREIS', 2202604);
insert into tblEscola (IdINEP, NomeEscola, IdMunicipio) values (22122222, 'PREESCFRANCISCOSALESMARTINS', 2202604);
insert into tblEscola (IdINEP, NomeEscola, IdMunicipio) values (22122230, 'CRECHELAGOADOFRIO', 2202604);
insert into tblEscola (IdINEP, NomeEscola, IdMunicipio) values (22122249, 'CRECHECUMBEDEBAIXO', 2202604);
insert into tblEscola (IdINEP, NomeEscola, IdMunicipio) values (22122265, 'CRECHEMANGUEIRA', 2202604);
insert into tblEscola (IdINEP, NomeEscola, IdMunicipio) values (22122281, 'CRECHEAÇUDEMAOCORTADA', 2202604);
insert into tblEscola (IdINEP, NomeEscola, IdMunicipio) values (22122338, 'CRECHESAOMATEUS', 2202604);
insert into tblEscola (IdINEP, NomeEscola, IdMunicipio) values (22122346, 'CRECHESANTAFE', 2202604);
insert into tblEscola (IdINEP, NomeEscola, IdMunicipio) values (22122354, 'CRECHEBOMJARDIM', 2202604);
insert into tblEscola (IdINEP, NomeEscola, IdMunicipio) values (22122362, 'CRECHEFRANCISCOSALESMARTINS', 2202604);
insert into tblEscola (IdINEP, NomeEscola, IdMunicipio) values (22122389, 'UNIDESCMARIANOJOSEDASILVA', 2202604);
insert into tblEscola (IdINEP, NomeEscola, IdMunicipio) values (22125639, 'UNIDADEESCVEREADORWALDEMARSALLES', 2202604);
insert into tblEscola (IdINEP, NomeEscola, IdMunicipio) values (22127178, 'UNID.ESC.PROFESSORAJANOCALIMA', 2202604);
insert into tblEscola (IdINEP, NomeEscola, IdMunicipio) values (22127186, 'UNIDESCPADREEXPEDITOCARNEIRODEAGUIAR', 2202604);
insert into tblEscola (IdINEP, NomeEscola, IdMunicipio) values (22127194, 'UNIDESCFELIXJOSENONATO', 2202604);
insert into tblEscola (IdINEP, NomeEscola, IdMunicipio) values (22131612, 'UNIDESCLUISBEZERRADEPAIVA', 2202604);
insert into tblEscola (IdINEP, NomeEscola, IdMunicipio) values (22131620, 'UNIDESCABILIOPEDREIRASVERASFILHO', 2202604);
insert into tblEscola (IdINEP, NomeEscola, IdMunicipio) values (22135308, 'UNIDESCPROFªOSMARINAVIEIRADESOUZAMOREIRA', 2202604);
insert into tblEscola (IdINEP, NomeEscola, IdMunicipio) values (22137050, 'PREESCOLAJOAQUIMBALBINOMINEIRO', 2202604);
insert into tblEscola (IdINEP, NomeEscola, IdMunicipio) values (22140255, 'ESCOLAMUNICIPALDECARAÍBAS', 2202604);
insert into tblEscola (IdINEP, NomeEscola, IdMunicipio) values (25000349, 'EEEFMPADREARISTIDES', 2502300);
insert into tblEscola (IdINEP, NomeEscola, IdMunicipio) values (25000357, 'EEEFDEOITICICA', 2502300);
insert into tblEscola (IdINEP, NomeEscola, IdMunicipio) values (25000365, 'EEEFDEMANOELPEREIRAMORENO', 2502300);
insert into tblEscola (IdINEP, NomeEscola, IdMunicipio) values (25000373, 'EEEFDRJOSÉPAZDELIMA', 2502300);
insert into tblEscola (IdINEP, NomeEscola, IdMunicipio) values (25000403, 'ESCMULFRANCISCOTIMÓTEODASILVA', 2502300);
insert into tblEscola (IdINEP, NomeEscola, IdMunicipio) values (25000411, 'ESCMULJANUNCIOPAULODEALMEIDA', 2502300);
insert into tblEscola (IdINEP, NomeEscola, IdMunicipio) values (25000420, 'ESCMULJOAQUIMJOSÉDACOSTA', 2502300);
insert into tblEscola (IdINEP, NomeEscola, IdMunicipio) values (25000446, 'ESCMULMANOELPEREIRAFILHO', 2502300);
insert into tblEscola (IdINEP, NomeEscola, IdMunicipio) values (25000470, 'ESCMULANTONIOVIEIRAFILHO', 2502300);
insert into tblEscola (IdINEP, NomeEscola, IdMunicipio) values (25000489, 'ESCMULAURELIANOLEÃODELIMA', 2502300);
insert into tblEscola (IdINEP, NomeEscola, IdMunicipio) values (25000497, 'ESCMULBALBINADEA.OLIVEIRA', 2502300);
insert into tblEscola (IdINEP, NomeEscola, IdMunicipio) values (25000500, 'GRESCCRISPIMGONÇALVESDEALMEIDA', 2502300);
insert into tblEscola (IdINEP, NomeEscola, IdMunicipio) values (25000519, 'ESCMULDRBIANORWANDERLEY', 2502300);
insert into tblEscola (IdINEP, NomeEscola, IdMunicipio) values (25000527, 'EMEIEFFRANCISCOFERREIRADACRUZ', 2502300);
insert into tblEscola (IdINEP, NomeEscola, IdMunicipio) values (25000543, 'ESCMULMARIADASILVAMONTEIRO', 2502300);
insert into tblEscola (IdINEP, NomeEscola, IdMunicipio) values (25000551, 'ESCMULMARIADELOURDESWANDERLEY', 2502300);
insert into tblEscola (IdINEP, NomeEscola, IdMunicipio) values (25000560, 'GRESCPEDROCAETANODASILVA', 2502300);
insert into tblEscola (IdINEP, NomeEscola, IdMunicipio) values (25000586, 'GRESCJOSÉABRANTESFERREIRA', 2502300);
insert into tblEscola (IdINEP, NomeEscola, IdMunicipio) values (25000594, 'EMEIEFJOSEHENRIQUEDASILVA', 2502300);
insert into tblEscola (IdINEP, NomeEscola, IdMunicipio) values (25108980, 'ESCOFICINADOSABER', 2502300);
insert into tblEscola (IdINEP, NomeEscola, IdMunicipio) values (25114549, 'ESCMULVICENTEBERNARDODEOLIVEIRA', 2502300);
insert into tblEscola (IdINEP, NomeEscola, IdMunicipio) values (26097257, 'ESCOLADRANTHENORGUIMARAES', 2601409);
insert into tblEscola (IdINEP, NomeEscola, IdMunicipio) values (26097281, 'COLÉGIOMUNICIPALJOSÉCANUTO', 2601409);
insert into tblEscola (IdINEP, NomeEscola, IdMunicipio) values (26097290, 'COLEGIOSAOJOSE', 2601409);
insert into tblEscola (IdINEP, NomeEscola, IdMunicipio) values (26097311, 'ESCOLAAGROTECNICAFEDERALDEBARREIROS', 2601409);
insert into tblEscola (IdINEP, NomeEscola, IdMunicipio) values (26097320, 'ESCOLAALUIZIOCAMBOIM', 2601409);
insert into tblEscola (IdINEP, NomeEscola, IdMunicipio) values (26097346, 'ESCOLACONSELHEIROEUCLIDESCELSO', 2601409);
insert into tblEscola (IdINEP, NomeEscola, IdMunicipio) values (26097354, 'ESCOLACRISTIANOBARBOSAESILVA', 2601409);
insert into tblEscola (IdINEP, NomeEscola, IdMunicipio) values (26097362, 'ESCOLADOMINGOSTENORIO', 2601409);
insert into tblEscola (IdINEP, NomeEscola, IdMunicipio) values (26097370, 'ESCOLAHELIOSANTIAGORAMOS', 2601409);
insert into tblEscola (IdINEP, NomeEscola, IdMunicipio) values (26097397, 'ESCOLAJOAOPAULOII', 2601409);
insert into tblEscola (IdINEP, NomeEscola, IdMunicipio) values (26097400, 'ESCOLAJOAOXXIII', 2601409);
insert into tblEscola (IdINEP, NomeEscola, IdMunicipio) values (26097419, 'ESCOLAJOSEDELIMACEZAR', 2601409);
insert into tblEscola (IdINEP, NomeEscola, IdMunicipio) values (26097427, 'ESCOLALUCIABEZERRADEMELLO', 2601409);
insert into tblEscola (IdINEP, NomeEscola, IdMunicipio) values (26097435, 'LUIZLINSDEMENDONCA', 2601409);
insert into tblEscola (IdINEP, NomeEscola, IdMunicipio) values (26097443, 'LUIZALINSDEMENDONÇA', 2601409);
insert into tblEscola (IdINEP, NomeEscola, IdMunicipio) values (26097451, 'ESCOLAMARIACLARABEZERRADEMELLO', 2601409);
insert into tblEscola (IdINEP, NomeEscola, IdMunicipio) values (26097460, 'ESCOLAMARIAELIZAPEDROSA', 2601409);
insert into tblEscola (IdINEP, NomeEscola, IdMunicipio) values (26097478, 'ESCOLAMARIAJOSEGALDINO', 2601409);
insert into tblEscola (IdINEP, NomeEscola, IdMunicipio) values (26097486, 'ESCOLAMIGUELVERCOSADELIMA', 2601409);
insert into tblEscola (IdINEP, NomeEscola, IdMunicipio) values (26097494, 'ESCOLAMINIMAPRACINHA', 2601409);
insert into tblEscola (IdINEP, NomeEscola, IdMunicipio) values (26097508, 'ESCOLAMUNICIPALEMILIOGERALDOPEREIRA', 2601409);
insert into tblEscola (IdINEP, NomeEscola, IdMunicipio) values (26097516, 'ESCOLAMUNICIPALPROFªANAMªDEMORAESMELO', 2601409);
insert into tblEscola (IdINEP, NomeEscola, IdMunicipio) values (26097524, 'ESCOLAMUNICIPALFRANCISCOAPRIGIO', 2601409);
insert into tblEscola (IdINEP, NomeEscola, IdMunicipio) values (26097532, 'ESCOLAMUNICIPALAYRESBELLO', 2601409);
insert into tblEscola (IdINEP, NomeEscola, IdMunicipio) values (26097540, 'ESCOLAMUNICIPALLUIZBEZERRADEMELLO', 2601409);
insert into tblEscola (IdINEP, NomeEscola, IdMunicipio) values (26097567, 'ESCOLANOSSASENHORAROSAMÍSTICA', 2601409);
insert into tblEscola (IdINEP, NomeEscola, IdMunicipio) values (26097575, 'ESCOLANOSSASRADACONCEICAO', 2601409);
insert into tblEscola (IdINEP, NomeEscola, IdMunicipio) values (26097583, 'ESCOLAPEDROVIEIRADEMELO', 2601409);
insert into tblEscola (IdINEP, NomeEscola, IdMunicipio) values (26097591, 'ESCPROFJOAQUIMAUGUSTONORONHAFILHO', 2601409);
insert into tblEscola (IdINEP, NomeEscola, IdMunicipio) values (26097605, 'ESCOLAMUNICIPALSAOGONCALO', 2601409);
insert into tblEscola (IdINEP, NomeEscola, IdMunicipio) values (26097613, 'ESCOLAMUNICIPALMARIAJOSEVICENTE', 2601409);
insert into tblEscola (IdINEP, NomeEscola, IdMunicipio) values (26097621, 'ESCOLANOSSASENHORADOCARMO', 2601409);
insert into tblEscola (IdINEP, NomeEscola, IdMunicipio) values (26097630, 'ESCOLAMULTEREZINHAGONÇALVESDECARVALHO', 2601409);
insert into tblEscola (IdINEP, NomeEscola, IdMunicipio) values (26097656, 'ESCOLAMUNICIPALJOELCARLSON', 2601409);
insert into tblEscola (IdINEP, NomeEscola, IdMunicipio) values (26097664, 'ESCOLAMUNICIPALJOAOFRANCISCODASILVA', 2601409);
insert into tblEscola (IdINEP, NomeEscola, IdMunicipio) values (26097672, 'ESCOLAMUNICIPALJORNALISTARICARDOVALENÇA', 2601409);
insert into tblEscola (IdINEP, NomeEscola, IdMunicipio) values (26097702, 'CENTROEDUCACIONALPETERPAN', 2601409);
insert into tblEscola (IdINEP, NomeEscola, IdMunicipio) values (26097710, 'ESCOLACENTRALBARREIROS', 2601409);
insert into tblEscola (IdINEP, NomeEscola, IdMunicipio) values (26097737, 'ESCOLASANTAINEZ', 2601409);
insert into tblEscola (IdINEP, NomeEscola, IdMunicipio) values (26097761, 'ESCOLAEUGENIOSEVEROLOPES', 2601409);
insert into tblEscola (IdINEP, NomeEscola, IdMunicipio) values (26097770, 'ESCOLAJOAOJOSEDASILVA', 2601409);
insert into tblEscola (IdINEP, NomeEscola, IdMunicipio) values (26097796, 'ESCOLAMANOELMARINHO', 2601409);
insert into tblEscola (IdINEP, NomeEscola, IdMunicipio) values (26097800, 'ESCOLAMARIAENGRACIAPASSOS', 2601409);
insert into tblEscola (IdINEP, NomeEscola, IdMunicipio) values (26097818, 'ESCOLAMUNICIPALFERNANDODEMENDONCAVASCONCELOS', 2601409);
insert into tblEscola (IdINEP, NomeEscola, IdMunicipio) values (26097826, 'ESCOLAMUNICIPALBOASORTE', 2601409);
insert into tblEscola (IdINEP, NomeEscola, IdMunicipio) values (26097834, 'ESCOLAMUNICIPALEMILIAGALVAO', 2601409);
insert into tblEscola (IdINEP, NomeEscola, IdMunicipio) values (26097850, 'ESCOLASAODOMINGOS', 2601409);
insert into tblEscola (IdINEP, NomeEscola, IdMunicipio) values (26103621, 'ESCOLAJOAOPAULOI', 2601409);
insert into tblEscola (IdINEP, NomeEscola, IdMunicipio) values (26103796, 'ESCOLAPIOXII', 2601409);
insert into tblEscola (IdINEP, NomeEscola, IdMunicipio) values (26134231, 'ESCOLACONSTRUCAODOSABER', 2601409);
insert into tblEscola (IdINEP, NomeEscola, IdMunicipio) values (26141604, 'CRECHEAUREOCELSOCIRNE', 2601409);
insert into tblEscola (IdINEP, NomeEscola, IdMunicipio) values (26141957, 'CENTRODEAPRENDIZAGEMPRIMARIA-CAP', 2601409);
insert into tblEscola (IdINEP, NomeEscola, IdMunicipio) values (26145545, 'MARIABENEDITACAVALCANTELOPES', 2601409);
insert into tblEscola (IdINEP, NomeEscola, IdMunicipio) values (26145570, 'ESCOLACORAÇAODEJESUS', 2601409);
insert into tblEscola (IdINEP, NomeEscola, IdMunicipio) values (26145596, 'CENTROEDUCACIONALDISNEYLANDIA', 2601409);
insert into tblEscola (IdINEP, NomeEscola, IdMunicipio) values (26145600, 'ESCOLANOVACAMUTENGUE', 2601409);
insert into tblEscola (IdINEP, NomeEscola, IdMunicipio) values (26146851, 'EDUCANDARIOSANTOSDUMONT', 2601409);
insert into tblEscola (IdINEP, NomeEscola, IdMunicipio) values (26150000, 'CENTROEDUCACIONALSABERCONSTRUIR', 2601409);
insert into tblEscola (IdINEP, NomeEscola, IdMunicipio) values (26150026, 'COLEGIOSAOLUCAS', 2601409);
insert into tblEscola (IdINEP, NomeEscola, IdMunicipio) values (26154455, 'COLEGIOFILHOSDEDAVID', 2601409);
insert into tblEscola (IdINEP, NomeEscola, IdMunicipio) values (26156199, 'EDUCANDARIOVITORIAREGIA', 2601409);
insert into tblEscola (IdINEP, NomeEscola, IdMunicipio) values (26166127, 'ESCOLAMUNICIPALMIGUELMENDONÇADEMELO', 2601409);
insert into tblEscola (IdINEP, NomeEscola, IdMunicipio) values (26169177, 'CENTROEDUCACIONALPRIMEIROSPASSOS', 2601409);
insert into tblEscola (IdINEP, NomeEscola, IdMunicipio) values (26169185, 'ESCOLACOMUNITÁRIAMARIAQUITÉRIA', 2601409);
insert into tblEscola (IdINEP, NomeEscola, IdMunicipio) values (26171775, 'CRECHEPERFEITAALEGRIA', 2601409);
insert into tblEscola (IdINEP, NomeEscola, IdMunicipio) values (26178044, 'EDUCANDARIOPASTORJOSEBASILIO', 2601409);
insert into tblEscola (IdINEP, NomeEscola, IdMunicipio) values (26178125, 'ESCOLAMULERCILIACLIMACODESALBUQUERQUE', 2601409);
insert into tblEscola (IdINEP, NomeEscola, IdMunicipio) values (29013887, 'COLEGIOESTADUALFRANCISCOM.ALVES', 2917359);
insert into tblEscola (IdINEP, NomeEscola, IdMunicipio) values (29013895, 'ESCOLAMUNICIPALNECYNOVAIS', 2917359);
insert into tblEscola (IdINEP, NomeEscola, IdMunicipio) values (29013909, 'ESCMUL12DEMAIO', 2917359);
insert into tblEscola (IdINEP, NomeEscola, IdMunicipio) values (29013925, 'ESCOLAMULPRIMAVERA', 2917359);
insert into tblEscola (IdINEP, NomeEscola, IdMunicipio) values (29013941, 'ESCMULJOSEDEANCHIETA', 2917359);
insert into tblEscola (IdINEP, NomeEscola, IdMunicipio) values (29013950, 'ESCOLAFRANCISCORIBEIRODACRUZ', 2917359);
insert into tblEscola (IdINEP, NomeEscola, IdMunicipio) values (29013968, 'ESCMULJOSEALVES', 2917359);
insert into tblEscola (IdINEP, NomeEscola, IdMunicipio) values (29013984, 'ESCMUNMARIAQUITERIA', 2917359);
insert into tblEscola (IdINEP, NomeEscola, IdMunicipio) values (29013992, 'ESCMUNPADREVICTOR', 2917359);
insert into tblEscola (IdINEP, NomeEscola, IdMunicipio) values (29014026, 'ESCMULSAOTOMAS', 2917359);
insert into tblEscola (IdINEP, NomeEscola, IdMunicipio) values (29014034, 'ESCMULTANCREDONEVES', 2917359);
insert into tblEscola (IdINEP, NomeEscola, IdMunicipio) values (29014042, 'ESCMUNICIPAL3DEMAIO', 2917359);
insert into tblEscola (IdINEP, NomeEscola, IdMunicipio) values (29014050, 'ESCMUNNAZARE', 2917359);
insert into tblEscola (IdINEP, NomeEscola, IdMunicipio) values (29014069, 'ESCOLAMUNICIPALPIOXII', 2917359);
insert into tblEscola (IdINEP, NomeEscola, IdMunicipio) values (29014077, 'ESCMUNICIPALSAODESIDERIO', 2917359);
insert into tblEscola (IdINEP, NomeEscola, IdMunicipio) values (29014085, 'ESCMUN19DENOVEMBRO', 2917359);
insert into tblEscola (IdINEP, NomeEscola, IdMunicipio) values (29014093, 'ESCMUNMENINOJESUS', 2917359);
insert into tblEscola (IdINEP, NomeEscola, IdMunicipio) values (29014123, 'ESCOLAMUNICIPAL02DEJULHO', 2917359);
insert into tblEscola (IdINEP, NomeEscola, IdMunicipio) values (29014131, 'ESCOLAMUNICIPAL7DESETEMBRO', 2917359);
insert into tblEscola (IdINEP, NomeEscola, IdMunicipio) values (29014140, 'ESCOLAMUNICIPALALVAROCASTRO', 2917359);
insert into tblEscola (IdINEP, NomeEscola, IdMunicipio) values (29014158, 'ESCMULBOMJESUS', 2917359);
insert into tblEscola (IdINEP, NomeEscola, IdMunicipio) values (29014166, 'ESCMULCECILIAMEIRELES', 2917359);
insert into tblEscola (IdINEP, NomeEscola, IdMunicipio) values (29014174, 'ESCOLAMUNICIPALDESANTACLARA', 2917359);
insert into tblEscola (IdINEP, NomeEscola, IdMunicipio) values (29014182, 'ESCMULDOMBOSCO', 2917359);
insert into tblEscola (IdINEP, NomeEscola, IdMunicipio) values (29014204, 'ESCOLAMUNICIPALJOANADARC', 2917359);
insert into tblEscola (IdINEP, NomeEscola, IdMunicipio) values (29334497, 'ESCOLAMULINCONFIDENTES', 2917359);
insert into tblEscola (IdINEP, NomeEscola, IdMunicipio) values (29334543, 'ESCOLAMUN15DENOVEMBRO', 2917359);
insert into tblEscola (IdINEP, NomeEscola, IdMunicipio) values (29334578, 'ESCOLAMULDUQUEDECAXIAS', 2917359);
insert into tblEscola (IdINEP, NomeEscola, IdMunicipio) values (29386136, 'ESCMUNJOAQUIMCANDIDORODRIGUES', 2917359);
insert into tblEscola (IdINEP, NomeEscola, IdMunicipio) values (29403537, 'ESCOLAMUNICIPALDEARROJADINHO', 2917359);
insert into tblEscola (IdINEP, NomeEscola, IdMunicipio) values (29421578, 'ESCOLAOTAVIANOCANDIDORODRIGUES', 2917359);
insert into tblEscola (IdINEP, NomeEscola, IdMunicipio) values (29427703, 'ESCMUNDOLODO', 2917359);
insert into tblEscola (IdINEP, NomeEscola, IdMunicipio) values (29430860, 'ESCMUNCARLOSCHAGAS', 2917359);
insert into tblEscola (IdINEP, NomeEscola, IdMunicipio) values (31141381, 'EMANTONIODAPALMIRA', 3152006);
insert into tblEscola (IdINEP, NomeEscola, IdMunicipio) values (31141399, 'EEMINFRANCISCOCAMPOS', 3152006);
insert into tblEscola (IdINEP, NomeEscola, IdMunicipio) values (31141411, 'EMADELAIDEJOAQUINA', 3152006);
insert into tblEscola (IdINEP, NomeEscola, IdMunicipio) values (31141437, 'EEDONAFRANCISCADEOLIVEIRA', 3152006);
insert into tblEscola (IdINEP, NomeEscola, IdMunicipio) values (31141445, 'EEDRJACINTOCAMPOS', 3152006);
insert into tblEscola (IdINEP, NomeEscola, IdMunicipio) values (31141453, 'EMESTANISLAUCASTELOBRANCO', 3152006);
insert into tblEscola (IdINEP, NomeEscola, IdMunicipio) values (31141461, 'EMJOSEMARIADECARVALHO', 3152006);
insert into tblEscola (IdINEP, NomeEscola, IdMunicipio) values (31141470, 'EEPEDROROBERTODEMENEZES', 3152006);
insert into tblEscola (IdINEP, NomeEscola, IdMunicipio) values (31144681, 'EMOTAVIOALVARESDASILVA', 3152006);
insert into tblEscola (IdINEP, NomeEscola, IdMunicipio) values (31144711, 'EMANTENORDECAMPOSDUTRA', 3152006);
insert into tblEscola (IdINEP, NomeEscola, IdMunicipio) values (31144720, 'EMFRANCISCOPROCOPIOLOBATO', 3152006);
insert into tblEscola (IdINEP, NomeEscola, IdMunicipio) values (31144738, 'EMINACIODEOLIVEIRACAMPOS', 3152006);
insert into tblEscola (IdINEP, NomeEscola, IdMunicipio) values (31144746, 'EMJOAOBATISTASOARES', 3152006);
insert into tblEscola (IdINEP, NomeEscola, IdMunicipio) values (31144754, 'EMPROFAANGELAMARIARCAMPOS', 3152006);
insert into tblEscola (IdINEP, NomeEscola, IdMunicipio) values (31144762, 'EMLAFAIETECORDEIROFILHO', 3152006);
insert into tblEscola (IdINEP, NomeEscola, IdMunicipio) values (31144771, 'EMMIGUELAUGUSTODECAMPOSPINTO', 3152006);
insert into tblEscola (IdINEP, NomeEscola, IdMunicipio) values (31144789, 'EMOMARCAMPOSGUIMARAES', 3152006);
insert into tblEscola (IdINEP, NomeEscola, IdMunicipio) values (31145653, 'INSTRUTHGRASSI', 3152006);
insert into tblEscola (IdINEP, NomeEscola, IdMunicipio) values (31231762, 'EEPAULOCAMPOSGUIMARAES', 3152006);
insert into tblEscola (IdINEP, NomeEscola, IdMunicipio) values (31244309, 'APAEESCPAULOCAMPOSGUIMARAES', 3152006);
insert into tblEscola (IdINEP, NomeEscola, IdMunicipio) values (31259764, 'INSTDEEDUCACAOSTAMARIA', 3152006);
insert into tblEscola (IdINEP, NomeEscola, IdMunicipio) values (31259772, 'ESCOLAARCOIRISLTDA', 3152006);
insert into tblEscola (IdINEP, NomeEscola, IdMunicipio) values (31260291, 'CDEEDUCINFOTIJOLINHO', 3152006);
insert into tblEscola (IdINEP, NomeEscola, IdMunicipio) values (31266744, 'EMTABELIAOJOAOBDAROCHA', 3152006);
insert into tblEscola (IdINEP, NomeEscola, IdMunicipio) values (31292656, 'CENTRODEEDUCACAOINFANTILMUNICIPALVALDELINOALVESDESOUZA', 3152006);
insert into tblEscola (IdINEP, NomeEscola, IdMunicipio) values (31292664, 'CENTRODEEDUCAÇAOINFANTILMUNICIPALLAFAIETEFDOSANTOS', 3152006);
insert into tblEscola (IdINEP, NomeEscola, IdMunicipio) values (31292672, 'CENTRODEEDUCAÇÃOINFANTILMUNICIPALDROSVALDOALVARESDASILVA', 3152006);
insert into tblEscola (IdINEP, NomeEscola, IdMunicipio) values (31292681, 'CENTRODEEDUCAÇÃOINFANTILMUNICIPALMARIAAUREAMENEZES', 3152006);
insert into tblEscola (IdINEP, NomeEscola, IdMunicipio) values (31305171, 'COLMONSDAMATO', 3152006);
insert into tblEscola (IdINEP, NomeEscola, IdMunicipio) values (31305791, 'COLTECSAOFRANCISCODEASSIS', 3152006);
insert into tblEscola (IdINEP, NomeEscola, IdMunicipio) values (31311812, 'CENTRODEEDUCACAOINFANTILMUNICIPALANTONIABARBOSA', 3152006);
insert into tblEscola (IdINEP, NomeEscola, IdMunicipio) values (31328839, 'CENTRODEEDUCAÇÃOINFANTILMUNICIPALFRANCISCOPEREIRASOARES', 3152006);
insert into tblEscola (IdINEP, NomeEscola, IdMunicipio) values (32017219, 'CRECHERAIOSDELUZ', 3204054);
insert into tblEscola (IdINEP, NomeEscola, IdMunicipio) values (32017227, 'EMPEFCHAPEUZINHOVERMELHO', 3204054);
insert into tblEscola (IdINEP, NomeEscola, IdMunicipio) values (32017243, 'EEEFDREDWARDABREUDONASCIMENTO', 3204054);
insert into tblEscola (IdINEP, NomeEscola, IdMunicipio) values (32017251, 'EEEFMFLORESTADOSUL', 3204054);
insert into tblEscola (IdINEP, NomeEscola, IdMunicipio) values (32017260, 'EMEFPROFMARCOSBRUNELLIDAROCHA', 3204054);
insert into tblEscola (IdINEP, NomeEscola, IdMunicipio) values (32017278, 'EMEFFELINTODAMIAO', 3204054);
insert into tblEscola (IdINEP, NomeEscola, IdMunicipio) values (32017286, 'EEEFPEDROCANARIORIBEIRO', 3204054);
insert into tblEscola (IdINEP, NomeEscola, IdMunicipio) values (32017294, 'EMEFPROFGUEDESALCOFORADO', 3204054);
insert into tblEscola (IdINEP, NomeEscola, IdMunicipio) values (32017308, 'EMEFSAOJOAOBATISTA', 3204054);
insert into tblEscola (IdINEP, NomeEscola, IdMunicipio) values (32017316, 'EEEFTRESDEMAIO', 3204054);
insert into tblEscola (IdINEP, NomeEscola, IdMunicipio) values (32017391, 'EEEMMANOELDUARTEDACUNHA', 3204054);
insert into tblEscola (IdINEP, NomeEscola, IdMunicipio) values (32017430, 'EEUEFFAZENDAKALBIN', 3204054);
insert into tblEscola (IdINEP, NomeEscola, IdMunicipio) values (32017480, 'ASSOCIAÇÃOPESTALOZZIVEMVIVER', 3204054);
insert into tblEscola (IdINEP, NomeEscola, IdMunicipio) values (32017499, 'CEUNIAO', 3204054);
insert into tblEscola (IdINEP, NomeEscola, IdMunicipio) values (32017502, 'EMPEFTAQUARAS', 3204054);
insert into tblEscola (IdINEP, NomeEscola, IdMunicipio) values (32017529, 'EEEFMPROFLUIZABASTOSFARIA', 3204054);
insert into tblEscola (IdINEP, NomeEscola, IdMunicipio) values (32017537, 'EMPEFCRISTALDONORTE', 3204054);
insert into tblEscola (IdINEP, NomeEscola, IdMunicipio) values (32070551, 'CEIMPROFNORMILIACUNHASANTOS', 3204054);
insert into tblEscola (IdINEP, NomeEscola, IdMunicipio) values (32070578, 'ASSPROMEEDUCVALEDOITAUNAS', 3204054);
insert into tblEscola (IdINEP, NomeEscola, IdMunicipio) values (32070586, 'CEIMAMELIALUCASFARIA', 3204054);
insert into tblEscola (IdINEP, NomeEscola, IdMunicipio) values (32070926, 'EEPEFCOLUNAPRESTES', 3204054);
insert into tblEscola (IdINEP, NomeEscola, IdMunicipio) values (32070934, 'EEPEFCHEGUEVARA', 3204054);
insert into tblEscola (IdINEP, NomeEscola, IdMunicipio) values (32070942, 'EEPEFCANUDOS', 3204054);
insert into tblEscola (IdINEP, NomeEscola, IdMunicipio) values (32070950, 'EEPEFZUMBIDOSPALMARES', 3204054);
insert into tblEscola (IdINEP, NomeEscola, IdMunicipio) values (32072503, 'ECPEQUENOPRINCIPE', 3204054);
insert into tblEscola (IdINEP, NomeEscola, IdMunicipio) values (32077300, 'CEIMOFICINADESONHOS', 3204054);
insert into tblEscola (IdINEP, NomeEscola, IdMunicipio) values (33012385, 'CIEPBRIZOLAO420JOAQUIMMAIABRANDAO', 3304805);
insert into tblEscola (IdINEP, NomeEscola, IdMunicipio) values (33012393, 'C.E.DESAOFIDELIS', 3304805);
insert into tblEscola (IdINEP, NomeEscola, IdMunicipio) values (33012407, 'C.E.MONTESE', 3304805);
insert into tblEscola (IdINEP, NomeEscola, IdMunicipio) values (33012415, 'COLFIDELENSE', 3304805);
insert into tblEscola (IdINEP, NomeEscola, IdMunicipio) values (33012423, 'EDUCFIDELENSEDEAPRENDCRIATIVA', 3304805);
insert into tblEscola (IdINEP, NomeEscola, IdMunicipio) values (33012458, 'C.E.BARAODEMACAUBAS', 3304805);
insert into tblEscola (IdINEP, NomeEscola, IdMunicipio) values (33012482, 'E.E.JOSEMERCADOR', 3304805);
insert into tblEscola (IdINEP, NomeEscola, IdMunicipio) values (33012504, 'E.M.MESTRAMARIAFIRMINA', 3304805);
insert into tblEscola (IdINEP, NomeEscola, IdMunicipio) values (33012520, 'E.M.PROFJOAOBARRETODASILVA', 3304805);
insert into tblEscola (IdINEP, NomeEscola, IdMunicipio) values (33012539, 'E.M.SAOFIDELISCENTROCLJHESPANHOL', 3304805);
insert into tblEscola (IdINEP, NomeEscola, IdMunicipio) values (33012547, 'E.M.AGUAFRIA', 3304805);
insert into tblEscola (IdINEP, NomeEscola, IdMunicipio) values (33012555, 'E.M.AVELINOTEIXEIRADEOLIVEIRA', 3304805);
insert into tblEscola (IdINEP, NomeEscola, IdMunicipio) values (33012563, 'E.M.BARRADOBRASIL', 3304805);
insert into tblEscola (IdINEP, NomeEscola, IdMunicipio) values (33012571, 'E.M.BELAJOANA', 3304805);
insert into tblEscola (IdINEP, NomeEscola, IdMunicipio) values (33012580, 'E.M.COLDECIMA', 3304805);
insert into tblEscola (IdINEP, NomeEscola, IdMunicipio) values (33012598, 'E.M.CONCEICAO', 3304805);
insert into tblEscola (IdINEP, NomeEscola, IdMunicipio) values (33012601, 'E.M.DRPOLYCARPO', 3304805);
insert into tblEscola (IdINEP, NomeEscola, IdMunicipio) values (33012610, 'E.M.FAZSAOJOSE', 3304805);
insert into tblEscola (IdINEP, NomeEscola, IdMunicipio) values (33012628, 'E.M.ITACOLOMI', 3304805);
insert into tblEscola (IdINEP, NomeEscola, IdMunicipio) values (33012636, 'E.M.PROFISSERRALHEIROJOSECANELA', 3304805);
insert into tblEscola (IdINEP, NomeEscola, IdMunicipio) values (33012644, 'E.M.JOSEPEREIRAWILLEMAN', 3304805);
insert into tblEscola (IdINEP, NomeEscola, IdMunicipio) values (33012652, 'E.M.PROFMDACONCEICAOMCOUTINHO', 3304805);
insert into tblEscola (IdINEP, NomeEscola, IdMunicipio) values (33012660, 'E.M.MARIAJOSEPILARBARRETOPORTO', 3304805);
insert into tblEscola (IdINEP, NomeEscola, IdMunicipio) values (33012679, 'E.M.PALESTINA', 3304805);
insert into tblEscola (IdINEP, NomeEscola, IdMunicipio) values (33012687, 'E.M.PRISCODEALMEIDA', 3304805);
insert into tblEscola (IdINEP, NomeEscola, IdMunicipio) values (33012695, 'E.M.PROFERNESTINAARAUJOVELASCO', 3304805);
insert into tblEscola (IdINEP, NomeEscola, IdMunicipio) values (33012709, 'E.M.RECANTOFELIZ', 3304805);
insert into tblEscola (IdINEP, NomeEscola, IdMunicipio) values (33012717, 'E.M.RIBEIRAODASFLORES', 3304805);
insert into tblEscola (IdINEP, NomeEscola, IdMunicipio) values (33012725, 'E.M.MANOELFRANCANETO', 3304805);
insert into tblEscola (IdINEP, NomeEscola, IdMunicipio) values (33012733, 'E.M.STOALEIXO', 3304805);
insert into tblEscola (IdINEP, NomeEscola, IdMunicipio) values (33012741, 'E.M.TEREZINHAALVES', 3304805);
insert into tblEscola (IdINEP, NomeEscola, IdMunicipio) values (33012750, 'E.M.DEFUTEBOLVIVALDOSEIXAS', 3304805);
insert into tblEscola (IdINEP, NomeEscola, IdMunicipio) values (33012768, 'INSTITUTOPARTICULARDEEDUCAÇÃOUNIFICADA', 3304805);
insert into tblEscola (IdINEP, NomeEscola, IdMunicipio) values (33012776, 'JARDIMINF.ANAPASSOS', 3304805);
insert into tblEscola (IdINEP, NomeEscola, IdMunicipio) values (33012784, 'CRECHEESCOLAANTONIOMEDEIROSDESOUZA', 3304805);
insert into tblEscola (IdINEP, NomeEscola, IdMunicipio) values (33012792, 'CRECHEESCOLAANTONIAGOMESVENANCIOBONFIM', 3304805);
insert into tblEscola (IdINEP, NomeEscola, IdMunicipio) values (33012806, 'CRECHEESCOLAVALDIRVIEIRA', 3304805);
insert into tblEscola (IdINEP, NomeEscola, IdMunicipio) values (33012814, 'ASSOCIAÇÃOPESTALOZZIDESAOFIDELIS', 3304805);
insert into tblEscola (IdINEP, NomeEscola, IdMunicipio) values (33012822, 'E.M.ALBERTORUBIM', 3304805);
insert into tblEscola (IdINEP, NomeEscola, IdMunicipio) values (33012857, 'E.M.PROFROMUALDO', 3304805);
insert into tblEscola (IdINEP, NomeEscola, IdMunicipio) values (33012865, 'E.M.BOAESPERANCA', 3304805);
insert into tblEscola (IdINEP, NomeEscola, IdMunicipio) values (33012873, 'E.M.CAPVALENTIM', 3304805);
insert into tblEscola (IdINEP, NomeEscola, IdMunicipio) values (33012881, 'E.M.FAZSANTALUZIA', 3304805);
insert into tblEscola (IdINEP, NomeEscola, IdMunicipio) values (33012890, 'E.M.JOSEPEREIRADASILVA', 3304805);
insert into tblEscola (IdINEP, NomeEscola, IdMunicipio) values (33012903, 'E.M.MATOALTO', 3304805);
insert into tblEscola (IdINEP, NomeEscola, IdMunicipio) values (33012911, 'E.M.MAURICIOCORTES', 3304805);
insert into tblEscola (IdINEP, NomeEscola, IdMunicipio) values (33012920, 'E.M.MOREIRABRANDAO', 3304805);
insert into tblEscola (IdINEP, NomeEscola, IdMunicipio) values (33012938, 'E.M.PREFERNESTOMACHADO', 3304805);
insert into tblEscola (IdINEP, NomeEscola, IdMunicipio) values (33012946, 'E.M.PROFºCRISPIM', 3304805);
insert into tblEscola (IdINEP, NomeEscola, IdMunicipio) values (33012954, 'E.M.SAOJOAQUIM', 3304805);
insert into tblEscola (IdINEP, NomeEscola, IdMunicipio) values (33012962, 'E.M.SAOMIGUEL', 3304805);
insert into tblEscola (IdINEP, NomeEscola, IdMunicipio) values (33012970, 'E.M.WASHINGTONPONTES', 3304805);
insert into tblEscola (IdINEP, NomeEscola, IdMunicipio) values (33012989, 'E.M.ALBERTINONASCIMENTO', 3304805);
insert into tblEscola (IdINEP, NomeEscola, IdMunicipio) values (33013004, 'E.E.CONSTANTEFONSECA', 3304805);
insert into tblEscola (IdINEP, NomeEscola, IdMunicipio) values (33013020, 'E.M.FRANCISCOHILARIAO', 3304805);
insert into tblEscola (IdINEP, NomeEscola, IdMunicipio) values (33013055, 'E.M.VALAODEAREIA', 3304805);
insert into tblEscola (IdINEP, NomeEscola, IdMunicipio) values (33013063, 'E.M.ARRAIALDESAOSEBASTIAO', 3304805);
insert into tblEscola (IdINEP, NomeEscola, IdMunicipio) values (33013071, 'E.M.CAETETU', 3304805);
insert into tblEscola (IdINEP, NomeEscola, IdMunicipio) values (33013080, 'E.M.FORMOSA', 3304805);
insert into tblEscola (IdINEP, NomeEscola, IdMunicipio) values (33013098, 'E.M.GUYDEPOINTIS', 3304805);
insert into tblEscola (IdINEP, NomeEscola, IdMunicipio) values (33013101, 'E.M.MANOELTEIXEIRADESOUZA', 3304805);
insert into tblEscola (IdINEP, NomeEscola, IdMunicipio) values (33013110, 'E.M.OTAVIOFARIA', 3304805);
insert into tblEscola (IdINEP, NomeEscola, IdMunicipio) values (33013128, 'E.M.PROFDIONEBRITODEALMEIDA', 3304805);
insert into tblEscola (IdINEP, NomeEscola, IdMunicipio) values (33013136, 'E.M.SAPE', 3304805);
insert into tblEscola (IdINEP, NomeEscola, IdMunicipio) values (33013144, 'E.M.VALAODOAMPARO', 3304805);
insert into tblEscola (IdINEP, NomeEscola, IdMunicipio) values (33013152, 'CRECHEESCOLAJOSERANGELBARBOSA', 3304805);
insert into tblEscola (IdINEP, NomeEscola, IdMunicipio) values (33013160, 'C.E.ELVIDIOCOSTA', 3304805);
insert into tblEscola (IdINEP, NomeEscola, IdMunicipio) values (33013195, 'E.E.FAZENDACACONDA', 3304805);
insert into tblEscola (IdINEP, NomeEscola, IdMunicipio) values (33013209, 'E.E.MANOELJOAQUIMDESALLES', 3304805);
insert into tblEscola (IdINEP, NomeEscola, IdMunicipio) values (33013217, 'E.M.PROFPIMENTEL', 3304805);
insert into tblEscola (IdINEP, NomeEscola, IdMunicipio) values (33013225, 'E.E.SANTARITA', 3304805);
insert into tblEscola (IdINEP, NomeEscola, IdMunicipio) values (33013233, 'E.M.GENEROSOJOSEPEREIRA', 3304805);
insert into tblEscola (IdINEP, NomeEscola, IdMunicipio) values (33013241, 'E.M.ANTONIOSOARES', 3304805);
insert into tblEscola (IdINEP, NomeEscola, IdMunicipio) values (33013250, 'E.M.CAMPOALEGRE', 3304805);
insert into tblEscola (IdINEP, NomeEscola, IdMunicipio) values (33013268, 'E.M.MANOELJOSEPEREIRA', 3304805);
insert into tblEscola (IdINEP, NomeEscola, IdMunicipio) values (33013276, 'E.M.SITNSAPARECIDA', 3304805);
insert into tblEscola (IdINEP, NomeEscola, IdMunicipio) values (33013284, 'E.M.VENTUROSA', 3304805);
insert into tblEscola (IdINEP, NomeEscola, IdMunicipio) values (33013292, 'E.M.LUIZGUARINO', 3304805);
insert into tblEscola (IdINEP, NomeEscola, IdMunicipio) values (33013306, 'CRECHEESCOLADONAZIZI', 3304805);
insert into tblEscola (IdINEP, NomeEscola, IdMunicipio) values (33013322, 'C.E.GERAQUECOLLET', 3304805);
insert into tblEscola (IdINEP, NomeEscola, IdMunicipio) values (33013357, 'E.M.PROFMATILDEDESOUZAMERCADOR', 3304805);
insert into tblEscola (IdINEP, NomeEscola, IdMunicipio) values (33013365, 'E.M.TABUINHA', 3304805);
insert into tblEscola (IdINEP, NomeEscola, IdMunicipio) values (33013373, 'E.M.VITALINOVALENTE', 3304805);
insert into tblEscola (IdINEP, NomeEscola, IdMunicipio) values (33013381, 'E.M.ALEIXOPERESEPERES', 3304805);
insert into tblEscola (IdINEP, NomeEscola, IdMunicipio) values (33013390, 'E.M.ANTENORXAVIERPINA', 3304805);
insert into tblEscola (IdINEP, NomeEscola, IdMunicipio) values (33013403, 'E.M.DOURADA', 3304805);
insert into tblEscola (IdINEP, NomeEscola, IdMunicipio) values (33013411, 'E.M.MARIAJALESCOUTO', 3304805);
insert into tblEscola (IdINEP, NomeEscola, IdMunicipio) values (33013420, 'E.M.PRIMOHESPANHOL', 3304805);
insert into tblEscola (IdINEP, NomeEscola, IdMunicipio) values (33013438, 'E.M.PROFMARIAFCADEFPEREIRA', 3304805);
insert into tblEscola (IdINEP, NomeEscola, IdMunicipio) values (33013446, 'E.M.PROFAIRENEDUTRACARDINOT', 3304805);
insert into tblEscola (IdINEP, NomeEscola, IdMunicipio) values (33013454, 'E.M.FLORISBELOAGUIAR', 3304805);
insert into tblEscola (IdINEP, NomeEscola, IdMunicipio) values (33013462, 'E.M.TOMAZFERREIRADOSSANTOS', 3304805);
insert into tblEscola (IdINEP, NomeEscola, IdMunicipio) values (33094020, 'PREESCOLARMUNICIPALOSCARPEREIRADASILVA', 3304805);
insert into tblEscola (IdINEP, NomeEscola, IdMunicipio) values (33094039, 'E.M.BELAVISTA', 3304805);
insert into tblEscola (IdINEP, NomeEscola, IdMunicipio) values (33094047, 'E.M.TOCAFRIA', 3304805);
insert into tblEscola (IdINEP, NomeEscola, IdMunicipio) values (33104123, 'CRECHEESCOLANEDCORDEIRO', 3304805);
insert into tblEscola (IdINEP, NomeEscola, IdMunicipio) values (33104255, 'ESCTURMINHADAMONICA', 3304805);
insert into tblEscola (IdINEP, NomeEscola, IdMunicipio) values (33104263, 'EDUCRAINHADOSAPOSTOLOS', 3304805);
insert into tblEscola (IdINEP, NomeEscola, IdMunicipio) values (33134839, 'ESCOLANUVEMDEALGODÃOLTDA', 3304805);
insert into tblEscola (IdINEP, NomeEscola, IdMunicipio) values (33136041, 'ESCESP.LUIZCARLOSMACHADO', 3304805);
insert into tblEscola (IdINEP, NomeEscola, IdMunicipio) values (33136050, 'GRUPOINIC.SOCIOTERAPIAANALÍTICA', 3304805);
insert into tblEscola (IdINEP, NomeEscola, IdMunicipio) values (33138699, 'CESDESAOFIDELIS', 3304805);
insert into tblEscola (IdINEP, NomeEscola, IdMunicipio) values (33142203, 'CRECHEESCOLAVERROBERTOCARLOSSOUTODASILVA', 3304805);
insert into tblEscola (IdINEP, NomeEscola, IdMunicipio) values (33146977, 'CRECHEESCOLAARCADENOÉ', 3304805);
insert into tblEscola (IdINEP, NomeEscola, IdMunicipio) values (33150451, 'INSTITUTOAGROPECUARIODESAOFIDELIS', 3304805);
insert into tblEscola (IdINEP, NomeEscola, IdMunicipio) values (33157685, 'CENTROEDUCMARITA', 3304805);
insert into tblEscola (IdINEP, NomeEscola, IdMunicipio) values (33244227, 'ESCOLABATISTADESAOFIDELIS', 3304805);
insert into tblEscola (IdINEP, NomeEscola, IdMunicipio) values (35014072, 'QUEIROZCORONEL', 3542305);
insert into tblEscola (IdINEP, NomeEscola, IdMunicipio) values (35033297, 'AUGUSTOTORTOLEROARAUJOETE', 3535507);
insert into tblEscola (IdINEP, NomeEscola, IdMunicipio) values (35033327, 'DIVAFIGUEIREDODASILVEIRA', 3535507);
insert into tblEscola (IdINEP, NomeEscola, IdMunicipio) values (35033339, 'ISIDOROBAPTISTA', 3535507);
insert into tblEscola (IdINEP, NomeEscola, IdMunicipio) values (35043230, 'MARIAANGELABATISTADIASPROFA', 3535507);
insert into tblEscola (IdINEP, NomeEscola, IdMunicipio) values (35065547, 'DONACOTAEMEI', 3535507);
insert into tblEscola (IdINEP, NomeEscola, IdMunicipio) values (35065559, 'LEONORMENDESDEBARROSDONAEMEI', 3535507);
insert into tblEscola (IdINEP, NomeEscola, IdMunicipio) values (35070567, 'PENITENCIARIACOMPACTAPARAGUACUPAULISTACLPROVISORIA', 3535507);
insert into tblEscola (IdINEP, NomeEscola, IdMunicipio) values (35088959, 'MARIAANTONIATORRESGOBBIALFREDOEMEI', 3535507);
insert into tblEscola (IdINEP, NomeEscola, IdMunicipio) values (35088961, 'MARILDADELIMAVITORFARIAPROFAEMEI', 3535507);
insert into tblEscola (IdINEP, NomeEscola, IdMunicipio) values (35088973, 'RUTHNEADECASSIASOUZAPROFAEMEI', 3535507);
insert into tblEscola (IdINEP, NomeEscola, IdMunicipio) values (35117420, 'SESI380CENTROEDUCACIONAL', 3535507);
insert into tblEscola (IdINEP, NomeEscola, IdMunicipio) values (35117432, 'PARAGUACUCOLEGIOUNIDADEI', 3535507);
insert into tblEscola (IdINEP, NomeEscola, IdMunicipio) values (35146018, 'ASSOCPAISEAMIGOSDOSEXCEPCIONAISAPAEPPAULISTA', 3535507);
insert into tblEscola (IdINEP, NomeEscola, IdMunicipio) values (35150685, 'LAPISDECORESCOLADEEDUCACAOBASICA', 3535507);
insert into tblEscola (IdINEP, NomeEscola, IdMunicipio) values (35150691, 'CASTELINHOEEIEF', 3535507);
insert into tblEscola (IdINEP, NomeEscola, IdMunicipio) values (35176254, 'MVCCOLEGIODEPARAGUACUPAULISTA', 3535507);
insert into tblEscola (IdINEP, NomeEscola, IdMunicipio) values (35215867, 'ANTONIONOGUEIRACORONELEMEF', 3535507);
insert into tblEscola (IdINEP, NomeEscola, IdMunicipio) values (35215879, 'DORACILDINABENICIOPROFAEMEF(R)', 3535507);
insert into tblEscola (IdINEP, NomeEscola, IdMunicipio) values (35215880, 'THEREZINHADELOURDESCACAOGOYAPROFAEMEFR', 3535507);
insert into tblEscola (IdINEP, NomeEscola, IdMunicipio) values (35215892, 'IVONYAFFINIMATHEUSPROFAEMEF', 3535507);
insert into tblEscola (IdINEP, NomeEscola, IdMunicipio) values (35217815, 'ANTONIOMAZZEIEMEF', 3535507);
insert into tblEscola (IdINEP, NomeEscola, IdMunicipio) values (35217827, 'CLEIACACAPAVASILVAPROFAEMEF', 3535507);
insert into tblEscola (IdINEP, NomeEscola, IdMunicipio) values (35217839, 'HELENAWIRGUESRAMOSPROFAEMEF', 3535507);
insert into tblEscola (IdINEP, NomeEscola, IdMunicipio) values (35217840, 'SIDNEYGOMESSALOMAOPROFEMEF', 3535507);
insert into tblEscola (IdINEP, NomeEscola, IdMunicipio) values (35223311, 'ARCOIRISCRECHE', 3535507);
insert into tblEscola (IdINEP, NomeEscola, IdMunicipio) values (35223323, 'BEIJAFLOREMEICRECHE', 3535507);
insert into tblEscola (IdINEP, NomeEscola, IdMunicipio) values (35223335, 'IRMALUCIACRECHE', 3535507);
insert into tblEscola (IdINEP, NomeEscola, IdMunicipio) values (35223347, 'MARIAPEREIRABRISODONACRECHE', 3535507);
insert into tblEscola (IdINEP, NomeEscola, IdMunicipio) values (35243553, 'CELIORODRIGUESSIQUEIRAEMEIF', 3535507);
insert into tblEscola (IdINEP, NomeEscola, IdMunicipio) values (35245197, 'ALEXANDRINAPENNAEMEF', 3535507);
insert into tblEscola (IdINEP, NomeEscola, IdMunicipio) values (35245203, 'VAILJUSTINIANOTOLEDOEMEF', 3535507);
insert into tblEscola (IdINEP, NomeEscola, IdMunicipio) values (35245215, 'DOMINGOSPAULINOVIEIRAEMEF', 3535507);
insert into tblEscola (IdINEP, NomeEscola, IdMunicipio) values (35268677, 'ALDOMONTEIROPAESLEMEDREMEICRECHE', 3535507);
insert into tblEscola (IdINEP, NomeEscola, IdMunicipio) values (35274689, 'EDNAREGINADEOLIVEIRAESILVAPROFAEMEIEF', 3542305);
insert into tblEscola (IdINEP, NomeEscola, IdMunicipio) values (35283319, 'OSORIOLEMAIREDEMORAISPROFEMEF', 3535507);
insert into tblEscola (IdINEP, NomeEscola, IdMunicipio) values (35395882, 'FILADELFIAESCOLATECNICA', 3535507);
insert into tblEscola (IdINEP, NomeEscola, IdMunicipio) values (35663712, 'BAIRROLAGOAEMEFR', 3542305);
insert into tblEscola (IdINEP, NomeEscola, IdMunicipio) values (35663759, 'BAIRROCARAPEBAEMEFR', 3542305);
insert into tblEscola (IdINEP, NomeEscola, IdMunicipio) values (35803996, 'PARAGUACUCOLEGIOUNIDADEII', 3535507);
insert into tblEscola (IdINEP, NomeEscola, IdMunicipio) values (35985521, 'CELJTOAEEISIDOROBAPTISTA', 3535507);
insert into tblEscola (IdINEP, NomeEscola, IdMunicipio) values (41018982, 'ADOLPHOOFRANCOCEGOVEFMEDPROF', 4102109);
insert into tblEscola (IdINEP, NomeEscola, IdMunicipio) values (41019008, 'ALFREDOSOFIENTINIEMEDINFENSFUND', 4102109);
insert into tblEscola (IdINEP, NomeEscola, IdMunicipio) values (41019016, 'AMABILETPOZZOBONEMEDINFENSFUND', 4102109);
insert into tblEscola (IdINEP, NomeEscola, IdMunicipio) values (41019024, 'AMORPERFEITOESCEDUCESP', 4102109);
insert into tblEscola (IdINEP, NomeEscola, IdMunicipio) values (41019032, 'ANTENORBALAROTTIEMEDINFENSFUND', 4102109);
insert into tblEscola (IdINEP, NomeEscola, IdMunicipio) values (41019067, 'CELSOEMMONSENHOREDINFENSFUND', 4102109);
insert into tblEscola (IdINEP, NomeEscola, IdMunicipio) values (41019075, 'CENTRODEEDUCAÇÃOINFANTILCRIANÇASAPECAS/CLTDA', 4102109);
insert into tblEscola (IdINEP, NomeEscola, IdMunicipio) values (41019083, 'EGIDIOBALLAROTTICEEFUNDMEDIO', 4102109);
insert into tblEscola (IdINEP, NomeEscola, IdMunicipio) values (41019105, 'GERACAOCOLEDUCINFENSFUNDEMÉDIOEPROFISSIONAL(COLÉGIOAGRÍCOLA)', 4102109);
insert into tblEscola (IdINEP, NomeEscola, IdMunicipio) values (41019164, 'MARIACMACHADOEMPROFAEDINFEFUND', 4102109);
insert into tblEscola (IdINEP, NomeEscola, IdMunicipio) values (41019202, 'RUIBARBOSAEEEFUND', 4102109);
insert into tblEscola (IdINEP, NomeEscola, IdMunicipio) values (41019229, 'SERAFIMFRANCAEEEFUND', 4102109);
insert into tblEscola (IdINEP, NomeEscola, IdMunicipio) values (41019261, 'VERISSIMODESOUZAEEEFUND', 4102109);
insert into tblEscola (IdINEP, NomeEscola, IdMunicipio) values (41066499, 'CASTELOBRANCOESCRURMULEDUCINFENSFUND', 4117909);
insert into tblEscola (IdINEP, NomeEscola, IdMunicipio) values (41066510, 'DOMINGOSFCOZARDOCEEFUNDMEDIO', 4117909);
insert into tblEscola (IdINEP, NomeEscola, IdMunicipio) values (41066537, 'EUGENIOGARMATZCEPROFEFUNDMEDIO', 4117909);
insert into tblEscola (IdINEP, NomeEscola, IdMunicipio) values (41066545, 'COLÉGIOGABRIELAMISTRALEDUCAÇÃOINFANTILENSINOFUNDAMENTALEMÉDIO', 4117909);
insert into tblEscola (IdINEP, NomeEscola, IdMunicipio) values (41066561, 'JEANPIAGETEMEDINFENSFUND', 4117909);
insert into tblEscola (IdINEP, NomeEscola, IdMunicipio) values (41066596, 'JOAQUIMMMFRANCOEMEDINFEFUND', 4117909);
insert into tblEscola (IdINEP, NomeEscola, IdMunicipio) values (41066626, 'LEONARDODAVINCIEMEDINFENSFUND', 4117909);
insert into tblEscola (IdINEP, NomeEscola, IdMunicipio) values (41066634, 'LUIZMPERCICOTIEMVEREDINFEFUND', 4117909);
insert into tblEscola (IdINEP, NomeEscola, IdMunicipio) values (41066650, 'AGRICOLAOESTEDOPARANACOLENSMÉDIOPROFIS', 4117909);
insert into tblEscola (IdINEP, NomeEscola, IdMunicipio) values (41066685, 'RIOBRANCOCEBARDOEFUNDMEDIO', 4117909);
insert into tblEscola (IdINEP, NomeEscola, IdMunicipio) values (41066715, 'ESCOLADEEDUCAÇÃOESPECIALROUXINOL', 4117909);
insert into tblEscola (IdINEP, NomeEscola, IdMunicipio) values (41066723, 'SANTATEREZINHAEEEFUND', 4117909);
insert into tblEscola (IdINEP, NomeEscola, IdMunicipio) values (41066731, 'SANTOAGOSTINHOCEEFMEDPROFNOR', 4117909);
insert into tblEscola (IdINEP, NomeEscola, IdMunicipio) values (41066766, 'SHIRLEYSAURINEEPROFAEFUND', 4117909);
insert into tblEscola (IdINEP, NomeEscola, IdMunicipio) values (41066774, 'TANCREDONEVESEEEFUND', 4117909);
insert into tblEscola (IdINEP, NomeEscola, IdMunicipio) values (41066782, 'TEREZINHAGAGUSTINIEMPROFAEINFEF', 4117909);
insert into tblEscola (IdINEP, NomeEscola, IdMunicipio) values (41066804, 'VALEVERDEEMEDINFENSFUND', 4117909);
insert into tblEscola (IdINEP, NomeEscola, IdMunicipio) values (41066812, 'VITORINOROGGIAEMPEEDINFEFUND', 4117909);
insert into tblEscola (IdINEP, NomeEscola, IdMunicipio) values (41143450, 'GRALHAAZULCENTRODEEDUCAÇÃOINFANTIL', 4102109);
insert into tblEscola (IdINEP, NomeEscola, IdMunicipio) values (41143469, 'JOAOPAULOIICENTROMUNEDUCINF', 4102109);
insert into tblEscola (IdINEP, NomeEscola, IdMunicipio) values (41145666, 'BOSCOEDOMEDINFENSFUND', 4117909);
insert into tblEscola (IdINEP, NomeEscola, IdMunicipio) values (41352599, 'SANTATEREZINHACENTROMUNEDUCINF', 4102109);
insert into tblEscola (IdINEP, NomeEscola, IdMunicipio) values (41353560, 'CECILIAMEIRELESEEDINFENSFUND', 4117909);
insert into tblEscola (IdINEP, NomeEscola, IdMunicipio) values (41358970, 'JOAOFREIREDECARVALHOEMEINFEFUN', 4102109);
insert into tblEscola (IdINEP, NomeEscola, IdMunicipio) values (41358988, 'ALBERTOBONINIEMEDINFENSFUND', 4102109);
insert into tblEscola (IdINEP, NomeEscola, IdMunicipio) values (41358996, 'NOSSASENHORAAPARECIDACTOMUNEDINF', 4102109);
insert into tblEscola (IdINEP, NomeEscola, IdMunicipio) values (41359003, 'JOAODANIELMBENETTIEMEDINFEFUN', 4102109);
insert into tblEscola (IdINEP, NomeEscola, IdMunicipio) values (41359976, 'CEEBJAPALOTINAENSFUNDMED', 4117909);
insert into tblEscola (IdINEP, NomeEscola, IdMunicipio) values (41362837, 'DEUSMENINOCENTROMUNEDUCINF', 4102109);
insert into tblEscola (IdINEP, NomeEscola, IdMunicipio) values (41371275, 'PEQUENOCIDADÃOCENTRODEEDUCAÇÃOINFANTIL', 4117909);
insert into tblEscola (IdINEP, NomeEscola, IdMunicipio) values (41371283, 'CASULOCRECHEMUL-VILAFLORESTA', 4117909);
insert into tblEscola (IdINEP, NomeEscola, IdMunicipio) values (41373243, 'RAIODESOLCTRODEEDUCINF', 4117909);
insert into tblEscola (IdINEP, NomeEscola, IdMunicipio) values (41379071, 'CELINOROCHADEARAUJOEMEIEF', 4117909);
insert into tblEscola (IdINEP, NomeEscola, IdMunicipio) values (41379080, 'MONTEIROLOBATOEMEDINFENSFUND', 4117909);
insert into tblEscola (IdINEP, NomeEscola, IdMunicipio) values (41379420, 'CENTRODEEXCEMEDUCACAOCEFM', 4117909);
insert into tblEscola (IdINEP, NomeEscola, IdMunicipio) values (41380681, 'JOSEFAMDEOLIVEIRACTOMUNEDINF', 4102109);
insert into tblEscola (IdINEP, NomeEscola, IdMunicipio) values (41382536, 'SEMENTINHADOSABERCENTRODEEDUCINF', 4117909);
insert into tblEscola (IdINEP, NomeEscola, IdMunicipio) values (41383648, 'PINGODEGENTECENTRODEEDUCAÇAOINFANTIL', 4117909);
insert into tblEscola (IdINEP, NomeEscola, IdMunicipio) values (41383680, 'SONHODECRIANCACENTRODEEDUCINF', 4117909);
insert into tblEscola (IdINEP, NomeEscola, IdMunicipio) values (41388852, 'BRANCAELIZAMMEIRELLESCTOMUNEDINF', 4102109);
insert into tblEscola (IdINEP, NomeEscola, IdMunicipio) values (41389166, 'TERRADOSABERCENTROEDUCINF', 4117909);
insert into tblEscola (IdINEP, NomeEscola, IdMunicipio) values (41389506, 'ADROALDOACOLOMBOCAGRICESTEMEDPR', 4117909);
insert into tblEscola (IdINEP, NomeEscola, IdMunicipio) values (42024781, 'CEIDONAFILOMENAGIRARDI', 4217808);
insert into tblEscola (IdINEP, NomeEscola, IdMunicipio) values (42024790, 'CEIANJODAGUARDA', 4217808);
insert into tblEscola (IdINEP, NomeEscola, IdMunicipio) values (42024803, 'CENTROEDUCACAOINFANTILBOMPASTOR', 4217808);
insert into tblEscola (IdINEP, NomeEscola, IdMunicipio) values (42024811, 'JICHAPEUZINHOVERMELHO', 4217808);
insert into tblEscola (IdINEP, NomeEscola, IdMunicipio) values (42024820, 'CEICINDERELA', 4217808);
insert into tblEscola (IdINEP, NomeEscola, IdMunicipio) values (42024838, 'CEIDONALUIZEHEIDRICH', 4217808);
insert into tblEscola (IdINEP, NomeEscola, IdMunicipio) values (42024870, 'CEIPEEDUARDO', 4217808);
insert into tblEscola (IdINEP, NomeEscola, IdMunicipio) values (42024897, 'EEBLEOPOLDOJACOBSEN', 4217808);
insert into tblEscola (IdINEP, NomeEscola, IdMunicipio) values (42024900, 'EEFHERCILIOANDERLE', 4217808);
insert into tblEscola (IdINEP, NomeEscola, IdMunicipio) values (42024919, 'EEBOTTOHOSANG', 4217808);
insert into tblEscola (IdINEP, NomeEscola, IdMunicipio) values (42024951, 'EEFADELEHEIDRICH', 4217808);
insert into tblEscola (IdINEP, NomeEscola, IdMunicipio) values (42025290, 'EEFMUNDELARANJEIRAS', 4217808);
insert into tblEscola (IdINEP, NomeEscola, IdMunicipio) values (42025311, 'EEFMUNADOLPHOEWALD', 4217808);
insert into tblEscola (IdINEP, NomeEscola, IdMunicipio) values (42025400, 'EEBLUIZBERTOLI', 4217808);
insert into tblEscola (IdINEP, NomeEscola, IdMunicipio) values (42025427, 'COLEGIOCENECISTANSDEFATIMA', 4217808);
insert into tblEscola (IdINEP, NomeEscola, IdMunicipio) values (42103932, 'CEISEMENTESDOAMANHA', 4217808);
insert into tblEscola (IdINEP, NomeEscola, IdMunicipio) values (42110556, 'CRECHESETEANOES', 4217808);
insert into tblEscola (IdINEP, NomeEscola, IdMunicipio) values (42119863, 'APAEDETAIO', 4217808);
insert into tblEscola (IdINEP, NomeEscola, IdMunicipio) values (42132878, 'EEFMUNPREFERNAHEIDRICH', 4217808);
insert into tblEscola (IdINEP, NomeEscola, IdMunicipio) values (42135869, 'CEICARLOSHEINZPURNHAGEN', 4217808);
insert into tblEscola (IdINEP, NomeEscola, IdMunicipio) values (42138817, 'CEICONRADHEYMANNS', 4217808);
insert into tblEscola (IdINEP, NomeEscola, IdMunicipio) values (42142466, 'EJADETAIO', 4217808);
insert into tblEscola (IdINEP, NomeEscola, IdMunicipio) values (42144019, 'CEIMENINOJESUS', 4217808);
insert into tblEscola (IdINEP, NomeEscola, IdMunicipio) values (42144027, 'CEITURMINHADOPUFF', 4217808);
insert into tblEscola (IdINEP, NomeEscola, IdMunicipio) values (42144035, 'CEIPINGODEOURO', 4217808);
insert into tblEscola (IdINEP, NomeEscola, IdMunicipio) values (42146500, 'UDDETAIO', 4217808);
insert into tblEscola (IdINEP, NomeEscola, IdMunicipio) values (43039154, 'ESCMUNENSFUNANTONIODEOLIVEIRACARVALHO', 4304689);
insert into tblEscola (IdINEP, NomeEscola, IdMunicipio) values (43039162, 'ESCMUNENSFUNMAL.CANDIDOMARIANORONDON', 4304689);
insert into tblEscola (IdINEP, NomeEscola, IdMunicipio) values (43039170, 'ESCMUNENSFUNSAOFRANCISCODEASSIS', 4304689);
insert into tblEscola (IdINEP, NomeEscola, IdMunicipio) values (43039189, 'ESCMUNENSFUNNOSSASENHORADASGRACAS', 4304689);
insert into tblEscola (IdINEP, NomeEscola, IdMunicipio) values (43039197, 'ESCMUNENSFUNPROFDELFINOFILLIPSENDEMORAES', 4304689);
insert into tblEscola (IdINEP, NomeEscola, IdMunicipio) values (43039200, 'ESCESTENSFUNNICOLAUKROEFF', 4304689);
insert into tblEscola (IdINEP, NomeEscola, IdMunicipio) values (43039219, 'ESCMUNENSFUNVICTORADALBERTOKESSLER', 4304689);
insert into tblEscola (IdINEP, NomeEscola, IdMunicipio) values (43039227, 'ESCESTENSFUNDEESTACAOAZEVEDO', 4304689);
insert into tblEscola (IdINEP, NomeEscola, IdMunicipio) values (43039235, 'INSTESTADUALMANOELDEALMEIDARAMOS', 4304689);
insert into tblEscola (IdINEP, NomeEscola, IdMunicipio) values (43039243, 'ESCMUNENSFUNPADREJOAOINACIODEMELLO', 4304689);
insert into tblEscola (IdINEP, NomeEscola, IdMunicipio) values (43073875, 'ESCOLAFUNDAMENTALLUTERANAREDENTOR', 4310108);
insert into tblEscola (IdINEP, NomeEscola, IdMunicipio) values (43073883, 'ESCMUNENSFUNANITAGARIBALDI', 4310108);
insert into tblEscola (IdINEP, NomeEscola, IdMunicipio) values (43073891, 'ESCMUNENSFUNCASTROALVES', 4310108);
insert into tblEscola (IdINEP, NomeEscola, IdMunicipio) values (43073905, 'ESCMUNENSFUNDOMPEDROII', 4310108);
insert into tblEscola (IdINEP, NomeEscola, IdMunicipio) values (43073921, 'ESCMUNENSFUNFERNANDESVIEIRA', 4310108);
insert into tblEscola (IdINEP, NomeEscola, IdMunicipio) values (43073930, 'ESCMUNENSFUNMACHADODEASSIS', 4310108);
insert into tblEscola (IdINEP, NomeEscola, IdMunicipio) values (43073948, 'ESCMUNENSFUNOLAVOBILAC', 4310108);
insert into tblEscola (IdINEP, NomeEscola, IdMunicipio) values (43073956, 'ESCMUNENSFUNOSVALDOCRUZ', 4310108);
insert into tblEscola (IdINEP, NomeEscola, IdMunicipio) values (43073964, 'ESCMUNENSFUNPROTASIOALVES', 4310108);
insert into tblEscola (IdINEP, NomeEscola, IdMunicipio) values (43073972, 'ESCMUNENSFUNRUIBARBOSA', 4310108);
insert into tblEscola (IdINEP, NomeEscola, IdMunicipio) values (43073999, 'ESCMUNENSFUNVISCONDEDEPELOTAS', 4310108);
insert into tblEscola (IdINEP, NomeEscola, IdMunicipio) values (43074006, 'ESCMUNENSFUNLAJEADINHO', 4310108);
insert into tblEscola (IdINEP, NomeEscola, IdMunicipio) values (43074022, 'INSTESTEDUCOLIVIALAHMHIRT', 4310108);
insert into tblEscola (IdINEP, NomeEscola, IdMunicipio) values (43074049, 'ESCOLAESTADUALDEENSINOMÉDIOBERTHALINAKIRSCH', 4310108);
insert into tblEscola (IdINEP, NomeEscola, IdMunicipio) values (43074057, 'ESCOLAESTADUALDEENSINOFUNDAMENTALFIGUEIRAS', 4310108);
insert into tblEscola (IdINEP, NomeEscola, IdMunicipio) values (43074065, 'ESCMUNENSFUNVILAPICCADILLY', 4310108);
insert into tblEscola (IdINEP, NomeEscola, IdMunicipio) values (43074073, 'ESCMUNENSFUNBAIRROMOINHO', 4310108);
insert into tblEscola (IdINEP, NomeEscola, IdMunicipio) values (43074081, 'ESCMUNENSFUNVILANOVA', 4310108);
insert into tblEscola (IdINEP, NomeEscola, IdMunicipio) values (43074090, 'ESCMUNEDINFANTILIGREJINHENSE', 4310108);
insert into tblEscola (IdINEP, NomeEscola, IdMunicipio) values (43074103, 'ESCMUNEDINFANTILOSBAIXINHOS', 4310108);
insert into tblEscola (IdINEP, NomeEscola, IdMunicipio) values (43074111, 'ESCMUNENSFUNDONACAROLINA', 4310108);
insert into tblEscola (IdINEP, NomeEscola, IdMunicipio) values (43074120, 'ESCESTENSFUNPROMORAR', 4310108);
insert into tblEscola (IdINEP, NomeEscola, IdMunicipio) values (43074138, 'ESCCENECISTADEENSINOMEDIO1ºDEJUNHO', 4310108);
insert into tblEscola (IdINEP, NomeEscola, IdMunicipio) values (43074146, 'ESCMUNENSFUNPRINCESAISABEL', 4310108);
insert into tblEscola (IdINEP, NomeEscola, IdMunicipio) values (43074154, 'ESCMUNEDINFAPROFIDAMARIAKRUPP', 4310108);
insert into tblEscola (IdINEP, NomeEscola, IdMunicipio) values (43169538, 'ESCMUNENSFUNPREFEITOJOAODARCYRHEINHEIMER', 4310108);
insert into tblEscola (IdINEP, NomeEscola, IdMunicipio) values (43178197, 'ESCMUNEDINFABEM-ME-QUER', 4310108);
insert into tblEscola (IdINEP, NomeEscola, IdMunicipio) values (43178200, 'ESCMUNEDINFRAIODESOL', 4310108);
insert into tblEscola (IdINEP, NomeEscola, IdMunicipio) values (43178219, 'ESCMUNEDINFAARCOIRIS', 4310108);
insert into tblEscola (IdINEP, NomeEscola, IdMunicipio) values (43178227, 'ESCMUNEDINFPEQUENOPOLEGAR', 4310108);
insert into tblEscola (IdINEP, NomeEscola, IdMunicipio) values (43180400, 'APAEESCOLADEEDUCACAOESPECIALRAIODELUZ', 4310108);
insert into tblEscola (IdINEP, NomeEscola, IdMunicipio) values (43192033, 'APAEDECAPELADESANTANA', 4304689);
insert into tblEscola (IdINEP, NomeEscola, IdMunicipio) values (43192220, 'ESCOLADEEDINFANESTRELINHAMÁGICA', 4310108);
insert into tblEscola (IdINEP, NomeEscola, IdMunicipio) values (43200850, 'ESCMUNENSFUNHILÁRIONESTORBACKES', 4310108);
insert into tblEscola (IdINEP, NomeEscola, IdMunicipio) values (43201997, 'ESCMUNDEENSINOFUNDAMENTALGENTEINOCENTE', 4304689);
insert into tblEscola (IdINEP, NomeEscola, IdMunicipio) values (43204813, 'ESCMUNEDINFMORADADACOLINA', 4310108);
insert into tblEscola (IdINEP, NomeEscola, IdMunicipio) values (43207383, 'CENTRODEEDUCACAOINFANTILKINDERWELT', 4310108);
insert into tblEscola (IdINEP, NomeEscola, IdMunicipio) values (43208002, 'ESCMUNEDUCINFVOVORITTER', 4310108);
insert into tblEscola (IdINEP, NomeEscola, IdMunicipio) values (43208746, 'ESCMUNEDUCINFANTILALMIROGRINGS', 4310108);
insert into tblEscola (IdINEP, NomeEscola, IdMunicipio) values (43244017, 'ESCMUNEDUCINFPEQUENOPRINCIPE', 4304689);
insert into tblEscola (IdINEP, NomeEscola, IdMunicipio) values (50010115, 'EEHERMELINABARBOSALEAL', 5002902);
insert into tblEscola (IdINEP, NomeEscola, IdMunicipio) values (50010158, 'EERUIBARBOSA', 5002902);
insert into tblEscola (IdINEP, NomeEscola, IdMunicipio) values (50010166, 'EESÃOJOSÉ', 5002902);
insert into tblEscola (IdINEP, NomeEscola, IdMunicipio) values (50010174, 'C.MUL.DEEDUC.VER.ILMAALVESDACOSTA', 5002902);
insert into tblEscola (IdINEP, NomeEscola, IdMunicipio) values (50010182, 'EMANTONIOPAULINO', 5002902);
insert into tblEscola (IdINEP, NomeEscola, IdMunicipio) values (50010530, 'COLÉGIOGERAÇÃOOBJETIVO', 5002902);
insert into tblEscola (IdINEP, NomeEscola, IdMunicipio) values (50010549, 'INSTITUTOEDUCACIONALDECASSILÂNDIA-II', 5002902);
insert into tblEscola (IdINEP, NomeEscola, IdMunicipio) values (50010565, 'CENTROEDUCACIONALRAIODESOL', 5002902);
insert into tblEscola (IdINEP, NomeEscola, IdMunicipio) values (50010573, 'EMAMINJOSE', 5002902);
insert into tblEscola (IdINEP, NomeEscola, IdMunicipio) values (50010620, 'EMINDAIÁDOSUL-PÓLO', 5002902);
insert into tblEscola (IdINEP, NomeEscola, IdMunicipio) values (50022113, 'CMEI-JURACYLUCAS', 5002902);
insert into tblEscola (IdINEP, NomeEscola, IdMunicipio) values (50022130, 'CMEIMARIAPARREIRALEAL', 5002902);
insert into tblEscola (IdINEP, NomeEscola, IdMunicipio) values (50022148, 'CMEI-BOMJESUS', 5002902);
insert into tblEscola (IdINEP, NomeEscola, IdMunicipio) values (50023535, 'CMEI-ROSINELEDASILVA', 5002902);
insert into tblEscola (IdINEP, NomeEscola, IdMunicipio) values (50027468, 'INSTITUTOEDUCACIONALDECASSILÂNDIA', 5002902);
insert into tblEscola (IdINEP, NomeEscola, IdMunicipio) values (50028219, 'CMEI-RICARDOBARBOSASANDOVAL', 5002902);
insert into tblEscola (IdINEP, NomeEscola, IdMunicipio) values (50029444, 'EMADRIELEBARBOSASILVA', 5002902);
insert into tblEscola (IdINEP, NomeEscola, IdMunicipio) values (50030892, 'ESCOLAEVANGÉLICAAVIVAMENTOBIBLICO', 5002902);
insert into tblEscola (IdINEP, NomeEscola, IdMunicipio) values (51009986, 'EEARGEUAUGUSTODEMORAES', 5102637);
insert into tblEscola (IdINEP, NomeEscola, IdMunicipio) values (51010011, 'EMED.INDÍG.BACAVAL', 5102637);
insert into tblEscola (IdINEP, NomeEscola, IdMunicipio) values (51010020, 'EMPROFESSORANTONIOPEREIRA', 5102637);
insert into tblEscola (IdINEP, NomeEscola, IdMunicipio) values (51010046, 'E.M.CHAPADA', 5102637);
insert into tblEscola (IdINEP, NomeEscola, IdMunicipio) values (51010119, 'EMED.INDÍG.SAKORÉKASÉWÉTEKO', 5102637);
insert into tblEscola (IdINEP, NomeEscola, IdMunicipio) values (51010160, 'EMED.INDÍG.SERINGAL', 5102637);
insert into tblEscola (IdINEP, NomeEscola, IdMunicipio) values (51010224, 'E.E.MADRETARCILA', 5102637);
insert into tblEscola (IdINEP, NomeEscola, IdMunicipio) values (51010232, 'ESCOLAMUNICIPAL04DEJULHO', 5102637);
insert into tblEscola (IdINEP, NomeEscola, IdMunicipio) values (51010240, 'E.M.WALTERDESOUZAESILVA', 5102637);
insert into tblEscola (IdINEP, NomeEscola, IdMunicipio) values (51010259, 'EAMDORVALINOMINOZZO', 5102637);
insert into tblEscola (IdINEP, NomeEscola, IdMunicipio) values (51010283, 'ESCOLAPEQUENOMUNDODEENS.PREEP.G.', 5102637);
insert into tblEscola (IdINEP, NomeEscola, IdMunicipio) values (51022915, 'EMCORONELVANIK', 5106257);
insert into tblEscola (IdINEP, NomeEscola, IdMunicipio) values (51022982, 'EMDARCIFURTADO', 5106257);
insert into tblEscola (IdINEP, NomeEscola, IdMunicipio) values (51022990, 'EMDEUSEAMOR', 5106257);
insert into tblEscola (IdINEP, NomeEscola, IdMunicipio) values (51023024, 'EMFORTALEZA', 5106257);
insert into tblEscola (IdINEP, NomeEscola, IdMunicipio) values (51023040, 'EMJAYMEGARAVELO', 5106257);
insert into tblEscola (IdINEP, NomeEscola, IdMunicipio) values (51023067, 'EMJOSEJULIO', 5106257);
insert into tblEscola (IdINEP, NomeEscola, IdMunicipio) values (51023091, 'EMMONTEIROLOBATO', 5106257);
insert into tblEscola (IdINEP, NomeEscola, IdMunicipio) values (51023121, 'EMNUCLEOPERDIZ', 5106257);
insert into tblEscola (IdINEP, NomeEscola, IdMunicipio) values (51023172, 'ESCOLAMUNICIPALRANCHOAMIGO', 5106257);
insert into tblEscola (IdINEP, NomeEscola, IdMunicipio) values (51023202, 'EMSAOJOAOA', 5106257);
insert into tblEscola (IdINEP, NomeEscola, IdMunicipio) values (51023237, 'EMTAMBORILII', 5106257);
insert into tblEscola (IdINEP, NomeEscola, IdMunicipio) values (51023253, 'EMVALESERRAAZUL', 5106257);
insert into tblEscola (IdINEP, NomeEscola, IdMunicipio) values (51023270, 'EEPGARLINDOESTILACLEAL', 5106257);
insert into tblEscola (IdINEP, NomeEscola, IdMunicipio) values (51023318, 'EEJUSCELINOKUBITSCHEKDEOLIVEIRA', 5106257);
insert into tblEscola (IdINEP, NomeEscola, IdMunicipio) values (51023326, 'EECEL.JOÃON.DEM.MALLET', 5106257);
insert into tblEscola (IdINEP, NomeEscola, IdMunicipio) values (51023334, 'ESCOLAESTADUALCORONELVANIQUE', 5106257);
insert into tblEscola (IdINEP, NomeEscola, IdMunicipio) values (51023342, 'ESCOLAESTADUALMINISTROJOAOALBERTO', 5106257);
insert into tblEscola (IdINEP, NomeEscola, IdMunicipio) values (51023407, 'ESCOLAESTADUALDESUPLENCIADEP.S.GRAU', 5106257);
insert into tblEscola (IdINEP, NomeEscola, IdMunicipio) values (51023423, 'NUCLEOCOMDOMBOSCOESCOLINHABILLYGANCHO', 5106257);
insert into tblEscola (IdINEP, NomeEscola, IdMunicipio) values (51043963, 'CENTROCACERENSEDEEDUCACAO', 5102504);
insert into tblEscola (IdINEP, NomeEscola, IdMunicipio) values (51043980, 'EMCENTROEDUCACIONALD.MAXIMOBIENNES', 5102504);
insert into tblEscola (IdINEP, NomeEscola, IdMunicipio) values (51043998, 'EEPROFMILTONM.CURVO', 5102504);
insert into tblEscola (IdINEP, NomeEscola, IdMunicipio) values (51044005, 'COLEGIOIMACULADACONCEICAO', 5102504);
insert into tblEscola (IdINEP, NomeEscola, IdMunicipio) values (51044013, 'EEPROFªANAMARIAG.S.NORONHA', 5102504);
insert into tblEscola (IdINEP, NomeEscola, IdMunicipio) values (51044048, 'EEDR.JOSERODRIGUESFONTES', 5102504);
insert into tblEscola (IdINEP, NomeEscola, IdMunicipio) values (51044056, 'EEPROF.DEMETRIOCOSTAPEREIRA', 5102504);
insert into tblEscola (IdINEP, NomeEscola, IdMunicipio) values (51044145, 'EMCEL.JOAOF.MENDES', 5102504);
insert into tblEscola (IdINEP, NomeEscola, IdMunicipio) values (51044161, 'EMDEP.MARIANORAMOS', 5102504);
insert into tblEscola (IdINEP, NomeEscola, IdMunicipio) values (51044200, 'EMDR.JOSERODRIGUESFONTES', 5102504);
insert into tblEscola (IdINEP, NomeEscola, IdMunicipio) values (51044277, 'EMBOCAINADACASCAVEL', 5102504);
insert into tblEscola (IdINEP, NomeEscola, IdMunicipio) values (51044293, 'EMBOAESPERANÇA', 5102504);
insert into tblEscola (IdINEP, NomeEscola, IdMunicipio) values (51044358, 'EMNOSSASENHORADAGUIA', 5102504);
insert into tblEscola (IdINEP, NomeEscola, IdMunicipio) values (51044382, 'EMPROFªERENICESIMÃOALVARENGA', 5102504);
insert into tblEscola (IdINEP, NomeEscola, IdMunicipio) values (51044420, 'EMPIRAPUTANGAI', 5102504);
insert into tblEscola (IdINEP, NomeEscola, IdMunicipio) values (51044439, 'EMPONTADOMORRO', 5102504);
insert into tblEscola (IdINEP, NomeEscola, IdMunicipio) values (51044480, 'EMROCAVELHA', 5102504);
insert into tblEscola (IdINEP, NomeEscola, IdMunicipio) values (51044510, 'EMSANTACATARINA', 5102504);
insert into tblEscola (IdINEP, NomeEscola, IdMunicipio) values (51044528, 'EMSANTALUZIA', 5102504);
insert into tblEscola (IdINEP, NomeEscola, IdMunicipio) values (51044587, 'EMSAOJOSE', 5102504);
insert into tblEscola (IdINEP, NomeEscola, IdMunicipio) values (51044609, 'EMSOTECO', 5102504);
insert into tblEscola (IdINEP, NomeEscola, IdMunicipio) values (51044650, 'EMZACARIASARDIGO', 5102504);
insert into tblEscola (IdINEP, NomeEscola, IdMunicipio) values (51044803, 'EMGARCÊS', 5102504);
insert into tblEscola (IdINEP, NomeEscola, IdMunicipio) values (51044820, 'EMMARECHALRONDON', 5102504);
insert into tblEscola (IdINEP, NomeEscola, IdMunicipio) values (51044838, 'ESCOLAMUNICIPALVITORIAREGIA', 5102504);
insert into tblEscola (IdINEP, NomeEscola, IdMunicipio) values (51044846, 'EMTANCREDONEVES', 5102504);
insert into tblEscola (IdINEP, NomeEscola, IdMunicipio) values (51044862, 'EMCRISTOLAVRADOR', 5102504);
insert into tblEscola (IdINEP, NomeEscola, IdMunicipio) values (51044870, 'EMRAQUELRAMAODASILVA', 5102504);
insert into tblEscola (IdINEP, NomeEscola, IdMunicipio) values (51044897, 'EE.FREIAMBROSIO', 5102504);
insert into tblEscola (IdINEP, NomeEscola, IdMunicipio) values (51044900, 'EEPSGONZEDEMARCO', 5102504);
insert into tblEscola (IdINEP, NomeEscola, IdMunicipio) values (51044919, 'EESEN.MARIOMOTTA', 5102504);
insert into tblEscola (IdINEP, NomeEscola, IdMunicipio) values (51044927, 'EE.DR.LEOPOLDOA.FILHO', 5102504);
insert into tblEscola (IdINEP, NomeEscola, IdMunicipio) values (51045028, 'EMPEDREIRA', 5102504);
insert into tblEscola (IdINEP, NomeEscola, IdMunicipio) values (51045109, 'EMTRINCHEIRA', 5102504);
insert into tblEscola (IdINEP, NomeEscola, IdMunicipio) values (51045133, 'EMVITALMONTEIROLEITE', 5102504);
insert into tblEscola (IdINEP, NomeEscola, IdMunicipio) values (51045150, 'COLÉGIOADVENTISTADECÁCERES', 5102504);
insert into tblEscola (IdINEP, NomeEscola, IdMunicipio) values (51045168, 'ESCOLAAGROTECNICAFEDERALDECACERES', 5102504);
insert into tblEscola (IdINEP, NomeEscola, IdMunicipio) values (51045192, 'EEESPERIDIAOMARQUES', 5102504);
insert into tblEscola (IdINEP, NomeEscola, IdMunicipio) values (51045206, 'EEPGUNIAOEFORÇA', 5102504);
insert into tblEscola (IdINEP, NomeEscola, IdMunicipio) values (51045214, 'EEDES.GABRIELPINTOARRUDA', 5102504);
insert into tblEscola (IdINEP, NomeEscola, IdMunicipio) values (51045222, 'EESAOLUIZ', 5102504);
insert into tblEscola (IdINEP, NomeEscola, IdMunicipio) values (51045281, 'EMJARDIMPARAISO', 5102504);
insert into tblEscola (IdINEP, NomeEscola, IdMunicipio) values (51045290, 'EMBARRANOVA', 5102504);
insert into tblEscola (IdINEP, NomeEscola, IdMunicipio) values (51045303, 'EMBURITI', 5102504);
insert into tblEscola (IdINEP, NomeEscola, IdMunicipio) values (51045320, 'EMITIQUIRA', 5102504);
insert into tblEscola (IdINEP, NomeEscola, IdMunicipio) values (51045338, 'EMISABELCAMPOS', 5102504);
insert into tblEscola (IdINEP, NomeEscola, IdMunicipio) values (51045354, 'EMVILAREAL', 5102504);
insert into tblEscola (IdINEP, NomeEscola, IdMunicipio) values (51045370, 'EMSAOFRANCISCO', 5102504);
insert into tblEscola (IdINEP, NomeEscola, IdMunicipio) values (51045400, 'EMNOVOORIENTE', 5102504);
insert into tblEscola (IdINEP, NomeEscola, IdMunicipio) values (51045443, 'EMVILAIRENE', 5102504);
insert into tblEscola (IdINEP, NomeEscola, IdMunicipio) values (51045486, 'EMSANTATEREZINHA', 5102504);
insert into tblEscola (IdINEP, NomeEscola, IdMunicipio) values (51045494, 'EMSANTOANTONIODASLENDAS', 5102504);
insert into tblEscola (IdINEP, NomeEscola, IdMunicipio) values (51045508, 'EMSAOGONÇALOEEXTENSÃO', 5102504);
insert into tblEscola (IdINEP, NomeEscola, IdMunicipio) values (51045540, 'EMBUSCANDOOSABER', 5102504);
insert into tblEscola (IdINEP, NomeEscola, IdMunicipio) values (51045559, 'EMSANTOANTONIODOCARAMUJO', 5102504);
insert into tblEscola (IdINEP, NomeEscola, IdMunicipio) values (51045648, 'EMUNIAO', 5102504);
insert into tblEscola (IdINEP, NomeEscola, IdMunicipio) values (51046644, 'ESCOLADEPRIMEIROGRAUPROGRESSOLTDA', 5102678);
insert into tblEscola (IdINEP, NomeEscola, IdMunicipio) values (51046679, 'EMPGDONASABINALAZARINPRATI', 5102678);
insert into tblEscola (IdINEP, NomeEscola, IdMunicipio) values (51046717, 'EEPGPROFªALICEBARBOSAPACHECO', 5102678);
insert into tblEscola (IdINEP, NomeEscola, IdMunicipio) values (51046849, 'EMPGPARAISO', 5102678);
insert into tblEscola (IdINEP, NomeEscola, IdMunicipio) values (51046857, 'EEWALDEMONMORAESCOELHO', 5102678);
insert into tblEscola (IdINEP, NomeEscola, IdMunicipio) values (51046865, 'EEPGJUPIARA', 5102678);
insert into tblEscola (IdINEP, NomeEscola, IdMunicipio) values (51054523, 'EMPROFA.VERALIGIABALDO', 5102504);
insert into tblEscola (IdINEP, NomeEscola, IdMunicipio) values (51054566, 'EMNUCLEOJARDIMGUANABARA', 5102504);
insert into tblEscola (IdINEP, NomeEscola, IdMunicipio) values (51054604, 'EMCLARINÓPOLIS', 5102504);
insert into tblEscola (IdINEP, NomeEscola, IdMunicipio) values (51056070, 'EMPGJOSEGARBUGIO', 5102678);
insert into tblEscola (IdINEP, NomeEscola, IdMunicipio) values (51056089, 'EMPGDONAMARIAARTEMIRPIRES', 5102678);
insert into tblEscola (IdINEP, NomeEscola, IdMunicipio) values (51056232, 'EMPIRAPUTANGAII', 5102504);
insert into tblEscola (IdINEP, NomeEscola, IdMunicipio) values (51056259, 'EMSANTOSDUMONT', 5102504);
insert into tblEscola (IdINEP, NomeEscola, IdMunicipio) values (51056623, 'EMMONTESCLAROS', 5106257);
insert into tblEscola (IdINEP, NomeEscola, IdMunicipio) values (51057026, 'ESCOLAESPECIALCASTELINHO-APAE', 5102678);
insert into tblEscola (IdINEP, NomeEscola, IdMunicipio) values (51057417, 'EMSANTAMARIA', 5102504);
insert into tblEscola (IdINEP, NomeEscola, IdMunicipio) values (51057433, 'EMLARANJEIRAIMST', 5102504);
insert into tblEscola (IdINEP, NomeEscola, IdMunicipio) values (51057549, 'EM16DEMARÇO', 5102504);
insert into tblEscola (IdINEP, NomeEscola, IdMunicipio) values (51057557, 'EMLARANJEIRASII-ASS.ANTONIOCONS', 5102504);
insert into tblEscola (IdINEP, NomeEscola, IdMunicipio) values (51057565, 'EEPGCRIANÇACIDADÃ', 5102504);
insert into tblEscola (IdINEP, NomeEscola, IdMunicipio) values (51057603, 'EMPAULOFREIRE', 5102504);
insert into tblEscola (IdINEP, NomeEscola, IdMunicipio) values (51057760, 'ESCOLAEDUCACIONALREINOINFANTIL', 5102637);
insert into tblEscola (IdINEP, NomeEscola, IdMunicipio) values (51057778, 'INSTITUTOLUTERANODEEDUCAÇÃODOPARECIS', 5102637);
insert into tblEscola (IdINEP, NomeEscola, IdMunicipio) values (51059339, 'CENTRODEEDUCACAOINFANTIL', 5106257);
insert into tblEscola (IdINEP, NomeEscola, IdMunicipio) values (51059347, 'EMJUZEFITIPALDI', 5106257);
insert into tblEscola (IdINEP, NomeEscola, IdMunicipio) values (51059355, 'EMSANTAHELENA', 5106257);
insert into tblEscola (IdINEP, NomeEscola, IdMunicipio) values (51060256, 'ESCOLAESPECIALBEM-ME-QUER', 5102637);
insert into tblEscola (IdINEP, NomeEscola, IdMunicipio) values (51060272, 'EMBARRANQUEIRA', 5102504);
insert into tblEscola (IdINEP, NomeEscola, IdMunicipio) values (51060736, 'EMFLORDAMATA', 5102504);
insert into tblEscola (IdINEP, NomeEscola, IdMunicipio) values (51061651, 'CENTROEDUCACIONALDEENSINOESPECIAL', 5106257);
insert into tblEscola (IdINEP, NomeEscola, IdMunicipio) values (51061929, 'EEPSGULISSESGUIMARAES', 5102678);
insert into tblEscola (IdINEP, NomeEscola, IdMunicipio) values (51062356, 'EMBRINCANDOEAPRENDENDO', 5102504);
insert into tblEscola (IdINEP, NomeEscola, IdMunicipio) values (51062542, 'EMMARECHALRONDOMEXTENSÃOII', 5102504);
insert into tblEscola (IdINEP, NomeEscola, IdMunicipio) values (51062550, 'EMMARECHALRONDOMEXTENSÃOI', 5102504);
insert into tblEscola (IdINEP, NomeEscola, IdMunicipio) values (51062569, 'EMEIBRINCANDOEAPRENDENDOEXTENSÃOI', 5102504);
insert into tblEscola (IdINEP, NomeEscola, IdMunicipio) values (51062585, 'EMPEQUENOSÁBIO', 5102504);
insert into tblEscola (IdINEP, NomeEscola, IdMunicipio) values (51062704, 'CENTROEDUCACIONALCENECISTA1ºDEMAIO', 5102504);
insert into tblEscola (IdINEP, NomeEscola, IdMunicipio) values (51062712, 'EMEIBRINCANDOEAPRENDENDOEXT.II', 5102504);
insert into tblEscola (IdINEP, NomeEscola, IdMunicipio) values (51062739, 'EMDUQUEDECAXIAS', 5102504);
insert into tblEscola (IdINEP, NomeEscola, IdMunicipio) values (51063336, 'ESCOLAPARTICULARDOINSTITUTOSANTAMARIA', 5102504);
insert into tblEscola (IdINEP, NomeEscola, IdMunicipio) values (51063816, 'E.M.LÁZARAFALQUEIRODEAQUINO', 5102504);
insert into tblEscola (IdINEP, NomeEscola, IdMunicipio) values (51063859, 'EMEI.ITAMARATINORTE', 5102637);
insert into tblEscola (IdINEP, NomeEscola, IdMunicipio) values (51063867, 'EMEI.HESTHABEATAKETTENERHEIDEMANN', 5102637);
insert into tblEscola (IdINEP, NomeEscola, IdMunicipio) values (51063875, 'EMEI.NOSSASENHORAAPARECIDA', 5102637);
insert into tblEscola (IdINEP, NomeEscola, IdMunicipio) values (51063883, 'EMEI.JORDANAARAÚJODASILVA', 5102637);
insert into tblEscola (IdINEP, NomeEscola, IdMunicipio) values (51063972, 'E.M.JARDIMDASPALMEIRAS', 5102637);
insert into tblEscola (IdINEP, NomeEscola, IdMunicipio) values (51063980, 'CENTRODEENSINOINTEGRADODOPARECIS', 5102637);
insert into tblEscola (IdINEP, NomeEscola, IdMunicipio) values (51086247, 'EMPGSAOLOURENÇO', 5102678);
insert into tblEscola (IdINEP, NomeEscola, IdMunicipio) values (51086298, 'EMPGSANTOANTONIODAFARTURA', 5102678);
insert into tblEscola (IdINEP, NomeEscola, IdMunicipio) values (51086301, 'CENTROEDUCACIONALBEMMEQUER', 5102678);
insert into tblEscola (IdINEP, NomeEscola, IdMunicipio) values (51086310, 'CENTROEDUCACIONALAMERECILDACONCEIÇÃOFERNANDESREZENDE', 5102678);
insert into tblEscola (IdINEP, NomeEscola, IdMunicipio) values (51086689, 'EMEI.KARINEALVESMAFORTE', 5102637);
insert into tblEscola (IdINEP, NomeEscola, IdMunicipio) values (51086719, 'ESCOLAMUNICIPALNOSSASENHORAAPARECIDA', 5102637);
insert into tblEscola (IdINEP, NomeEscola, IdMunicipio) values (51086980, 'CENTROEDUCACIONALGERAÇÃO2000', 5106257);
insert into tblEscola (IdINEP, NomeEscola, IdMunicipio) values (51087340, 'EMPROFªVERALÍGIABALDOV', 5102504);
insert into tblEscola (IdINEP, NomeEscola, IdMunicipio) values (51087359, 'CENTROMUNICIPALDEEDUCAÇÃOINFANTIL', 5102504);
insert into tblEscola (IdINEP, NomeEscola, IdMunicipio) values (51087677, 'E.M.NIVALDOALVESDACOSTA', 5102637);
insert into tblEscola (IdINEP, NomeEscola, IdMunicipio) values (51087715, 'ESCOLACOOPERCAMP', 5102678);
insert into tblEscola (IdINEP, NomeEscola, IdMunicipio) values (51087766, 'EDUCANDÁRIOESPÍRITAMARIADELOURDES', 5102678);
insert into tblEscola (IdINEP, NomeEscola, IdMunicipio) values (51088223, 'EEPROFNATALINOFERREIRAMENDES', 5102504);
insert into tblEscola (IdINEP, NomeEscola, IdMunicipio) values (51089327, 'ESCOLAESPECIALFREIGUMARU-APAE', 5102504);
insert into tblEscola (IdINEP, NomeEscola, IdMunicipio) values (51089335, 'INSTITUTOEDUCACIONALDECÁCERES', 5102504);
insert into tblEscola (IdINEP, NomeEscola, IdMunicipio) values (51089432, 'EEPADREARLINDOIGNÁCIODEOLIVEIRA', 5102637);
insert into tblEscola (IdINEP, NomeEscola, IdMunicipio) values (51089629, 'ESCOLAMUNICIPALMONTEIROLOBATO', 5102678);
insert into tblEscola (IdINEP, NomeEscola, IdMunicipio) values (51090350, 'ESCOLAMUNICIPALJOÃOPONCEDEARRUDA', 5102678);
insert into tblEscola (IdINEP, NomeEscola, IdMunicipio) values (51090511, 'CRECHEEVANGELICA', 5102504);
insert into tblEscola (IdINEP, NomeEscola, IdMunicipio) values (51090570, 'ESCOLAMUNICIPALPROFEDUARDOBENEVIDESLINDOTE', 5102504);
insert into tblEscola (IdINEP, NomeEscola, IdMunicipio) values (51090589, 'ESCOLAMUNICIPALUNIAOETRABALHO', 5102504);
insert into tblEscola (IdINEP, NomeEscola, IdMunicipio) values (51091747, 'EEPROF.JOÃOFLORENTINOSILVANETO', 5102504);
insert into tblEscola (IdINEP, NomeEscola, IdMunicipio) values (51093251, 'E.M.FAZENDOARTE', 5102504);
insert into tblEscola (IdINEP, NomeEscola, IdMunicipio) values (51093260, 'E.M.GOTINHASDOSABER', 5102504);
insert into tblEscola (IdINEP, NomeEscola, IdMunicipio) values (51094282, 'ESCOLAMUNICIPALPROVINCIADEAREZZO', 5102504);
insert into tblEscola (IdINEP, NomeEscola, IdMunicipio) values (51094673, 'ESCOLAMUNICIPALPROFESSORJOSÉRODRIGUESSILQUEIRA', 5106257);
insert into tblEscola (IdINEP, NomeEscola, IdMunicipio) values (51095033, 'CENTROEDUCACIONALPAULOFREIRE', 5102678);
insert into tblEscola (IdINEP, NomeEscola, IdMunicipio) values (51097605, 'Q.I.CENTROEDUCACIONAL', 5102504);
insert into tblEscola (IdINEP, NomeEscola, IdMunicipio) values (51097800, 'COLEGIOBATISTADECÁCERES', 5102504);
insert into tblEscola (IdINEP, NomeEscola, IdMunicipio) values (51103800, 'CENTROEDUCACIONALPAULOFREIRE', 5102678);
insert into tblEscola (IdINEP, NomeEscola, IdMunicipio) values (51105802, 'CENTROINTEGRADODEENSINOMÉDIOPROGRESSO', 5102678);
insert into tblEscola (IdINEP, NomeEscola, IdMunicipio) values (52010279, 'COLEGIOCENECISTADEPORANGATU', 5218003);
insert into tblEscola (IdINEP, NomeEscola, IdMunicipio) values (52010287, 'COLÉGIOESTADUALSTELLANISKOPANAKISPACHECO', 5218003);
insert into tblEscola (IdINEP, NomeEscola, IdMunicipio) values (52010309, 'COLÉGIOESTADUALPROFESSORWALDEMARLOPESAMARALBRITO', 5218003);
insert into tblEscola (IdINEP, NomeEscola, IdMunicipio) values (52010317, 'ESCOLAESTADUALDONAGERCINABORGESTEIXEIRA', 5218003);
insert into tblEscola (IdINEP, NomeEscola, IdMunicipio) values (52010325, 'COLÉGIOESTADUALJOÃOFAGUNDESFURTADO', 5218003);
insert into tblEscola (IdINEP, NomeEscola, IdMunicipio) values (52010333, 'ESCESTJOSEANTONIODEMATTOS', 5218003);
insert into tblEscola (IdINEP, NomeEscola, IdMunicipio) values (52010341, 'ESCOLAESTADUALPEDROII', 5218003);
insert into tblEscola (IdINEP, NomeEscola, IdMunicipio) values (52010350, 'COLÉGIOESTADUALPRESIDENTEKENNEDY', 5218003);
insert into tblEscola (IdINEP, NomeEscola, IdMunicipio) values (52010368, 'COLÉGIOESTADUALTOMAZMARTINSDACUNHA', 5218003);
insert into tblEscola (IdINEP, NomeEscola, IdMunicipio) values (52010376, 'ESCOLAEVANGELICAPRESBITERIANADEPORANGATU', 5218003);
insert into tblEscola (IdINEP, NomeEscola, IdMunicipio) values (52010392, 'ESCOLAISOLADALUDOVICOPEREIRADOLAGO', 5218003);
insert into tblEscola (IdINEP, NomeEscola, IdMunicipio) values (52010511, 'ESCREUNIDAADELINOAMERICODEAZEVEDO', 5218003);
insert into tblEscola (IdINEP, NomeEscola, IdMunicipio) values (52010520, 'ESCMULANTONIODEBGARCAO', 5218003);
insert into tblEscola (IdINEP, NomeEscola, IdMunicipio) values (52010554, 'ESCOLAREUNIDABRANDINATAVARES', 5218003);
insert into tblEscola (IdINEP, NomeEscola, IdMunicipio) values (52010570, 'ESCREUNIDADACAPELINHA', 5218003);
insert into tblEscola (IdINEP, NomeEscola, IdMunicipio) values (52010589, 'ESCMULEUZEBIOMARTINSDACUNHA', 5218003);
insert into tblEscola (IdINEP, NomeEscola, IdMunicipio) values (52010600, 'ESCMULFRANCISCOBORGESDASILVA', 5218003);
insert into tblEscola (IdINEP, NomeEscola, IdMunicipio) values (52010627, 'ESCMULJESUINOGONCALVESDOSREIS', 5218003);
insert into tblEscola (IdINEP, NomeEscola, IdMunicipio) values (52010643, 'ESCOLAMUNICIPALLUIZALVESPEREIRA', 5218003);
insert into tblEscola (IdINEP, NomeEscola, IdMunicipio) values (52010660, 'ESCMULMARIAVIEIRASOARES', 5218003);
insert into tblEscola (IdINEP, NomeEscola, IdMunicipio) values (52010686, 'ESCOLAMUNICIPALMONJOLO', 5218003);
insert into tblEscola (IdINEP, NomeEscola, IdMunicipio) values (52010716, 'ESCOLAISOLADANOSSASENHORAAPARECIDA', 5218003);
insert into tblEscola (IdINEP, NomeEscola, IdMunicipio) values (52010732, 'ESCOLAMUNICIPALPROFAMARIADASGRACASMARQUESDEMORAIS', 5218003);
insert into tblEscola (IdINEP, NomeEscola, IdMunicipio) values (52010821, 'ESCMULSTATEREZINHA', 5218003);
insert into tblEscola (IdINEP, NomeEscola, IdMunicipio) values (52010848, 'ESCMULVISTAALEGRE', 5218003);
insert into tblEscola (IdINEP, NomeEscola, IdMunicipio) values (52010856, 'COLÉGIOPAROQUIALNOSSASRADEFATIMA', 5218003);
insert into tblEscola (IdINEP, NomeEscola, IdMunicipio) values (52010880, 'ESCREUNIDALINDAVISTA', 5218003);
insert into tblEscola (IdINEP, NomeEscola, IdMunicipio) values (52010899, 'ESCMULREUNIDASAOSEBASTIAO', 5218003);
insert into tblEscola (IdINEP, NomeEscola, IdMunicipio) values (52010929, 'ESCOLAADVENTISTADEPORANGATU', 5218003);
insert into tblEscola (IdINEP, NomeEscola, IdMunicipio) values (52010945, 'ESCMULREUNIDADOESTREITO', 5218003);
insert into tblEscola (IdINEP, NomeEscola, IdMunicipio) values (52069435, 'ESCMULPROFMARIAJOSEGONÇALVES', 5218003);
insert into tblEscola (IdINEP, NomeEscola, IdMunicipio) values (52069494, 'ESCOLAMUNICIPALPRESIDIODESANTACRUZ', 5218003);
insert into tblEscola (IdINEP, NomeEscola, IdMunicipio) values (52069826, 'CENTRODEENSINOESPECIALELIZAGOMESDASILVA', 5218003);
insert into tblEscola (IdINEP, NomeEscola, IdMunicipio) values (52072223, 'ESCMULNOSSASENHORADAPIEDADE', 5218003);
insert into tblEscola (IdINEP, NomeEscola, IdMunicipio) values (52072240, 'ESCOLAMUNICIPALISOLADASOPHIAJOANNAJUNKERCORADI', 5218003);
insert into tblEscola (IdINEP, NomeEscola, IdMunicipio) values (52072258, 'ESCMULJOSENUNESDEOLIVEIRA', 5218003);
insert into tblEscola (IdINEP, NomeEscola, IdMunicipio) values (52072266, 'ESCOLAISOLADAHILARIOJOSEDACOSTA', 5218003);
insert into tblEscola (IdINEP, NomeEscola, IdMunicipio) values (52074498, 'CENTROEDUCACIONALEVANGELICOLIBER', 5218003);
insert into tblEscola (IdINEP, NomeEscola, IdMunicipio) values (52075664, 'COLEGIOINTERCOM2000', 5218003);
insert into tblEscola (IdINEP, NomeEscola, IdMunicipio) values (52084620, 'ESCMULVEREADORMAURICIOREIS', 5218003);
insert into tblEscola (IdINEP, NomeEscola, IdMunicipio) values (52084647, 'ESCISOLADAANTONIOMARTINSDACUNHA', 5218003);
insert into tblEscola (IdINEP, NomeEscola, IdMunicipio) values (52084817, 'INSTITUTOPRESBITERIANODEENSINOIPEN', 5218003);
insert into tblEscola (IdINEP, NomeEscola, IdMunicipio) values (52084906, 'CENTRODEEDUCAÇÃOINFANTILABELHINHA', 5218003);
insert into tblEscola (IdINEP, NomeEscola, IdMunicipio) values (52084922, 'CRECHEGENTEPEQUENA', 5218003);
insert into tblEscola (IdINEP, NomeEscola, IdMunicipio) values (52084930, 'CENTROEDUCACIONALGERALDOMONTEIRODELIMA', 5218003);
insert into tblEscola (IdINEP, NomeEscola, IdMunicipio) values (52084949, 'CRECHELARDOSCANARINHOS', 5218003);
insert into tblEscola (IdINEP, NomeEscola, IdMunicipio) values (52084957, 'CRECHELARINFANTILSAOVICENTEDEPAULA', 5218003);
insert into tblEscola (IdINEP, NomeEscola, IdMunicipio) values (52084965, 'CRECHEPROFSEBASTIAOMANOELFERNANDES', 5218003);
insert into tblEscola (IdINEP, NomeEscola, IdMunicipio) values (52085066, 'CENTRODEEDUCAÇAOINFANTILFORMIGUINHA', 5218003);
insert into tblEscola (IdINEP, NomeEscola, IdMunicipio) values (52088650, 'CRECHEDONAANIZIACAVALCANTEBATISTA', 5218003);
insert into tblEscola (IdINEP, NomeEscola, IdMunicipio) values (52090183, 'SENACCENTRODEEDUCACAOPROFISSIONALDEPORANGATU', 5218003);
insert into tblEscola (IdINEP, NomeEscola, IdMunicipio) values (52093794, 'ESCISOLADABASILIOMARTINSDACUNHA', 5218003);
insert into tblEscola (IdINEP, NomeEscola, IdMunicipio) values (52093808, 'NEO-INSTITUIÇÃODEENSINOLTDA', 5218003);
insert into tblEscola (IdINEP, NomeEscola, IdMunicipio) values (52121232, 'ESCOLAEVANGELICAEBENEZER', 5218003);
insert into tblEscola (IdINEP, NomeEscola, IdMunicipio) values (53004973, 'CAICPROFBENEDITOCARLOSDEOLIVEIRA', 5300108);
insert into tblEscola (IdINEP, NomeEscola, IdMunicipio) values (53004981, 'CEFINCRA08', 5300108);
insert into tblEscola (IdINEP, NomeEscola, IdMunicipio) values (53004990, 'CEF01DEBRAZLANDIA', 5300108);
insert into tblEscola (IdINEP, NomeEscola, IdMunicipio) values (53005007, 'CEFVENDINHA', 5300108);
insert into tblEscola (IdINEP, NomeEscola, IdMunicipio) values (53005015, 'CEM01DEBRAZLANDIA', 5300108);
insert into tblEscola (IdINEP, NomeEscola, IdMunicipio) values (53005023, 'CED02DEBRAZLANDIA', 5300108);
insert into tblEscola (IdINEP, NomeEscola, IdMunicipio) values (53005040, 'CEE01DEBRAZLANDIA', 5300108);
insert into tblEscola (IdINEP, NomeEscola, IdMunicipio) values (53005074, 'EC01DEBRAZLANDIA', 5300108);
insert into tblEscola (IdINEP, NomeEscola, IdMunicipio) values (53005082, 'EC03DEBRAZLANDIA', 5300108);
insert into tblEscola (IdINEP, NomeEscola, IdMunicipio) values (53005090, 'CEF02DEBRAZLANDIA', 5300108);
insert into tblEscola (IdINEP, NomeEscola, IdMunicipio) values (53005104, 'EC05DEBRAZLANDIA', 5300108);
insert into tblEscola (IdINEP, NomeEscola, IdMunicipio) values (53005112, 'EC06DEBRAZLANDIA', 5300108);
insert into tblEscola (IdINEP, NomeEscola, IdMunicipio) values (53005120, 'EC07DEBRAZLANDIA', 5300108);
insert into tblEscola (IdINEP, NomeEscola, IdMunicipio) values (53005139, 'EC08DEBRAZLANDIA', 5300108);
insert into tblEscola (IdINEP, NomeEscola, IdMunicipio) values (53005147, 'ECALMECEGAS', 5300108);
insert into tblEscola (IdINEP, NomeEscola, IdMunicipio) values (53005155, 'ECBUCANHAO', 5300108);
insert into tblEscola (IdINEP, NomeEscola, IdMunicipio) values (53005163, 'ECCHAPADINHA', 5300108);
insert into tblEscola (IdINEP, NomeEscola, IdMunicipio) values (53005171, 'ECCURRALINHO', 5300108);
insert into tblEscola (IdINEP, NomeEscola, IdMunicipio) values (53005180, 'ECINCRA06', 5300108);
insert into tblEscola (IdINEP, NomeEscola, IdMunicipio) values (53005198, 'ECINCRA07', 5300108);
insert into tblEscola (IdINEP, NomeEscola, IdMunicipio) values (53005201, 'ECPOLOAGRICOLADATORRE', 5300108);
insert into tblEscola (IdINEP, NomeEscola, IdMunicipio) values (53005210, 'CEFIRMARIAREGINA', 5300108);
insert into tblEscola (IdINEP, NomeEscola, IdMunicipio) values (53005252, 'CEI01DEBRAZLANDIA', 5300108);
insert into tblEscola (IdINEP, NomeEscola, IdMunicipio) values (53005260, 'JIMENINOJESUS', 5300108);
insert into tblEscola (IdINEP, NomeEscola, IdMunicipio) values (53008146, 'ECINCRA09', 5300108);
insert into tblEscola (IdINEP, NomeEscola, IdMunicipio) values (53012720, 'CED03DEBRAZLANDIA', 5300108);
insert into tblEscola (IdINEP, NomeEscola, IdMunicipio) values (53012976, 'CILDEBRAZLANDIA', 5300108);
insert into tblEscola (IdINEP, NomeEscola, IdMunicipio) values (53014545, 'EC01INCRA08', 5300108);
insert into tblEscola (IdINEP, NomeEscola, IdMunicipio) values (53014553, 'CEF03DEBRAZLANDIA', 5300108);

--tblTipoAcidenteEscola
insert into tblTipoAcidenteEscola (IdTipoAcidenteEscola, Descricao) values (1, 'Atropelamento');
insert into tblTipoAcidenteEscola (IdTipoAcidenteEscola, Descricao) values (2, 'Contatocomabicicleta(corrente,freios,raios,etc)');
insert into tblTipoAcidenteEscola (IdTipoAcidenteEscola, Descricao) values (3, 'Queda');
insert into tblTipoAcidenteEscola (IdTipoAcidenteEscola, Descricao) values (4, 'Colisão(batida)');
insert into tblTipoAcidenteEscola (IdTipoAcidenteEscola, Descricao) values (5, 'Outros');
insert into tblTipoAcidenteEscola (IdTipoAcidenteEscola, Descricao) values (0, 'Nãoresposta');

--tblTipoAcompanhanteEscola
insert into tblTipoAcompanhanteEscola (IdTipoAcompanhanteEscola, Descricao) values (1, 'Colegasdaescola');
insert into tblTipoAcompanhanteEscola (IdTipoAcompanhanteEscola, Descricao) values (2, 'Pais/Responsáveis');
insert into tblTipoAcompanhanteEscola (IdTipoAcompanhanteEscola, Descricao) values (3, 'Outrosparentes');
insert into tblTipoAcompanhanteEscola (IdTipoAcompanhanteEscola, Descricao) values (4, 'Vizinhos');
insert into tblTipoAcompanhanteEscola (IdTipoAcompanhanteEscola, Descricao) values (5, 'Outros');
insert into tblTipoAcompanhanteEscola (IdTipoAcompanhanteEscola, Descricao) values (0, 'Nãoresposta');
insert into tblTipoAcompanhanteEscola (IdTipoAcompanhanteEscola, Descricao) values (6, 'Irmãos');

--tblTipoAtividade
insert into tblTipoAtividade (IdTipoAtividade, Descricao) values (0, 'NãoUsaria');
insert into tblTipoAtividade (IdTipoAtividade, Descricao) values (1, 'Atividadeescolarextraclasse');
insert into tblTipoAtividade (IdTipoAtividade, Descricao) values (2, 'Atividadefísica');
insert into tblTipoAtividade (IdTipoAtividade, Descricao) values (3, 'Competiçõesesportivas');
insert into tblTipoAtividade (IdTipoAtividade, Descricao) values (4, 'Iraotrabalho');
insert into tblTipoAtividade (IdTipoAtividade, Descricao) values (5, 'Passeios');
insert into tblTipoAtividade (IdTipoAtividade, Descricao) values (6, 'PrestarServiços(entregarjornal,pão,etc)');
insert into tblTipoAtividade (IdTipoAtividade, Descricao) values (7, 'Outros');
insert into tblTipoAtividade (IdTipoAtividade, Descricao) values (8, 'Brincar');
insert into tblTipoAtividade (IdTipoAtividade, Descricao) values (9, 'Compras');
insert into tblTipoAtividade (IdTipoAtividade, Descricao) values (10, 'Iràescola');

--tblTipoBicicleta
insert into tblTipoBicicleta (IdTipoDefeitoBicicleta, Descricao) values (1, 'Câmbio(marchas)');
insert into tblTipoBicicleta (IdTipoDefeitoBicicleta, Descricao) values (2, 'Catraca');
insert into tblTipoBicicleta (IdTipoDefeitoBicicleta, Descricao) values (3, 'Corrente');
insert into tblTipoBicicleta (IdTipoDefeitoBicicleta, Descricao) values (4, 'Coroa');
insert into tblTipoBicicleta (IdTipoDefeitoBicicleta, Descricao) values (5, 'Pedais');
insert into tblTipoBicicleta (IdTipoDefeitoBicicleta, Descricao) values (6, 'Freios');
insert into tblTipoBicicleta (IdTipoDefeitoBicicleta, Descricao) values (7, 'Garupa');
insert into tblTipoBicicleta (IdTipoDefeitoBicicleta, Descricao) values (8, 'Selim(assento,banco)');
insert into tblTipoBicicleta (IdTipoDefeitoBicicleta, Descricao) values (9, 'Rodas/Pneus');
insert into tblTipoBicicleta (IdTipoDefeitoBicicleta, Descricao) values (10, 'Guidão');
insert into tblTipoBicicleta (IdTipoDefeitoBicicleta, Descricao) values (11, 'Quadro');
insert into tblTipoBicicleta (IdTipoDefeitoBicicleta, Descricao) values (12, 'Outros');
insert into tblTipoBicicleta (IdTipoDefeitoBicicleta, Descricao) values (13, 'Pintura');
insert into tblTipoBicicleta (IdTipoDefeitoBicicleta, Descricao) values (14, 'Nada');
insert into tblTipoBicicleta (IdTipoDefeitoBicicleta, Descricao) values (15, 'Tudo');

--tblTipoCalcado
insert into tblTipoCalcado (IdTipoCalcado, Descricao) values (1, 'Nenhum');
insert into tblTipoCalcado (IdTipoCalcado, Descricao) values (2, 'Chinelo');
insert into tblTipoCalcado (IdTipoCalcado, Descricao) values (3, 'Sandália');
insert into tblTipoCalcado (IdTipoCalcado, Descricao) values (4, 'Sapato');
insert into tblTipoCalcado (IdTipoCalcado, Descricao) values (5, 'Tênis');
insert into tblTipoCalcado (IdTipoCalcado, Descricao) values (6, 'Bota');
insert into tblTipoCalcado (IdTipoCalcado, Descricao) values (7, 'Outros');

--tblTipoComoVaoEscola
insert into tblTipoComoVaoEscola (IdTipoComoVaoEscola, Descricao) values (1, 'Apé');
insert into tblTipoComoVaoEscola (IdTipoComoVaoEscola, Descricao) values (2, 'BicicletaPrópria');
insert into tblTipoComoVaoEscola (IdTipoComoVaoEscola, Descricao) values (3, 'Montariaemanimal,veiculodetraçãoanimal');
insert into tblTipoComoVaoEscola (IdTipoComoVaoEscola, Descricao) values (4, 'TEparticular');
insert into tblTipoComoVaoEscola (IdTipoComoVaoEscola, Descricao) values (5, 'Transportemotorizadopróprio(carro,moto)');
insert into tblTipoComoVaoEscola (IdTipoComoVaoEscola, Descricao) values (6, 'Transportecoletivoregular(s/passeescolar)');
insert into tblTipoComoVaoEscola (IdTipoComoVaoEscola, Descricao) values (7, 'Barco(commotor,semmotor,canoa');
insert into tblTipoComoVaoEscola (IdTipoComoVaoEscola, Descricao) values (8, 'Outros');

--tblTipoConsertaBicicleta
insert into tblTipoConsertaBicicleta (IdTipoConsertaBicicleta, Descricao) values (0, 'Nãoconserta');
insert into tblTipoConsertaBicicleta (IdTipoConsertaBicicleta, Descricao) values (1, 'Amigo');
insert into tblTipoConsertaBicicleta (IdTipoConsertaBicicleta, Descricao) values (2, 'Mecânico');
insert into tblTipoConsertaBicicleta (IdTipoConsertaBicicleta, Descricao) values (3, 'Pais/Parentes');
insert into tblTipoConsertaBicicleta (IdTipoConsertaBicicleta, Descricao) values (4, 'Vocêmesmo');
insert into tblTipoConsertaBicicleta (IdTipoConsertaBicicleta, Descricao) values (5, 'Outros');

--tblTipoCuidadoBicicleta
insert into tblTipoCuidadoBicicleta (IdTipoCuidadoBicicleta, Descricao) values (1, 'Calibraospneus');
insert into tblTipoCuidadoBicicleta (IdTipoCuidadoBicicleta, Descricao) values (2, 'Evitaarranhões');
insert into tblTipoCuidadoBicicleta (IdTipoCuidadoBicicleta, Descricao) values (3, 'Lava');
insert into tblTipoCuidadoBicicleta (IdTipoCuidadoBicicleta, Descricao) values (4, 'Evitadesgaste');
insert into tblTipoCuidadoBicicleta (IdTipoCuidadoBicicleta, Descricao) values (5, 'Lubrifica');
insert into tblTipoCuidadoBicicleta (IdTipoCuidadoBicicleta, Descricao) values (6, 'Manutenção');
insert into tblTipoCuidadoBicicleta (IdTipoCuidadoBicicleta, Descricao) values (7, 'Limpa');
insert into tblTipoCuidadoBicicleta (IdTipoCuidadoBicicleta, Descricao) values (8, 'Outros');

--tblTipoDeslocamento
insert into tblTipoDeslocamento (IdTipoAtividade, Descricao) values (0, 'Nãousaria');
insert into tblTipoDeslocamento (IdTipoAtividade, Descricao) values (2, 'AtividadeFísica');
insert into tblTipoDeslocamento (IdTipoAtividade, Descricao) values (3, 'CompetiçõesEsportivas');
insert into tblTipoDeslocamento (IdTipoAtividade, Descricao) values (4, 'Iraotrabalho');
insert into tblTipoDeslocamento (IdTipoAtividade, Descricao) values (5, 'Passeios');
insert into tblTipoDeslocamento (IdTipoAtividade, Descricao) values (6, 'Prestarserviços(entregarjornal,pão,etc.');
insert into tblTipoDeslocamento (IdTipoAtividade, Descricao) values (7, 'Outros');
insert into tblTipoDeslocamento (IdTipoAtividade, Descricao) values (9, 'Compras');
insert into tblTipoDeslocamento (IdTipoAtividade, Descricao) values (10, 'Iràescola');

--tblTipoEmpurra
insert into tblTipoEmpurra (IdTipoEmpurra, Descricao) values (1, 'Aclives(rampas,morros,ladeiras)');
insert into tblTipoEmpurra (IdTipoEmpurra, Descricao) values (2, 'Lamaçal');
insert into tblTipoEmpurra (IdTipoEmpurra, Descricao) values (3, 'Empoçamentos');
insert into tblTipoEmpurra (IdTipoEmpurra, Descricao) values (4, 'Travessiaderuas');
insert into tblTipoEmpurra (IdTipoEmpurra, Descricao) values (5, 'Outros');

--tblTipoEquipamentoProtecao
insert into tblTipoEquipamentoProtecao (IdTipoEquipamentoProtecao, Descricao) values (1, 'Capacete');
insert into tblTipoEquipamentoProtecao (IdTipoEquipamentoProtecao, Descricao) values (2, 'Cotoveleira');
insert into tblTipoEquipamentoProtecao (IdTipoEquipamentoProtecao, Descricao) values (3, 'Joelheira');
insert into tblTipoEquipamentoProtecao (IdTipoEquipamentoProtecao, Descricao) values (4, 'Outros');
insert into tblTipoEquipamentoProtecao (IdTipoEquipamentoProtecao, Descricao) values (0, 'Nãoresposta');

--tblTipoEscolaridade
insert into tblTipoEscolaridade (IdTipoEscolaridade, Descricao) values (1, 'EnsinoFundamental1ªsérie');
insert into tblTipoEscolaridade (IdTipoEscolaridade, Descricao) values (2, 'EnsinoFundamental2ªsérie');
insert into tblTipoEscolaridade (IdTipoEscolaridade, Descricao) values (3, 'EnsinoFundamental3ªsérie');
insert into tblTipoEscolaridade (IdTipoEscolaridade, Descricao) values (4, 'EnsinoFundamental4ªsérie');
insert into tblTipoEscolaridade (IdTipoEscolaridade, Descricao) values (5, 'EnsinoFundamental5ªsérie');
insert into tblTipoEscolaridade (IdTipoEscolaridade, Descricao) values (6, 'EnsinoFundamental6ªsérie');
insert into tblTipoEscolaridade (IdTipoEscolaridade, Descricao) values (7, 'EnsinoFundamental7ªsérie');
insert into tblTipoEscolaridade (IdTipoEscolaridade, Descricao) values (8, 'EnsinoFundamental8ªsérie');
insert into tblTipoEscolaridade (IdTipoEscolaridade, Descricao) values (9, 'EnsinoFundamental9ªsérie');
insert into tblTipoEscolaridade (IdTipoEscolaridade, Descricao) values (10, 'EnsinoMédio1ºano');
insert into tblTipoEscolaridade (IdTipoEscolaridade, Descricao) values (11, 'EnsinoMédio2ºano');
insert into tblTipoEscolaridade (IdTipoEscolaridade, Descricao) values (12, 'EnsinoMédio3ºano');
insert into tblTipoEscolaridade (IdTipoEscolaridade, Descricao) values (13, 'EJAFundamental');
insert into tblTipoEscolaridade (IdTipoEscolaridade, Descricao) values (14, 'EJAMédio');
insert into tblTipoEscolaridade (IdTipoEscolaridade, Descricao) values (15, 'SuperiorIncompleto');
insert into tblTipoEscolaridade (IdTipoEscolaridade, Descricao) values (16, 'SuperiorCompleto');
insert into tblTipoEscolaridade (IdTipoEscolaridade, Descricao) values (17, 'SemEscolaridade');
insert into tblTipoEscolaridade (IdTipoEscolaridade, Descricao) values (0, 'Educaçãoinfantil');
insert into tblTipoEscolaridade (IdTipoEscolaridade, Descricao) values (18, 'EnsinoMédioCompleto');
insert into tblTipoEscolaridade (IdTipoEscolaridade, Descricao) values (19, 'Técnico');
insert into tblTipoEscolaridade (IdTipoEscolaridade, Descricao) values (20, 'EnsinoFundamentalCompleto');

--tblTipoGuardaBicicleta
insert into tblTipoGuardaBicicleta (IdTipoOndeGuardaBicicleta, Descricao) values (3, 'Narua');
insert into tblTipoGuardaBicicleta (IdTipoOndeGuardaBicicleta, Descricao) values (5, 'Bicicletáriodentrodaescola');
insert into tblTipoGuardaBicicleta (IdTipoOndeGuardaBicicleta, Descricao) values (6, 'Bicicletárioforadaescola');
insert into tblTipoGuardaBicicleta (IdTipoOndeGuardaBicicleta, Descricao) values (7, 'Para-ciclodentrodaescola');
insert into tblTipoGuardaBicicleta (IdTipoOndeGuardaBicicleta, Descricao) values (8, 'Pátiodaescola');
insert into tblTipoGuardaBicicleta (IdTipoOndeGuardaBicicleta, Descricao) values (9, 'Saladeaula');
insert into tblTipoGuardaBicicleta (IdTipoOndeGuardaBicicleta, Descricao) values (16, 'Outros');
insert into tblTipoGuardaBicicleta (IdTipoOndeGuardaBicicleta, Descricao) values (17, 'Para-cicloforadaescola');

--tblTipoLocalEstacionamento
insert into tblTipoLocalEstacionamento (IdTipoLocalEstacionamento, Descricao) values (1, 'Dentrodecasa');
insert into tblTipoLocalEstacionamento (IdTipoLocalEstacionamento, Descricao) values (2, 'Garagem');
insert into tblTipoLocalEstacionamento (IdTipoLocalEstacionamento, Descricao) values (3, 'Narua');
insert into tblTipoLocalEstacionamento (IdTipoLocalEstacionamento, Descricao) values (4, 'Noquintal');
insert into tblTipoLocalEstacionamento (IdTipoLocalEstacionamento, Descricao) values (5, 'Bicicletáriodentrodaescola');
insert into tblTipoLocalEstacionamento (IdTipoLocalEstacionamento, Descricao) values (6, 'Bicicletárioforadaescola');
insert into tblTipoLocalEstacionamento (IdTipoLocalEstacionamento, Descricao) values (7, 'Para-ciclodentrodaescola');
insert into tblTipoLocalEstacionamento (IdTipoLocalEstacionamento, Descricao) values (8, 'Pátiodaescola');
insert into tblTipoLocalEstacionamento (IdTipoLocalEstacionamento, Descricao) values (9, 'Saladeaula');
insert into tblTipoLocalEstacionamento (IdTipoLocalEstacionamento, Descricao) values (10, 'NopróprioTE');
insert into tblTipoLocalEstacionamento (IdTipoLocalEstacionamento, Descricao) values (11, 'Bicicletário');
insert into tblTipoLocalEstacionamento (IdTipoLocalEstacionamento, Descricao) values (12, 'Árvores/Cercas/Postes/Grades');
insert into tblTipoLocalEstacionamento (IdTipoLocalEstacionamento, Descricao) values (13, 'Cais');
insert into tblTipoLocalEstacionamento (IdTipoLocalEstacionamento, Descricao) values (14, 'Pier');
insert into tblTipoLocalEstacionamento (IdTipoLocalEstacionamento, Descricao) values (15, 'Porto');
insert into tblTipoLocalEstacionamento (IdTipoLocalEstacionamento, Descricao) values (16, 'Outros');
insert into tblTipoLocalEstacionamento (IdTipoLocalEstacionamento, Descricao) values (17, 'Para-cicloforadaescola');
insert into tblTipoLocalEstacionamento (IdTipoLocalEstacionamento, Descricao) values (18, 'Nãoutiliza');

--tblTipoMotivoUtilizacao
insert into tblTipoMotivoUtilizacao (IdTipoMotivoUtilizacao, Descricao) values (1, 'Éaúnicaopção,anãosercaminhar');
insert into tblTipoMotivoUtilizacao (IdTipoMotivoUtilizacao, Descricao) values (2, 'Émaisconfortável');
insert into tblTipoMotivoUtilizacao (IdTipoMotivoUtilizacao, Descricao) values (3, 'Émaisdivertido');
insert into tblTipoMotivoUtilizacao (IdTipoMotivoUtilizacao, Descricao) values (4, 'Émaisrápido');
insert into tblTipoMotivoUtilizacao (IdTipoMotivoUtilizacao, Descricao) values (5, 'Émaissaudável');
insert into tblTipoMotivoUtilizacao (IdTipoMotivoUtilizacao, Descricao) values (6, 'Paraircomcolegas/amigos');
insert into tblTipoMotivoUtilizacao (IdTipoMotivoUtilizacao, Descricao) values (7, 'Porordemdopai/responsável');
insert into tblTipoMotivoUtilizacao (IdTipoMotivoUtilizacao, Descricao) values (8, 'Outros');
insert into tblTipoMotivoUtilizacao (IdTipoMotivoUtilizacao, Descricao) values (0, 'Nãoresposta');
insert into tblTipoMotivoUtilizacao (IdTipoMotivoUtilizacao, Descricao) values (9, 'Écansativo');
insert into tblTipoMotivoUtilizacao (IdTipoMotivoUtilizacao, Descricao) values (10, 'Distância');
insert into tblTipoMotivoUtilizacao (IdTipoMotivoUtilizacao, Descricao) values (11, 'Nãoéseguro(medodeacidente)');
insert into tblTipoMotivoUtilizacao (IdTipoMotivoUtilizacao, Descricao) values (12, 'Outrapessoausanomesmohorário');
insert into tblTipoMotivoUtilizacao (IdTipoMotivoUtilizacao, Descricao) values (13, 'Nãogostodeandardebicicleta');
insert into tblTipoMotivoUtilizacao (IdTipoMotivoUtilizacao, Descricao) values (14, 'Nãoseiandardebicicleta');
insert into tblTipoMotivoUtilizacao (IdTipoMotivoUtilizacao, Descricao) values (15, 'Nãoprecisoirdebicicleta');
insert into tblTipoMotivoUtilizacao (IdTipoMotivoUtilizacao, Descricao) values (16, 'Nãotenhoautorização');

--tblTipoObstaculoTransito
insert into tblTipoObstaculoTransito (IdTipoObstaculoTransito, Descricao) values (1, 'Nãoexistemproblemas');
insert into tblTipoObstaculoTransito (IdTipoObstaculoTransito, Descricao) values (2, 'Chuva');
insert into tblTipoObstaculoTransito (IdTipoObstaculoTransito, Descricao) values (3, 'Cansaço/suor');
insert into tblTipoObstaculoTransito (IdTipoObstaculoTransito, Descricao) values (4, 'Iluminaçãoinadequada(noite)');
insert into tblTipoObstaculoTransito (IdTipoObstaculoTransito, Descricao) values (5, 'Faltadelugarparaestacionar');
insert into tblTipoObstaculoTransito (IdTipoObstaculoTransito, Descricao) values (6, 'Seca(poeira)');
insert into tblTipoObstaculoTransito (IdTipoObstaculoTransito, Descricao) values (7, 'Distância');
insert into tblTipoObstaculoTransito (IdTipoObstaculoTransito, Descricao) values (8, 'Faltadesinalizaçãoparaabicicleta');
insert into tblTipoObstaculoTransito (IdTipoObstaculoTransito, Descricao) values (9, 'Aclives(rampas,morros,ladeiras)');
insert into tblTipoObstaculoTransito (IdTipoObstaculoTransito, Descricao) values (10, 'Calor');
insert into tblTipoObstaculoTransito (IdTipoObstaculoTransito, Descricao) values (11, 'Lamaçalnasvias');
insert into tblTipoObstaculoTransito (IdTipoObstaculoTransito, Descricao) values (12, 'Faltadeciclovias/ciclofaixas');
insert into tblTipoObstaculoTransito (IdTipoObstaculoTransito, Descricao) values (13, 'Empoçamentodeáguanasvias');
insert into tblTipoObstaculoTransito (IdTipoObstaculoTransito, Descricao) values (14, 'Frio');
insert into tblTipoObstaculoTransito (IdTipoObstaculoTransito, Descricao) values (15, 'Buracosnasvias');
insert into tblTipoObstaculoTransito (IdTipoObstaculoTransito, Descricao) values (16, 'Revestimentodasvias');
insert into tblTipoObstaculoTransito (IdTipoObstaculoTransito, Descricao) values (17, 'Faltadesegurançanavia(assaltos,sequestros,estupros,etc)');
insert into tblTipoObstaculoTransito (IdTipoObstaculoTransito, Descricao) values (18, 'Outros');
insert into tblTipoObstaculoTransito (IdTipoObstaculoTransito, Descricao) values (19, 'Animais');
insert into tblTipoObstaculoTransito (IdTipoObstaculoTransito, Descricao) values (20, 'Tráfegodeveículos');

--tblTipoOutroTransporte
insert into tblTipoOutroTransporte (IdTipoOutroTransporte, Descricao) values (1, 'Automóvel');
insert into tblTipoOutroTransporte (IdTipoOutroTransporte, Descricao) values (2, 'Caminhão');
insert into tblTipoOutroTransporte (IdTipoOutroTransporte, Descricao) values (3, 'Moto');
insert into tblTipoOutroTransporte (IdTipoOutroTransporte, Descricao) values (4, 'Ônibus');
insert into tblTipoOutroTransporte (IdTipoOutroTransporte, Descricao) values (5, 'Barco');
insert into tblTipoOutroTransporte (IdTipoOutroTransporte, Descricao) values (6, 'Outros');
insert into tblTipoOutroTransporte (IdTipoOutroTransporte, Descricao) values (7, 'Van/Kombi');
insert into tblTipoOutroTransporte (IdTipoOutroTransporte, Descricao) values (8, 'Apé');
insert into tblTipoOutroTransporte (IdTipoOutroTransporte, Descricao) values (9, 'Ônibusregularpública');
insert into tblTipoOutroTransporte (IdTipoOutroTransporte, Descricao) values (10, 'Montariaanimal');
insert into tblTipoOutroTransporte (IdTipoOutroTransporte, Descricao) values (0, 'NãoutilizaoTE(vertblVaiEscola)');
insert into tblTipoOutroTransporte (IdTipoOutroTransporte, Descricao) values (11, 'UtilizaoTE(vertblTransporteEscolar)');

--tblTipoProblemasTransito
insert into tblTipoProblemasTransito (IdTipoProblemasTransito, Descricao) values (1, 'Nãoexisteproblemas');
insert into tblTipoProblemasTransito (IdTipoProblemasTransito, Descricao) values (2, 'Chuva');
insert into tblTipoProblemasTransito (IdTipoProblemasTransito, Descricao) values (3, 'Cansaço/suor');
insert into tblTipoProblemasTransito (IdTipoProblemasTransito, Descricao) values (4, 'Iluminaçãoinadequada(noite)');
insert into tblTipoProblemasTransito (IdTipoProblemasTransito, Descricao) values (5, 'Faltadelugarparaestacionar');
insert into tblTipoProblemasTransito (IdTipoProblemasTransito, Descricao) values (6, 'Seca(poeira)');
insert into tblTipoProblemasTransito (IdTipoProblemasTransito, Descricao) values (7, 'Distância');
insert into tblTipoProblemasTransito (IdTipoProblemasTransito, Descricao) values (8, 'Faltadesinalizaçãoparabicicleta');
insert into tblTipoProblemasTransito (IdTipoProblemasTransito, Descricao) values (9, 'Aclives(rampas,morros,ladeiras)');
insert into tblTipoProblemasTransito (IdTipoProblemasTransito, Descricao) values (10, 'Calor');
insert into tblTipoProblemasTransito (IdTipoProblemasTransito, Descricao) values (11, 'Lamaçalnasvias');
insert into tblTipoProblemasTransito (IdTipoProblemasTransito, Descricao) values (12, 'Faltadeciclovias/ciclofaixas');
insert into tblTipoProblemasTransito (IdTipoProblemasTransito, Descricao) values (13, 'Empoçamentodeáganasvias');
insert into tblTipoProblemasTransito (IdTipoProblemasTransito, Descricao) values (14, 'Frio');
insert into tblTipoProblemasTransito (IdTipoProblemasTransito, Descricao) values (15, 'Buracosnasvias');
insert into tblTipoProblemasTransito (IdTipoProblemasTransito, Descricao) values (16, 'Revistimentodasvias');
insert into tblTipoProblemasTransito (IdTipoProblemasTransito, Descricao) values (17, 'Faltadesegurançanavia(assaltos,sequestros,estupros,etc.)');
insert into tblTipoProblemasTransito (IdTipoProblemasTransito, Descricao) values (18, 'Outros');
insert into tblTipoProblemasTransito (IdTipoProblemasTransito, Descricao) values (19, 'Animalnasvias');
insert into tblTipoProblemasTransito (IdTipoProblemasTransito, Descricao) values (20, 'Trafégodeveículo');

--tblTipoProtecao
insert into tblTipoProtecao (IdTipoProtecao, Descricao) values (1, 'Nãoutilizaabicicletanachuva');
insert into tblTipoProtecao (IdTipoProtecao, Descricao) values (2, 'Nãoseprotege');
insert into tblTipoProtecao (IdTipoProtecao, Descricao) values (3, 'Adaptaçãodabicicleta(toldos,tetos,lonas)');
insert into tblTipoProtecao (IdTipoProtecao, Descricao) values (4, 'Capadechuva');
insert into tblTipoProtecao (IdTipoProtecao, Descricao) values (5, 'Chapéu,boné,boina,lenço');
insert into tblTipoProtecao (IdTipoProtecao, Descricao) values (6, 'Guarda-chuva/Sombrinha');
insert into tblTipoProtecao (IdTipoProtecao, Descricao) values (7, 'Protetorsolar');
insert into tblTipoProtecao (IdTipoProtecao, Descricao) values (8, 'Outros');
insert into tblTipoProtecao (IdTipoProtecao, Descricao) values (9, 'Nãovaiparaaula/escola');
insert into tblTipoProtecao (IdTipoProtecao, Descricao) values (10, 'Nãoprecisa(otransporteparanaportadecasa)');
insert into tblTipoProtecao (IdTipoProtecao, Descricao) values (11, 'Óculos');
insert into tblTipoProtecao (IdTipoProtecao, Descricao) values (12, 'Camisademangacomprida');

--tblTipoProtecaoContraChuva
insert into tblTipoProtecaoContraChuva (IdTipoProtecaoChuva, Descricao) values (1, 'Nãosainachuva');
insert into tblTipoProtecaoContraChuva (IdTipoProtecaoChuva, Descricao) values (2, 'Nãoseprotegedachuva');
insert into tblTipoProtecaoContraChuva (IdTipoProtecaoChuva, Descricao) values (3, 'Adaptação/Improvisaçãodabicicleta(toldos,tetos,lonas,etc.');
insert into tblTipoProtecaoContraChuva (IdTipoProtecaoChuva, Descricao) values (4, 'Capadechuva');
insert into tblTipoProtecaoContraChuva (IdTipoProtecaoChuva, Descricao) values (5, 'Chapéu,boné,boina');
insert into tblTipoProtecaoContraChuva (IdTipoProtecaoChuva, Descricao) values (6, 'Guarda-Chuva/Sombrinha');
insert into tblTipoProtecaoContraChuva (IdTipoProtecaoChuva, Descricao) values (8, 'Outros');

--tblTipoSujou
insert into tblTipoSujou (IdTipoSujou, Descricao) values (1, 'Pes');
insert into tblTipoSujou (IdTipoSujou, Descricao) values (2, 'Pernas');
insert into tblTipoSujou (IdTipoSujou, Descricao) values (3, 'Bumbum');
insert into tblTipoSujou (IdTipoSujou, Descricao) values (4, 'Costas');
insert into tblTipoSujou (IdTipoSujou, Descricao) values (5, 'Barriga');
insert into tblTipoSujou (IdTipoSujou, Descricao) values (6, 'Braços');
insert into tblTipoSujou (IdTipoSujou, Descricao) values (7, 'Mãos');
insert into tblTipoSujou (IdTipoSujou, Descricao) values (8, 'Cabeça');
insert into tblTipoSujou (IdTipoSujou, Descricao) values (9, 'Outros');
