insert into TblIdMonitor (Observacao,Identidade,IdFormulario,IdentidadeUF,DataNasc,TempoExperiencia,Escolaridade,Salario,EstadoCivil,Nome,IdEmbarcacao) values ('1','1','1','1','1','1','1','1','1','1','1');
insert into TblIdMonitor (Observacao,Identidade,IdFormulario,IdentidadeUF,DataNasc,TempoExperiencia,Escolaridade,Salario,EstadoCivil,Nome,IdEmbarcacao) values ('2','2','2','2','2','2','2','2','2','2','2');
insert into TblIdMonitor (Observacao,Identidade,IdFormulario,IdentidadeUF,DataNasc,TempoExperiencia,Escolaridade,Salario,EstadoCivil,Nome,IdEmbarcacao) values ('3','3','3','3','3','3','3','3','3','3','3');
insert into TblIdMonitor (Observacao,Identidade,IdFormulario,IdentidadeUF,DataNasc,TempoExperiencia,Escolaridade,Salario,EstadoCivil,Nome,IdEmbarcacao) values ('4','4','4','4','4','4','4','4','4','4','4');
insert into TblIdMonitor (Observacao,Identidade,IdFormulario,IdentidadeUF,DataNasc,TempoExperiencia,Escolaridade,Salario,EstadoCivil,Nome,IdEmbarcacao) values ('5','5','5','5','5','5','5','5','5','5','5');
insert into TblIdMonitor (Observacao,Identidade,IdFormulario,IdentidadeUF,DataNasc,TempoExperiencia,Escolaridade,Salario,EstadoCivil,Nome,IdEmbarcacao) values ('6','6','6','6','6','6','6','6','6','6','6');
insert into TblIdMonitor (Observacao,Identidade,IdFormulario,IdentidadeUF,DataNasc,TempoExperiencia,Escolaridade,Salario,EstadoCivil,Nome,IdEmbarcacao) values ('7','7','7','7','7','7','7','7','7','7','7');
insert into TblIdMonitor (Observacao,Identidade,IdFormulario,IdentidadeUF,DataNasc,TempoExperiencia,Escolaridade,Salario,EstadoCivil,Nome,IdEmbarcacao) values ('8','8','8','8','8','8','8','8','8','8','8');
insert into TblIdMonitor (Observacao,Identidade,IdFormulario,IdentidadeUF,DataNasc,TempoExperiencia,Escolaridade,Salario,EstadoCivil,Nome,IdEmbarcacao) values ('9','9','9','9','9','9','9','9','9','9','9');
insert into TblIdMonitor (Observacao,Identidade,IdFormulario,IdentidadeUF,DataNasc,TempoExperiencia,Escolaridade,Salario,EstadoCivil,Nome,IdEmbarcacao) values ('10','10','10','10','10','10','10','10','10','10','10');
insert into TblIdMonitor (Observacao,Identidade,IdFormulario,IdentidadeUF,DataNasc,TempoExperiencia,Escolaridade,Salario,EstadoCivil,Nome,IdEmbarcacao) values ('11','11','11','11','11','11','11','11','11','11','11');
insert into TblIdMonitor (Observacao,Identidade,IdFormulario,IdentidadeUF,DataNasc,TempoExperiencia,Escolaridade,Salario,EstadoCivil,Nome,IdEmbarcacao) values ('12','12','12','12','12','12','12','12','12','12','12');
insert into TblIdMonitor (Observacao,Identidade,IdFormulario,IdentidadeUF,DataNasc,TempoExperiencia,Escolaridade,Salario,EstadoCivil,Nome,IdEmbarcacao) values ('13','13','13','13','13','13','13','13','13','13','13');
insert into TblIdMonitor (Observacao,Identidade,IdFormulario,IdentidadeUF,DataNasc,TempoExperiencia,Escolaridade,Salario,EstadoCivil,Nome,IdEmbarcacao) values ('14','14','14','14','14','14','14','14','14','14','14');
insert into TblIdMonitor (Observacao,Identidade,IdFormulario,IdentidadeUF,DataNasc,TempoExperiencia,Escolaridade,Salario,EstadoCivil,Nome,IdEmbarcacao) values ('15','15','15','15','15','15','15','15','15','15','15');
insert into TblIdMonitor (Observacao,Identidade,IdFormulario,IdentidadeUF,DataNasc,TempoExperiencia,Escolaridade,Salario,EstadoCivil,Nome,IdEmbarcacao) values ('16','16','16','16','16','16','16','16','16','16','16');
insert into TblIdMonitor (Observacao,Identidade,IdFormulario,IdentidadeUF,DataNasc,TempoExperiencia,Escolaridade,Salario,EstadoCivil,Nome,IdEmbarcacao) values ('17','17','17','17','17','17','17','17','17','17','17');
insert into TblIdMonitor (Observacao,Identidade,IdFormulario,IdentidadeUF,DataNasc,TempoExperiencia,Escolaridade,Salario,EstadoCivil,Nome,IdEmbarcacao) values ('18','18','18','18','18','18','18','18','18','18','18');
insert into TblIdMonitor (Observacao,Identidade,IdFormulario,IdentidadeUF,DataNasc,TempoExperiencia,Escolaridade,Salario,EstadoCivil,Nome,IdEmbarcacao) values ('19','19','19','19','19','19','19','19','19','19','19');
insert into TblIdMonitor (Observacao,Identidade,IdFormulario,IdentidadeUF,DataNasc,TempoExperiencia,Escolaridade,Salario,EstadoCivil,Nome,IdEmbarcacao) values ('20','20','20','20','20','20','20','20','20','20','20');
insert into TblIdMonitor (Observacao,Identidade,IdFormulario,IdentidadeUF,DataNasc,TempoExperiencia,Escolaridade,Salario,EstadoCivil,Nome,IdEmbarcacao) values ('21','21','21','21','21','21','21','21','21','21','21');
insert into TblIdMonitor (Observacao,Identidade,IdFormulario,IdentidadeUF,DataNasc,TempoExperiencia,Escolaridade,Salario,EstadoCivil,Nome,IdEmbarcacao) values ('22','22','22','22','22','22','22','22','22','22','22');
insert into TblIdMonitor (Observacao,Identidade,IdFormulario,IdentidadeUF,DataNasc,TempoExperiencia,Escolaridade,Salario,EstadoCivil,Nome,IdEmbarcacao) values ('23','23','23','23','23','23','23','23','23','23','23');
insert into TblIdMonitor (Observacao,Identidade,IdFormulario,IdentidadeUF,DataNasc,TempoExperiencia,Escolaridade,Salario,EstadoCivil,Nome,IdEmbarcacao) values ('24','24','24','24','24','24','24','24','24','24','24');
insert into TblIdMonitor (Observacao,Identidade,IdFormulario,IdentidadeUF,DataNasc,TempoExperiencia,Escolaridade,Salario,EstadoCivil,Nome,IdEmbarcacao) values ('25','25','25','25','25','25','25','25','25','25','25');
insert into TblIdMonitor (Observacao,Identidade,IdFormulario,IdentidadeUF,DataNasc,TempoExperiencia,Escolaridade,Salario,EstadoCivil,Nome,IdEmbarcacao) values ('26','26','26','26','26','26','26','26','26','26','26');
insert into TblIdMonitor (Observacao,Identidade,IdFormulario,IdentidadeUF,DataNasc,TempoExperiencia,Escolaridade,Salario,EstadoCivil,Nome,IdEmbarcacao) values ('27','27','27','27','27','27','27','27','27','27','27');
insert into TblIdMonitor (Observacao,Identidade,IdFormulario,IdentidadeUF,DataNasc,TempoExperiencia,Escolaridade,Salario,EstadoCivil,Nome,IdEmbarcacao) values ('28','28','28','28','28','28','28','28','28','28','28');
insert into TblIdMonitor (Observacao,Identidade,IdFormulario,IdentidadeUF,DataNasc,TempoExperiencia,Escolaridade,Salario,EstadoCivil,Nome,IdEmbarcacao) values ('29','29','29','29','29','29','29','29','29','29','29');
insert into TblIdMonitor (Observacao,Identidade,IdFormulario,IdentidadeUF,DataNasc,TempoExperiencia,Escolaridade,Salario,EstadoCivil,Nome,IdEmbarcacao) values ('30','30','30','30','30','30','30','30','30','30','30');
insert into TblIdMonitor (Observacao,Identidade,IdFormulario,IdentidadeUF,DataNasc,TempoExperiencia,Escolaridade,Salario,EstadoCivil,Nome,IdEmbarcacao) values ('31','31','31','31','31','31','31','31','31','31','31');
insert into TblIdMonitor (Observacao,Identidade,IdFormulario,IdentidadeUF,DataNasc,TempoExperiencia,Escolaridade,Salario,EstadoCivil,Nome,IdEmbarcacao) values ('32','32','32','32','32','32','32','32','32','32','32');
insert into TblIdMonitor (Observacao,Identidade,IdFormulario,IdentidadeUF,DataNasc,TempoExperiencia,Escolaridade,Salario,EstadoCivil,Nome,IdEmbarcacao) values ('33','33','33','33','33','33','33','33','33','33','33');
insert into TblIdMonitor (Observacao,Identidade,IdFormulario,IdentidadeUF,DataNasc,TempoExperiencia,Escolaridade,Salario,EstadoCivil,Nome,IdEmbarcacao) values ('34','34','34','34','34','34','34','34','34','34','34');
insert into TblIdMonitor (Observacao,Identidade,IdFormulario,IdentidadeUF,DataNasc,TempoExperiencia,Escolaridade,Salario,EstadoCivil,Nome,IdEmbarcacao) values ('35','35','35','35','35','35','35','35','35','35','35');
insert into TblIdMonitor (Observacao,Identidade,IdFormulario,IdentidadeUF,DataNasc,TempoExperiencia,Escolaridade,Salario,EstadoCivil,Nome,IdEmbarcacao) values ('36','36','36','36','36','36','36','36','36','36','36');
insert into TblIdMonitor (Observacao,Identidade,IdFormulario,IdentidadeUF,DataNasc,TempoExperiencia,Escolaridade,Salario,EstadoCivil,Nome,IdEmbarcacao) values ('37','37','37','37','37','37','37','37','37','37','37');
insert into TblIdMonitor (Observacao,Identidade,IdFormulario,IdentidadeUF,DataNasc,TempoExperiencia,Escolaridade,Salario,EstadoCivil,Nome,IdEmbarcacao) values ('38','38','38','38','38','38','38','38','38','38','38');
insert into TblIdMonitor (Observacao,Identidade,IdFormulario,IdentidadeUF,DataNasc,TempoExperiencia,Escolaridade,Salario,EstadoCivil,Nome,IdEmbarcacao) values ('39','39','39','39','39','39','39','39','39','39','39');
insert into TblIdMonitor (Observacao,Identidade,IdFormulario,IdentidadeUF,DataNasc,TempoExperiencia,Escolaridade,Salario,EstadoCivil,Nome,IdEmbarcacao) values ('40','40','40','40','40','40','40','40','40','40','40');
insert into TblIdMonitor (Observacao,Identidade,IdFormulario,IdentidadeUF,DataNasc,TempoExperiencia,Escolaridade,Salario,EstadoCivil,Nome,IdEmbarcacao) values ('41','41','41','41','41','41','41','41','41','41','41');
insert into TblIdMonitor (Observacao,Identidade,IdFormulario,IdentidadeUF,DataNasc,TempoExperiencia,Escolaridade,Salario,EstadoCivil,Nome,IdEmbarcacao) values ('42','42','42','42','42','42','42','42','42','42','42');
insert into TblIdMonitor (Observacao,Identidade,IdFormulario,IdentidadeUF,DataNasc,TempoExperiencia,Escolaridade,Salario,EstadoCivil,Nome,IdEmbarcacao) values ('43','43','43','43','43','43','43','43','43','43','43');
insert into TblIdMonitor (Observacao,Identidade,IdFormulario,IdentidadeUF,DataNasc,TempoExperiencia,Escolaridade,Salario,EstadoCivil,Nome,IdEmbarcacao) values ('44','44','44','44','44','44','44','44','44','44','44');
insert into TblIdMonitor (Observacao,Identidade,IdFormulario,IdentidadeUF,DataNasc,TempoExperiencia,Escolaridade,Salario,EstadoCivil,Nome,IdEmbarcacao) values ('45','45','45','45','45','45','45','45','45','45','45');
insert into TblIdMonitor (Observacao,Identidade,IdFormulario,IdentidadeUF,DataNasc,TempoExperiencia,Escolaridade,Salario,EstadoCivil,Nome,IdEmbarcacao) values ('46','46','46','46','46','46','46','46','46','46','46');
insert into TblIdMonitor (Observacao,Identidade,IdFormulario,IdentidadeUF,DataNasc,TempoExperiencia,Escolaridade,Salario,EstadoCivil,Nome,IdEmbarcacao) values ('47','47','47','47','47','47','47','47','47','47','47');
insert into TblIdMonitor (Observacao,Identidade,IdFormulario,IdentidadeUF,DataNasc,TempoExperiencia,Escolaridade,Salario,EstadoCivil,Nome,IdEmbarcacao) values ('48','48','48','48','48','48','48','48','48','48','48');
insert into TblIdMonitor (Observacao,Identidade,IdFormulario,IdentidadeUF,DataNasc,TempoExperiencia,Escolaridade,Salario,EstadoCivil,Nome,IdEmbarcacao) values ('49','49','49','49','49','49','49','49','49','49','49');
insert into TblIdMonitor (Observacao,Identidade,IdFormulario,IdentidadeUF,DataNasc,TempoExperiencia,Escolaridade,Salario,EstadoCivil,Nome,IdEmbarcacao) values ('50','50','50','50','50','50','50','50','50','50','50');

insert into TblCabecalhoEmbarcacao (IdFormulario,Municipio,UF,Pesquisador,DataColeta,Responsavel) values ('51','51','51','51','51','51');
insert into TblCabecalhoEmbarcacao (IdFormulario,Municipio,UF,Pesquisador,DataColeta,Responsavel) values ('52','52','52','52','52','52');
insert into TblCabecalhoEmbarcacao (IdFormulario,Municipio,UF,Pesquisador,DataColeta,Responsavel) values ('53','53','53','53','53','53');
insert into TblCabecalhoEmbarcacao (IdFormulario,Municipio,UF,Pesquisador,DataColeta,Responsavel) values ('54','54','54','54','54','54');
insert into TblCabecalhoEmbarcacao (IdFormulario,Municipio,UF,Pesquisador,DataColeta,Responsavel) values ('55','55','55','55','55','55');
insert into TblCabecalhoEmbarcacao (IdFormulario,Municipio,UF,Pesquisador,DataColeta,Responsavel) values ('56','56','56','56','56','56');
insert into TblCabecalhoEmbarcacao (IdFormulario,Municipio,UF,Pesquisador,DataColeta,Responsavel) values ('57','57','57','57','57','57');
insert into TblCabecalhoEmbarcacao (IdFormulario,Municipio,UF,Pesquisador,DataColeta,Responsavel) values ('58','58','58','58','58','58');
insert into TblCabecalhoEmbarcacao (IdFormulario,Municipio,UF,Pesquisador,DataColeta,Responsavel) values ('59','59','59','59','59','59');
insert into TblCabecalhoEmbarcacao (IdFormulario,Municipio,UF,Pesquisador,DataColeta,Responsavel) values ('60','60','60','60','60','60');
insert into TblCabecalhoEmbarcacao (IdFormulario,Municipio,UF,Pesquisador,DataColeta,Responsavel) values ('61','61','61','61','61','61');
insert into TblCabecalhoEmbarcacao (IdFormulario,Municipio,UF,Pesquisador,DataColeta,Responsavel) values ('62','62','62','62','62','62');
insert into TblCabecalhoEmbarcacao (IdFormulario,Municipio,UF,Pesquisador,DataColeta,Responsavel) values ('63','63','63','63','63','63');
insert into TblCabecalhoEmbarcacao (IdFormulario,Municipio,UF,Pesquisador,DataColeta,Responsavel) values ('64','64','64','64','64','64');
insert into TblCabecalhoEmbarcacao (IdFormulario,Municipio,UF,Pesquisador,DataColeta,Responsavel) values ('65','65','65','65','65','65');
insert into TblCabecalhoEmbarcacao (IdFormulario,Municipio,UF,Pesquisador,DataColeta,Responsavel) values ('66','66','66','66','66','66');
insert into TblCabecalhoEmbarcacao (IdFormulario,Municipio,UF,Pesquisador,DataColeta,Responsavel) values ('67','67','67','67','67','67');
insert into TblCabecalhoEmbarcacao (IdFormulario,Municipio,UF,Pesquisador,DataColeta,Responsavel) values ('68','68','68','68','68','68');
insert into TblCabecalhoEmbarcacao (IdFormulario,Municipio,UF,Pesquisador,DataColeta,Responsavel) values ('69','69','69','69','69','69');
insert into TblCabecalhoEmbarcacao (IdFormulario,Municipio,UF,Pesquisador,DataColeta,Responsavel) values ('70','70','70','70','70','70');
insert into TblCabecalhoEmbarcacao (IdFormulario,Municipio,UF,Pesquisador,DataColeta,Responsavel) values ('71','71','71','71','71','71');
insert into TblCabecalhoEmbarcacao (IdFormulario,Municipio,UF,Pesquisador,DataColeta,Responsavel) values ('72','72','72','72','72','72');
insert into TblCabecalhoEmbarcacao (IdFormulario,Municipio,UF,Pesquisador,DataColeta,Responsavel) values ('73','73','73','73','73','73');
insert into TblCabecalhoEmbarcacao (IdFormulario,Municipio,UF,Pesquisador,DataColeta,Responsavel) values ('74','74','74','74','74','74');
insert into TblCabecalhoEmbarcacao (IdFormulario,Municipio,UF,Pesquisador,DataColeta,Responsavel) values ('75','75','75','75','75','75');
insert into TblCabecalhoEmbarcacao (IdFormulario,Municipio,UF,Pesquisador,DataColeta,Responsavel) values ('76','76','76','76','76','76');
insert into TblCabecalhoEmbarcacao (IdFormulario,Municipio,UF,Pesquisador,DataColeta,Responsavel) values ('77','77','77','77','77','77');
insert into TblCabecalhoEmbarcacao (IdFormulario,Municipio,UF,Pesquisador,DataColeta,Responsavel) values ('78','78','78','78','78','78');
insert into TblCabecalhoEmbarcacao (IdFormulario,Municipio,UF,Pesquisador,DataColeta,Responsavel) values ('79','79','79','79','79','79');
insert into TblCabecalhoEmbarcacao (IdFormulario,Municipio,UF,Pesquisador,DataColeta,Responsavel) values ('80','80','80','80','80','80');
insert into TblCabecalhoEmbarcacao (IdFormulario,Municipio,UF,Pesquisador,DataColeta,Responsavel) values ('81','81','81','81','81','81');
insert into TblCabecalhoEmbarcacao (IdFormulario,Municipio,UF,Pesquisador,DataColeta,Responsavel) values ('82','82','82','82','82','82');
insert into TblCabecalhoEmbarcacao (IdFormulario,Municipio,UF,Pesquisador,DataColeta,Responsavel) values ('83','83','83','83','83','83');
insert into TblCabecalhoEmbarcacao (IdFormulario,Municipio,UF,Pesquisador,DataColeta,Responsavel) values ('84','84','84','84','84','84');
insert into TblCabecalhoEmbarcacao (IdFormulario,Municipio,UF,Pesquisador,DataColeta,Responsavel) values ('85','85','85','85','85','85');
insert into TblCabecalhoEmbarcacao (IdFormulario,Municipio,UF,Pesquisador,DataColeta,Responsavel) values ('86','86','86','86','86','86');
insert into TblCabecalhoEmbarcacao (IdFormulario,Municipio,UF,Pesquisador,DataColeta,Responsavel) values ('87','87','87','87','87','87');
insert into TblCabecalhoEmbarcacao (IdFormulario,Municipio,UF,Pesquisador,DataColeta,Responsavel) values ('88','88','88','88','88','88');
insert into TblCabecalhoEmbarcacao (IdFormulario,Municipio,UF,Pesquisador,DataColeta,Responsavel) values ('89','89','89','89','89','89');
insert into TblCabecalhoEmbarcacao (IdFormulario,Municipio,UF,Pesquisador,DataColeta,Responsavel) values ('90','90','90','90','90','90');
insert into TblCabecalhoEmbarcacao (IdFormulario,Municipio,UF,Pesquisador,DataColeta,Responsavel) values ('91','91','91','91','91','91');
insert into TblCabecalhoEmbarcacao (IdFormulario,Municipio,UF,Pesquisador,DataColeta,Responsavel) values ('92','92','92','92','92','92');
insert into TblCabecalhoEmbarcacao (IdFormulario,Municipio,UF,Pesquisador,DataColeta,Responsavel) values ('93','93','93','93','93','93');
insert into TblCabecalhoEmbarcacao (IdFormulario,Municipio,UF,Pesquisador,DataColeta,Responsavel) values ('94','94','94','94','94','94');
insert into TblCabecalhoEmbarcacao (IdFormulario,Municipio,UF,Pesquisador,DataColeta,Responsavel) values ('95','95','95','95','95','95');
insert into TblCabecalhoEmbarcacao (IdFormulario,Municipio,UF,Pesquisador,DataColeta,Responsavel) values ('96','96','96','96','96','96');
insert into TblCabecalhoEmbarcacao (IdFormulario,Municipio,UF,Pesquisador,DataColeta,Responsavel) values ('97','97','97','97','97','97');
insert into TblCabecalhoEmbarcacao (IdFormulario,Municipio,UF,Pesquisador,DataColeta,Responsavel) values ('98','98','98','98','98','98');
insert into TblCabecalhoEmbarcacao (IdFormulario,Municipio,UF,Pesquisador,DataColeta,Responsavel) values ('99','99','99','99','99','99');
insert into TblCabecalhoEmbarcacao (IdFormulario,Municipio,UF,Pesquisador,DataColeta,Responsavel) values ('100','100','a','100','100','100');

insert into TblIdEmbarcacao (Observacao,MesLetivoSeca,CapacidadeIndicada,IdFormulario,AlunosVespertino,ValorEmbarcacao,TipoEmbarcacao,QuantidadeRota,CapacidadeInformada,AlunosNoturno,DataAquisicao,PosicaoMotor,RotaOD,SituacaoEmbarcacao,NomeEmbarcacao,ValorCusto,TempoChuva,QuantMotor,RotaOD1,EmbarcacaoReserva,UfEmbarcacao,ValorUnidade,TempoSeca,PotenciaMotor,RotaOD2,PropriedadeEmbarcacao,AnoFabricacao,MesLetivoChuva,TipoCombustivel,AlunosMatutino,PropriedadeOutros,TipoMaterial,IdEmbarcacao) values ('101','a','101','101','101','101','a','a','101','101','101','a','101','101','101','101','101','a','101','101','a','101','101','101','101','101','101','a','101','101','101','101','51');
insert into TblIdEmbarcacao (Observacao,MesLetivoSeca,CapacidadeIndicada,IdFormulario,AlunosVespertino,ValorEmbarcacao,TipoEmbarcacao,QuantidadeRota,CapacidadeInformada,AlunosNoturno,DataAquisicao,PosicaoMotor,RotaOD,SituacaoEmbarcacao,NomeEmbarcacao,ValorCusto,TempoChuva,QuantMotor,RotaOD1,EmbarcacaoReserva,UfEmbarcacao,ValorUnidade,TempoSeca,PotenciaMotor,RotaOD2,PropriedadeEmbarcacao,AnoFabricacao,MesLetivoChuva,TipoCombustivel,AlunosMatutino,PropriedadeOutros,TipoMaterial,IdEmbarcacao) values ('102','a','102','102','102','102','a','a','102','102','102','a','102','102','102','102','102','a','102','102','a','102','102','102','102','102','102','a','102','102','102','102','52');
insert into TblIdEmbarcacao (Observacao,MesLetivoSeca,CapacidadeIndicada,IdFormulario,AlunosVespertino,ValorEmbarcacao,TipoEmbarcacao,QuantidadeRota,CapacidadeInformada,AlunosNoturno,DataAquisicao,PosicaoMotor,RotaOD,SituacaoEmbarcacao,NomeEmbarcacao,ValorCusto,TempoChuva,QuantMotor,RotaOD1,EmbarcacaoReserva,UfEmbarcacao,ValorUnidade,TempoSeca,PotenciaMotor,RotaOD2,PropriedadeEmbarcacao,AnoFabricacao,MesLetivoChuva,TipoCombustivel,AlunosMatutino,PropriedadeOutros,TipoMaterial,IdEmbarcacao) values ('103','a','103','103','103','103','a','a','103','103','103','a','103','103','103','103','103','a','103','103','a','103','103','103','103','103','103','a','103','103','103','103','53');
insert into TblIdEmbarcacao (Observacao,MesLetivoSeca,CapacidadeIndicada,IdFormulario,AlunosVespertino,ValorEmbarcacao,TipoEmbarcacao,QuantidadeRota,CapacidadeInformada,AlunosNoturno,DataAquisicao,PosicaoMotor,RotaOD,SituacaoEmbarcacao,NomeEmbarcacao,ValorCusto,TempoChuva,QuantMotor,RotaOD1,EmbarcacaoReserva,UfEmbarcacao,ValorUnidade,TempoSeca,PotenciaMotor,RotaOD2,PropriedadeEmbarcacao,AnoFabricacao,MesLetivoChuva,TipoCombustivel,AlunosMatutino,PropriedadeOutros,TipoMaterial,IdEmbarcacao) values ('104','a','104','104','104','104','a','a','104','104','104','a','104','104','104','104','104','a','104','104','a','104','104','104','104','104','104','a','104','104','104','104','54');
insert into TblIdEmbarcacao (Observacao,MesLetivoSeca,CapacidadeIndicada,IdFormulario,AlunosVespertino,ValorEmbarcacao,TipoEmbarcacao,QuantidadeRota,CapacidadeInformada,AlunosNoturno,DataAquisicao,PosicaoMotor,RotaOD,SituacaoEmbarcacao,NomeEmbarcacao,ValorCusto,TempoChuva,QuantMotor,RotaOD1,EmbarcacaoReserva,UfEmbarcacao,ValorUnidade,TempoSeca,PotenciaMotor,RotaOD2,PropriedadeEmbarcacao,AnoFabricacao,MesLetivoChuva,TipoCombustivel,AlunosMatutino,PropriedadeOutros,TipoMaterial,IdEmbarcacao) values ('105','a','105','105','105','105','a','a','105','105','105','a','105','105','105','105','105','a','105','105','a','105','105','105','105','105','105','a','105','105','105','105','55');
insert into TblIdEmbarcacao (Observacao,MesLetivoSeca,CapacidadeIndicada,IdFormulario,AlunosVespertino,ValorEmbarcacao,TipoEmbarcacao,QuantidadeRota,CapacidadeInformada,AlunosNoturno,DataAquisicao,PosicaoMotor,RotaOD,SituacaoEmbarcacao,NomeEmbarcacao,ValorCusto,TempoChuva,QuantMotor,RotaOD1,EmbarcacaoReserva,UfEmbarcacao,ValorUnidade,TempoSeca,PotenciaMotor,RotaOD2,PropriedadeEmbarcacao,AnoFabricacao,MesLetivoChuva,TipoCombustivel,AlunosMatutino,PropriedadeOutros,TipoMaterial,IdEmbarcacao) values ('106','a','106','106','106','106','a','a','106','106','106','a','106','106','106','106','106','a','106','106','a','106','106','106','106','106','106','a','106','106','106','106','56');
insert into TblIdEmbarcacao (Observacao,MesLetivoSeca,CapacidadeIndicada,IdFormulario,AlunosVespertino,ValorEmbarcacao,TipoEmbarcacao,QuantidadeRota,CapacidadeInformada,AlunosNoturno,DataAquisicao,PosicaoMotor,RotaOD,SituacaoEmbarcacao,NomeEmbarcacao,ValorCusto,TempoChuva,QuantMotor,RotaOD1,EmbarcacaoReserva,UfEmbarcacao,ValorUnidade,TempoSeca,PotenciaMotor,RotaOD2,PropriedadeEmbarcacao,AnoFabricacao,MesLetivoChuva,TipoCombustivel,AlunosMatutino,PropriedadeOutros,TipoMaterial,IdEmbarcacao) values ('107','a','107','107','107','107','a','a','107','107','107','a','107','107','107','107','107','a','107','107','a','107','107','107','107','107','107','a','107','107','107','107','57');
insert into TblIdEmbarcacao (Observacao,MesLetivoSeca,CapacidadeIndicada,IdFormulario,AlunosVespertino,ValorEmbarcacao,TipoEmbarcacao,QuantidadeRota,CapacidadeInformada,AlunosNoturno,DataAquisicao,PosicaoMotor,RotaOD,SituacaoEmbarcacao,NomeEmbarcacao,ValorCusto,TempoChuva,QuantMotor,RotaOD1,EmbarcacaoReserva,UfEmbarcacao,ValorUnidade,TempoSeca,PotenciaMotor,RotaOD2,PropriedadeEmbarcacao,AnoFabricacao,MesLetivoChuva,TipoCombustivel,AlunosMatutino,PropriedadeOutros,TipoMaterial,IdEmbarcacao) values ('108','a','108','108','108','108','a','a','108','108','108','a','108','108','108','108','108','a','108','108','a','108','108','108','108','108','108','a','108','108','108','108','58');
insert into TblIdEmbarcacao (Observacao,MesLetivoSeca,CapacidadeIndicada,IdFormulario,AlunosVespertino,ValorEmbarcacao,TipoEmbarcacao,QuantidadeRota,CapacidadeInformada,AlunosNoturno,DataAquisicao,PosicaoMotor,RotaOD,SituacaoEmbarcacao,NomeEmbarcacao,ValorCusto,TempoChuva,QuantMotor,RotaOD1,EmbarcacaoReserva,UfEmbarcacao,ValorUnidade,TempoSeca,PotenciaMotor,RotaOD2,PropriedadeEmbarcacao,AnoFabricacao,MesLetivoChuva,TipoCombustivel,AlunosMatutino,PropriedadeOutros,TipoMaterial,IdEmbarcacao) values ('109','a','109','109','109','109','a','a','109','109','109','a','109','109','109','109','109','a','109','109','a','109','109','109','109','109','109','a','109','109','109','109','59');
insert into TblIdEmbarcacao (Observacao,MesLetivoSeca,CapacidadeIndicada,IdFormulario,AlunosVespertino,ValorEmbarcacao,TipoEmbarcacao,QuantidadeRota,CapacidadeInformada,AlunosNoturno,DataAquisicao,PosicaoMotor,RotaOD,SituacaoEmbarcacao,NomeEmbarcacao,ValorCusto,TempoChuva,QuantMotor,RotaOD1,EmbarcacaoReserva,UfEmbarcacao,ValorUnidade,TempoSeca,PotenciaMotor,RotaOD2,PropriedadeEmbarcacao,AnoFabricacao,MesLetivoChuva,TipoCombustivel,AlunosMatutino,PropriedadeOutros,TipoMaterial,IdEmbarcacao) values ('110','a','110','110','110','110','a','a','110','110','110','a','110','110','110','110','110','a','110','110','a','110','110','110','110','110','110','a','110','110','110','110','60');
insert into TblIdEmbarcacao (Observacao,MesLetivoSeca,CapacidadeIndicada,IdFormulario,AlunosVespertino,ValorEmbarcacao,TipoEmbarcacao,QuantidadeRota,CapacidadeInformada,AlunosNoturno,DataAquisicao,PosicaoMotor,RotaOD,SituacaoEmbarcacao,NomeEmbarcacao,ValorCusto,TempoChuva,QuantMotor,RotaOD1,EmbarcacaoReserva,UfEmbarcacao,ValorUnidade,TempoSeca,PotenciaMotor,RotaOD2,PropriedadeEmbarcacao,AnoFabricacao,MesLetivoChuva,TipoCombustivel,AlunosMatutino,PropriedadeOutros,TipoMaterial,IdEmbarcacao) values ('111','a','111','111','111','111','a','a','111','111','111','a','111','111','111','111','111','a','111','111','a','111','111','111','111','111','111','a','111','111','111','111','61');
insert into TblIdEmbarcacao (Observacao,MesLetivoSeca,CapacidadeIndicada,IdFormulario,AlunosVespertino,ValorEmbarcacao,TipoEmbarcacao,QuantidadeRota,CapacidadeInformada,AlunosNoturno,DataAquisicao,PosicaoMotor,RotaOD,SituacaoEmbarcacao,NomeEmbarcacao,ValorCusto,TempoChuva,QuantMotor,RotaOD1,EmbarcacaoReserva,UfEmbarcacao,ValorUnidade,TempoSeca,PotenciaMotor,RotaOD2,PropriedadeEmbarcacao,AnoFabricacao,MesLetivoChuva,TipoCombustivel,AlunosMatutino,PropriedadeOutros,TipoMaterial,IdEmbarcacao) values ('112','a','112','112','112','112','a','a','112','112','112','a','112','112','112','112','112','a','112','112','a','112','112','112','112','112','112','a','112','112','112','112','62');
insert into TblIdEmbarcacao (Observacao,MesLetivoSeca,CapacidadeIndicada,IdFormulario,AlunosVespertino,ValorEmbarcacao,TipoEmbarcacao,QuantidadeRota,CapacidadeInformada,AlunosNoturno,DataAquisicao,PosicaoMotor,RotaOD,SituacaoEmbarcacao,NomeEmbarcacao,ValorCusto,TempoChuva,QuantMotor,RotaOD1,EmbarcacaoReserva,UfEmbarcacao,ValorUnidade,TempoSeca,PotenciaMotor,RotaOD2,PropriedadeEmbarcacao,AnoFabricacao,MesLetivoChuva,TipoCombustivel,AlunosMatutino,PropriedadeOutros,TipoMaterial,IdEmbarcacao) values ('113','a','113','113','113','113','a','a','113','113','113','a','113','113','113','113','113','a','113','113','a','113','113','113','113','113','113','a','113','113','113','113','63');
insert into TblIdEmbarcacao (Observacao,MesLetivoSeca,CapacidadeIndicada,IdFormulario,AlunosVespertino,ValorEmbarcacao,TipoEmbarcacao,QuantidadeRota,CapacidadeInformada,AlunosNoturno,DataAquisicao,PosicaoMotor,RotaOD,SituacaoEmbarcacao,NomeEmbarcacao,ValorCusto,TempoChuva,QuantMotor,RotaOD1,EmbarcacaoReserva,UfEmbarcacao,ValorUnidade,TempoSeca,PotenciaMotor,RotaOD2,PropriedadeEmbarcacao,AnoFabricacao,MesLetivoChuva,TipoCombustivel,AlunosMatutino,PropriedadeOutros,TipoMaterial,IdEmbarcacao) values ('114','a','114','114','114','114','a','a','114','114','114','a','114','114','114','114','114','a','114','114','a','114','114','114','114','114','114','a','114','114','114','114','64');
insert into TblIdEmbarcacao (Observacao,MesLetivoSeca,CapacidadeIndicada,IdFormulario,AlunosVespertino,ValorEmbarcacao,TipoEmbarcacao,QuantidadeRota,CapacidadeInformada,AlunosNoturno,DataAquisicao,PosicaoMotor,RotaOD,SituacaoEmbarcacao,NomeEmbarcacao,ValorCusto,TempoChuva,QuantMotor,RotaOD1,EmbarcacaoReserva,UfEmbarcacao,ValorUnidade,TempoSeca,PotenciaMotor,RotaOD2,PropriedadeEmbarcacao,AnoFabricacao,MesLetivoChuva,TipoCombustivel,AlunosMatutino,PropriedadeOutros,TipoMaterial,IdEmbarcacao) values ('115','a','115','115','115','115','a','a','115','115','115','a','115','115','115','115','115','a','115','115','a','115','115','115','115','115','115','a','115','115','115','115','65');
insert into TblIdEmbarcacao (Observacao,MesLetivoSeca,CapacidadeIndicada,IdFormulario,AlunosVespertino,ValorEmbarcacao,TipoEmbarcacao,QuantidadeRota,CapacidadeInformada,AlunosNoturno,DataAquisicao,PosicaoMotor,RotaOD,SituacaoEmbarcacao,NomeEmbarcacao,ValorCusto,TempoChuva,QuantMotor,RotaOD1,EmbarcacaoReserva,UfEmbarcacao,ValorUnidade,TempoSeca,PotenciaMotor,RotaOD2,PropriedadeEmbarcacao,AnoFabricacao,MesLetivoChuva,TipoCombustivel,AlunosMatutino,PropriedadeOutros,TipoMaterial,IdEmbarcacao) values ('116','a','116','116','116','116','a','a','116','116','116','a','116','116','116','116','116','a','116','116','a','116','116','116','116','116','116','a','116','116','116','116','66');
insert into TblIdEmbarcacao (Observacao,MesLetivoSeca,CapacidadeIndicada,IdFormulario,AlunosVespertino,ValorEmbarcacao,TipoEmbarcacao,QuantidadeRota,CapacidadeInformada,AlunosNoturno,DataAquisicao,PosicaoMotor,RotaOD,SituacaoEmbarcacao,NomeEmbarcacao,ValorCusto,TempoChuva,QuantMotor,RotaOD1,EmbarcacaoReserva,UfEmbarcacao,ValorUnidade,TempoSeca,PotenciaMotor,RotaOD2,PropriedadeEmbarcacao,AnoFabricacao,MesLetivoChuva,TipoCombustivel,AlunosMatutino,PropriedadeOutros,TipoMaterial,IdEmbarcacao) values ('117','a','117','117','117','117','a','a','117','117','117','a','117','117','117','117','117','a','117','117','a','117','117','117','117','117','117','a','117','117','117','117','67');
insert into TblIdEmbarcacao (Observacao,MesLetivoSeca,CapacidadeIndicada,IdFormulario,AlunosVespertino,ValorEmbarcacao,TipoEmbarcacao,QuantidadeRota,CapacidadeInformada,AlunosNoturno,DataAquisicao,PosicaoMotor,RotaOD,SituacaoEmbarcacao,NomeEmbarcacao,ValorCusto,TempoChuva,QuantMotor,RotaOD1,EmbarcacaoReserva,UfEmbarcacao,ValorUnidade,TempoSeca,PotenciaMotor,RotaOD2,PropriedadeEmbarcacao,AnoFabricacao,MesLetivoChuva,TipoCombustivel,AlunosMatutino,PropriedadeOutros,TipoMaterial,IdEmbarcacao) values ('118','a','118','118','118','118','a','a','118','118','118','a','118','118','118','118','118','a','118','118','a','118','118','118','118','118','118','a','118','118','118','118','68');
insert into TblIdEmbarcacao (Observacao,MesLetivoSeca,CapacidadeIndicada,IdFormulario,AlunosVespertino,ValorEmbarcacao,TipoEmbarcacao,QuantidadeRota,CapacidadeInformada,AlunosNoturno,DataAquisicao,PosicaoMotor,RotaOD,SituacaoEmbarcacao,NomeEmbarcacao,ValorCusto,TempoChuva,QuantMotor,RotaOD1,EmbarcacaoReserva,UfEmbarcacao,ValorUnidade,TempoSeca,PotenciaMotor,RotaOD2,PropriedadeEmbarcacao,AnoFabricacao,MesLetivoChuva,TipoCombustivel,AlunosMatutino,PropriedadeOutros,TipoMaterial,IdEmbarcacao) values ('119','a','119','119','119','119','a','a','119','119','119','a','119','119','119','119','119','a','119','119','a','119','119','119','119','119','119','a','119','119','119','119','69');
insert into TblIdEmbarcacao (Observacao,MesLetivoSeca,CapacidadeIndicada,IdFormulario,AlunosVespertino,ValorEmbarcacao,TipoEmbarcacao,QuantidadeRota,CapacidadeInformada,AlunosNoturno,DataAquisicao,PosicaoMotor,RotaOD,SituacaoEmbarcacao,NomeEmbarcacao,ValorCusto,TempoChuva,QuantMotor,RotaOD1,EmbarcacaoReserva,UfEmbarcacao,ValorUnidade,TempoSeca,PotenciaMotor,RotaOD2,PropriedadeEmbarcacao,AnoFabricacao,MesLetivoChuva,TipoCombustivel,AlunosMatutino,PropriedadeOutros,TipoMaterial,IdEmbarcacao) values ('120','a','120','120','120','120','a','a','120','120','120','a','120','120','120','120','120','a','120','120','a','120','120','120','120','120','120','a','120','120','120','120','70');
insert into TblIdEmbarcacao (Observacao,MesLetivoSeca,CapacidadeIndicada,IdFormulario,AlunosVespertino,ValorEmbarcacao,TipoEmbarcacao,QuantidadeRota,CapacidadeInformada,AlunosNoturno,DataAquisicao,PosicaoMotor,RotaOD,SituacaoEmbarcacao,NomeEmbarcacao,ValorCusto,TempoChuva,QuantMotor,RotaOD1,EmbarcacaoReserva,UfEmbarcacao,ValorUnidade,TempoSeca,PotenciaMotor,RotaOD2,PropriedadeEmbarcacao,AnoFabricacao,MesLetivoChuva,TipoCombustivel,AlunosMatutino,PropriedadeOutros,TipoMaterial,IdEmbarcacao) values ('121','a','121','121','121','121','a','a','121','121','121','a','121','121','121','121','121','a','121','121','a','121','121','121','121','121','121','a','121','121','121','121','71');
insert into TblIdEmbarcacao (Observacao,MesLetivoSeca,CapacidadeIndicada,IdFormulario,AlunosVespertino,ValorEmbarcacao,TipoEmbarcacao,QuantidadeRota,CapacidadeInformada,AlunosNoturno,DataAquisicao,PosicaoMotor,RotaOD,SituacaoEmbarcacao,NomeEmbarcacao,ValorCusto,TempoChuva,QuantMotor,RotaOD1,EmbarcacaoReserva,UfEmbarcacao,ValorUnidade,TempoSeca,PotenciaMotor,RotaOD2,PropriedadeEmbarcacao,AnoFabricacao,MesLetivoChuva,TipoCombustivel,AlunosMatutino,PropriedadeOutros,TipoMaterial,IdEmbarcacao) values ('122','a','122','122','122','122','a','a','122','122','122','a','122','122','122','122','122','a','122','122','a','122','122','122','122','122','122','a','122','122','122','122','72');
insert into TblIdEmbarcacao (Observacao,MesLetivoSeca,CapacidadeIndicada,IdFormulario,AlunosVespertino,ValorEmbarcacao,TipoEmbarcacao,QuantidadeRota,CapacidadeInformada,AlunosNoturno,DataAquisicao,PosicaoMotor,RotaOD,SituacaoEmbarcacao,NomeEmbarcacao,ValorCusto,TempoChuva,QuantMotor,RotaOD1,EmbarcacaoReserva,UfEmbarcacao,ValorUnidade,TempoSeca,PotenciaMotor,RotaOD2,PropriedadeEmbarcacao,AnoFabricacao,MesLetivoChuva,TipoCombustivel,AlunosMatutino,PropriedadeOutros,TipoMaterial,IdEmbarcacao) values ('123','a','123','123','123','123','a','a','123','123','123','a','123','123','123','123','123','a','123','123','a','123','123','123','123','123','123','a','123','123','123','123','73');
insert into TblIdEmbarcacao (Observacao,MesLetivoSeca,CapacidadeIndicada,IdFormulario,AlunosVespertino,ValorEmbarcacao,TipoEmbarcacao,QuantidadeRota,CapacidadeInformada,AlunosNoturno,DataAquisicao,PosicaoMotor,RotaOD,SituacaoEmbarcacao,NomeEmbarcacao,ValorCusto,TempoChuva,QuantMotor,RotaOD1,EmbarcacaoReserva,UfEmbarcacao,ValorUnidade,TempoSeca,PotenciaMotor,RotaOD2,PropriedadeEmbarcacao,AnoFabricacao,MesLetivoChuva,TipoCombustivel,AlunosMatutino,PropriedadeOutros,TipoMaterial,IdEmbarcacao) values ('124','a','124','124','124','124','a','a','124','124','124','a','124','124','124','124','124','a','124','124','a','124','124','124','124','124','124','a','124','124','124','124','74');
insert into TblIdEmbarcacao (Observacao,MesLetivoSeca,CapacidadeIndicada,IdFormulario,AlunosVespertino,ValorEmbarcacao,TipoEmbarcacao,QuantidadeRota,CapacidadeInformada,AlunosNoturno,DataAquisicao,PosicaoMotor,RotaOD,SituacaoEmbarcacao,NomeEmbarcacao,ValorCusto,TempoChuva,QuantMotor,RotaOD1,EmbarcacaoReserva,UfEmbarcacao,ValorUnidade,TempoSeca,PotenciaMotor,RotaOD2,PropriedadeEmbarcacao,AnoFabricacao,MesLetivoChuva,TipoCombustivel,AlunosMatutino,PropriedadeOutros,TipoMaterial,IdEmbarcacao) values ('125','a','125','125','125','125','a','a','125','125','125','a','125','125','125','125','125','a','125','125','a','125','125','125','125','125','125','a','125','125','125','125','75');
insert into TblIdEmbarcacao (Observacao,MesLetivoSeca,CapacidadeIndicada,IdFormulario,AlunosVespertino,ValorEmbarcacao,TipoEmbarcacao,QuantidadeRota,CapacidadeInformada,AlunosNoturno,DataAquisicao,PosicaoMotor,RotaOD,SituacaoEmbarcacao,NomeEmbarcacao,ValorCusto,TempoChuva,QuantMotor,RotaOD1,EmbarcacaoReserva,UfEmbarcacao,ValorUnidade,TempoSeca,PotenciaMotor,RotaOD2,PropriedadeEmbarcacao,AnoFabricacao,MesLetivoChuva,TipoCombustivel,AlunosMatutino,PropriedadeOutros,TipoMaterial,IdEmbarcacao) values ('126','a','126','126','126','126','a','a','126','126','126','a','126','126','126','126','126','a','126','126','a','126','126','126','126','126','126','a','126','126','126','126','76');
insert into TblIdEmbarcacao (Observacao,MesLetivoSeca,CapacidadeIndicada,IdFormulario,AlunosVespertino,ValorEmbarcacao,TipoEmbarcacao,QuantidadeRota,CapacidadeInformada,AlunosNoturno,DataAquisicao,PosicaoMotor,RotaOD,SituacaoEmbarcacao,NomeEmbarcacao,ValorCusto,TempoChuva,QuantMotor,RotaOD1,EmbarcacaoReserva,UfEmbarcacao,ValorUnidade,TempoSeca,PotenciaMotor,RotaOD2,PropriedadeEmbarcacao,AnoFabricacao,MesLetivoChuva,TipoCombustivel,AlunosMatutino,PropriedadeOutros,TipoMaterial,IdEmbarcacao) values ('127','a','127','127','127','127','a','a','127','127','127','a','127','127','127','127','127','a','127','127','a','127','127','127','127','127','127','a','127','127','127','127','77');
insert into TblIdEmbarcacao (Observacao,MesLetivoSeca,CapacidadeIndicada,IdFormulario,AlunosVespertino,ValorEmbarcacao,TipoEmbarcacao,QuantidadeRota,CapacidadeInformada,AlunosNoturno,DataAquisicao,PosicaoMotor,RotaOD,SituacaoEmbarcacao,NomeEmbarcacao,ValorCusto,TempoChuva,QuantMotor,RotaOD1,EmbarcacaoReserva,UfEmbarcacao,ValorUnidade,TempoSeca,PotenciaMotor,RotaOD2,PropriedadeEmbarcacao,AnoFabricacao,MesLetivoChuva,TipoCombustivel,AlunosMatutino,PropriedadeOutros,TipoMaterial,IdEmbarcacao) values ('128','a','128','128','128','128','a','a','128','128','128','a','128','128','128','128','128','a','128','128','a','128','128','128','128','128','128','a','128','128','128','128','78');
insert into TblIdEmbarcacao (Observacao,MesLetivoSeca,CapacidadeIndicada,IdFormulario,AlunosVespertino,ValorEmbarcacao,TipoEmbarcacao,QuantidadeRota,CapacidadeInformada,AlunosNoturno,DataAquisicao,PosicaoMotor,RotaOD,SituacaoEmbarcacao,NomeEmbarcacao,ValorCusto,TempoChuva,QuantMotor,RotaOD1,EmbarcacaoReserva,UfEmbarcacao,ValorUnidade,TempoSeca,PotenciaMotor,RotaOD2,PropriedadeEmbarcacao,AnoFabricacao,MesLetivoChuva,TipoCombustivel,AlunosMatutino,PropriedadeOutros,TipoMaterial,IdEmbarcacao) values ('129','a','129','129','129','129','a','a','129','129','129','a','129','129','129','129','129','a','129','129','a','129','129','129','129','129','129','a','129','129','129','129','79');
insert into TblIdEmbarcacao (Observacao,MesLetivoSeca,CapacidadeIndicada,IdFormulario,AlunosVespertino,ValorEmbarcacao,TipoEmbarcacao,QuantidadeRota,CapacidadeInformada,AlunosNoturno,DataAquisicao,PosicaoMotor,RotaOD,SituacaoEmbarcacao,NomeEmbarcacao,ValorCusto,TempoChuva,QuantMotor,RotaOD1,EmbarcacaoReserva,UfEmbarcacao,ValorUnidade,TempoSeca,PotenciaMotor,RotaOD2,PropriedadeEmbarcacao,AnoFabricacao,MesLetivoChuva,TipoCombustivel,AlunosMatutino,PropriedadeOutros,TipoMaterial,IdEmbarcacao) values ('130','a','130','130','130','130','a','a','130','130','130','a','130','130','130','130','130','a','130','130','a','130','130','130','130','130','130','a','130','130','130','130','80');
insert into TblIdEmbarcacao (Observacao,MesLetivoSeca,CapacidadeIndicada,IdFormulario,AlunosVespertino,ValorEmbarcacao,TipoEmbarcacao,QuantidadeRota,CapacidadeInformada,AlunosNoturno,DataAquisicao,PosicaoMotor,RotaOD,SituacaoEmbarcacao,NomeEmbarcacao,ValorCusto,TempoChuva,QuantMotor,RotaOD1,EmbarcacaoReserva,UfEmbarcacao,ValorUnidade,TempoSeca,PotenciaMotor,RotaOD2,PropriedadeEmbarcacao,AnoFabricacao,MesLetivoChuva,TipoCombustivel,AlunosMatutino,PropriedadeOutros,TipoMaterial,IdEmbarcacao) values ('131','a','131','131','131','131','a','a','131','131','131','a','131','131','131','131','131','a','131','131','a','131','131','131','131','131','131','a','131','131','131','131','81');
insert into TblIdEmbarcacao (Observacao,MesLetivoSeca,CapacidadeIndicada,IdFormulario,AlunosVespertino,ValorEmbarcacao,TipoEmbarcacao,QuantidadeRota,CapacidadeInformada,AlunosNoturno,DataAquisicao,PosicaoMotor,RotaOD,SituacaoEmbarcacao,NomeEmbarcacao,ValorCusto,TempoChuva,QuantMotor,RotaOD1,EmbarcacaoReserva,UfEmbarcacao,ValorUnidade,TempoSeca,PotenciaMotor,RotaOD2,PropriedadeEmbarcacao,AnoFabricacao,MesLetivoChuva,TipoCombustivel,AlunosMatutino,PropriedadeOutros,TipoMaterial,IdEmbarcacao) values ('132','a','132','132','132','132','a','a','132','132','132','a','132','132','132','132','132','a','132','132','a','132','132','132','132','132','132','a','132','132','132','132','82');
insert into TblIdEmbarcacao (Observacao,MesLetivoSeca,CapacidadeIndicada,IdFormulario,AlunosVespertino,ValorEmbarcacao,TipoEmbarcacao,QuantidadeRota,CapacidadeInformada,AlunosNoturno,DataAquisicao,PosicaoMotor,RotaOD,SituacaoEmbarcacao,NomeEmbarcacao,ValorCusto,TempoChuva,QuantMotor,RotaOD1,EmbarcacaoReserva,UfEmbarcacao,ValorUnidade,TempoSeca,PotenciaMotor,RotaOD2,PropriedadeEmbarcacao,AnoFabricacao,MesLetivoChuva,TipoCombustivel,AlunosMatutino,PropriedadeOutros,TipoMaterial,IdEmbarcacao) values ('133','a','133','133','133','133','a','a','133','133','133','a','133','133','133','133','133','a','133','133','a','133','133','133','133','133','133','a','133','133','133','133','83');
insert into TblIdEmbarcacao (Observacao,MesLetivoSeca,CapacidadeIndicada,IdFormulario,AlunosVespertino,ValorEmbarcacao,TipoEmbarcacao,QuantidadeRota,CapacidadeInformada,AlunosNoturno,DataAquisicao,PosicaoMotor,RotaOD,SituacaoEmbarcacao,NomeEmbarcacao,ValorCusto,TempoChuva,QuantMotor,RotaOD1,EmbarcacaoReserva,UfEmbarcacao,ValorUnidade,TempoSeca,PotenciaMotor,RotaOD2,PropriedadeEmbarcacao,AnoFabricacao,MesLetivoChuva,TipoCombustivel,AlunosMatutino,PropriedadeOutros,TipoMaterial,IdEmbarcacao) values ('134','a','134','134','134','134','a','a','134','134','134','a','134','134','134','134','134','a','134','134','a','134','134','134','134','134','134','a','134','134','134','134','84');
insert into TblIdEmbarcacao (Observacao,MesLetivoSeca,CapacidadeIndicada,IdFormulario,AlunosVespertino,ValorEmbarcacao,TipoEmbarcacao,QuantidadeRota,CapacidadeInformada,AlunosNoturno,DataAquisicao,PosicaoMotor,RotaOD,SituacaoEmbarcacao,NomeEmbarcacao,ValorCusto,TempoChuva,QuantMotor,RotaOD1,EmbarcacaoReserva,UfEmbarcacao,ValorUnidade,TempoSeca,PotenciaMotor,RotaOD2,PropriedadeEmbarcacao,AnoFabricacao,MesLetivoChuva,TipoCombustivel,AlunosMatutino,PropriedadeOutros,TipoMaterial,IdEmbarcacao) values ('135','a','135','135','135','135','a','a','135','135','135','a','135','135','135','135','135','a','135','135','a','135','135','135','135','135','135','a','135','135','135','135','85');
insert into TblIdEmbarcacao (Observacao,MesLetivoSeca,CapacidadeIndicada,IdFormulario,AlunosVespertino,ValorEmbarcacao,TipoEmbarcacao,QuantidadeRota,CapacidadeInformada,AlunosNoturno,DataAquisicao,PosicaoMotor,RotaOD,SituacaoEmbarcacao,NomeEmbarcacao,ValorCusto,TempoChuva,QuantMotor,RotaOD1,EmbarcacaoReserva,UfEmbarcacao,ValorUnidade,TempoSeca,PotenciaMotor,RotaOD2,PropriedadeEmbarcacao,AnoFabricacao,MesLetivoChuva,TipoCombustivel,AlunosMatutino,PropriedadeOutros,TipoMaterial,IdEmbarcacao) values ('136','a','136','136','136','136','a','a','136','136','136','a','136','136','136','136','136','a','136','136','a','136','136','136','136','136','136','a','136','136','136','136','86');
insert into TblIdEmbarcacao (Observacao,MesLetivoSeca,CapacidadeIndicada,IdFormulario,AlunosVespertino,ValorEmbarcacao,TipoEmbarcacao,QuantidadeRota,CapacidadeInformada,AlunosNoturno,DataAquisicao,PosicaoMotor,RotaOD,SituacaoEmbarcacao,NomeEmbarcacao,ValorCusto,TempoChuva,QuantMotor,RotaOD1,EmbarcacaoReserva,UfEmbarcacao,ValorUnidade,TempoSeca,PotenciaMotor,RotaOD2,PropriedadeEmbarcacao,AnoFabricacao,MesLetivoChuva,TipoCombustivel,AlunosMatutino,PropriedadeOutros,TipoMaterial,IdEmbarcacao) values ('137','a','137','137','137','137','a','a','137','137','137','a','137','137','137','137','137','a','137','137','a','137','137','137','137','137','137','a','137','137','137','137','87');
insert into TblIdEmbarcacao (Observacao,MesLetivoSeca,CapacidadeIndicada,IdFormulario,AlunosVespertino,ValorEmbarcacao,TipoEmbarcacao,QuantidadeRota,CapacidadeInformada,AlunosNoturno,DataAquisicao,PosicaoMotor,RotaOD,SituacaoEmbarcacao,NomeEmbarcacao,ValorCusto,TempoChuva,QuantMotor,RotaOD1,EmbarcacaoReserva,UfEmbarcacao,ValorUnidade,TempoSeca,PotenciaMotor,RotaOD2,PropriedadeEmbarcacao,AnoFabricacao,MesLetivoChuva,TipoCombustivel,AlunosMatutino,PropriedadeOutros,TipoMaterial,IdEmbarcacao) values ('138','a','138','138','138','138','a','a','138','138','138','a','138','138','138','138','138','a','138','138','a','138','138','138','138','138','138','a','138','138','138','138','88');
insert into TblIdEmbarcacao (Observacao,MesLetivoSeca,CapacidadeIndicada,IdFormulario,AlunosVespertino,ValorEmbarcacao,TipoEmbarcacao,QuantidadeRota,CapacidadeInformada,AlunosNoturno,DataAquisicao,PosicaoMotor,RotaOD,SituacaoEmbarcacao,NomeEmbarcacao,ValorCusto,TempoChuva,QuantMotor,RotaOD1,EmbarcacaoReserva,UfEmbarcacao,ValorUnidade,TempoSeca,PotenciaMotor,RotaOD2,PropriedadeEmbarcacao,AnoFabricacao,MesLetivoChuva,TipoCombustivel,AlunosMatutino,PropriedadeOutros,TipoMaterial,IdEmbarcacao) values ('139','a','139','139','139','139','a','a','139','139','139','a','139','139','139','139','139','a','139','139','a','139','139','139','139','139','139','a','139','139','139','139','89');
insert into TblIdEmbarcacao (Observacao,MesLetivoSeca,CapacidadeIndicada,IdFormulario,AlunosVespertino,ValorEmbarcacao,TipoEmbarcacao,QuantidadeRota,CapacidadeInformada,AlunosNoturno,DataAquisicao,PosicaoMotor,RotaOD,SituacaoEmbarcacao,NomeEmbarcacao,ValorCusto,TempoChuva,QuantMotor,RotaOD1,EmbarcacaoReserva,UfEmbarcacao,ValorUnidade,TempoSeca,PotenciaMotor,RotaOD2,PropriedadeEmbarcacao,AnoFabricacao,MesLetivoChuva,TipoCombustivel,AlunosMatutino,PropriedadeOutros,TipoMaterial,IdEmbarcacao) values ('140','a','140','140','140','140','a','a','140','140','140','a','140','140','140','140','140','a','140','140','a','140','140','140','140','140','140','a','140','140','140','140','90');
insert into TblIdEmbarcacao (Observacao,MesLetivoSeca,CapacidadeIndicada,IdFormulario,AlunosVespertino,ValorEmbarcacao,TipoEmbarcacao,QuantidadeRota,CapacidadeInformada,AlunosNoturno,DataAquisicao,PosicaoMotor,RotaOD,SituacaoEmbarcacao,NomeEmbarcacao,ValorCusto,TempoChuva,QuantMotor,RotaOD1,EmbarcacaoReserva,UfEmbarcacao,ValorUnidade,TempoSeca,PotenciaMotor,RotaOD2,PropriedadeEmbarcacao,AnoFabricacao,MesLetivoChuva,TipoCombustivel,AlunosMatutino,PropriedadeOutros,TipoMaterial,IdEmbarcacao) values ('141','a','141','141','141','141','a','a','141','141','141','a','141','141','141','141','141','a','141','141','a','141','141','141','141','141','141','a','141','141','141','141','91');
insert into TblIdEmbarcacao (Observacao,MesLetivoSeca,CapacidadeIndicada,IdFormulario,AlunosVespertino,ValorEmbarcacao,TipoEmbarcacao,QuantidadeRota,CapacidadeInformada,AlunosNoturno,DataAquisicao,PosicaoMotor,RotaOD,SituacaoEmbarcacao,NomeEmbarcacao,ValorCusto,TempoChuva,QuantMotor,RotaOD1,EmbarcacaoReserva,UfEmbarcacao,ValorUnidade,TempoSeca,PotenciaMotor,RotaOD2,PropriedadeEmbarcacao,AnoFabricacao,MesLetivoChuva,TipoCombustivel,AlunosMatutino,PropriedadeOutros,TipoMaterial,IdEmbarcacao) values ('142','a','142','142','142','142','a','a','142','142','142','a','142','142','142','142','142','a','142','142','a','142','142','142','142','142','142','a','142','142','142','142','92');
insert into TblIdEmbarcacao (Observacao,MesLetivoSeca,CapacidadeIndicada,IdFormulario,AlunosVespertino,ValorEmbarcacao,TipoEmbarcacao,QuantidadeRota,CapacidadeInformada,AlunosNoturno,DataAquisicao,PosicaoMotor,RotaOD,SituacaoEmbarcacao,NomeEmbarcacao,ValorCusto,TempoChuva,QuantMotor,RotaOD1,EmbarcacaoReserva,UfEmbarcacao,ValorUnidade,TempoSeca,PotenciaMotor,RotaOD2,PropriedadeEmbarcacao,AnoFabricacao,MesLetivoChuva,TipoCombustivel,AlunosMatutino,PropriedadeOutros,TipoMaterial,IdEmbarcacao) values ('143','a','143','143','143','143','a','a','143','143','143','a','143','143','143','143','143','a','143','143','a','143','143','143','143','143','143','a','143','143','143','143','93');
insert into TblIdEmbarcacao (Observacao,MesLetivoSeca,CapacidadeIndicada,IdFormulario,AlunosVespertino,ValorEmbarcacao,TipoEmbarcacao,QuantidadeRota,CapacidadeInformada,AlunosNoturno,DataAquisicao,PosicaoMotor,RotaOD,SituacaoEmbarcacao,NomeEmbarcacao,ValorCusto,TempoChuva,QuantMotor,RotaOD1,EmbarcacaoReserva,UfEmbarcacao,ValorUnidade,TempoSeca,PotenciaMotor,RotaOD2,PropriedadeEmbarcacao,AnoFabricacao,MesLetivoChuva,TipoCombustivel,AlunosMatutino,PropriedadeOutros,TipoMaterial,IdEmbarcacao) values ('144','a','144','144','144','144','a','a','144','144','144','a','144','144','144','144','144','a','144','144','a','144','144','144','144','144','144','a','144','144','144','144','94');
insert into TblIdEmbarcacao (Observacao,MesLetivoSeca,CapacidadeIndicada,IdFormulario,AlunosVespertino,ValorEmbarcacao,TipoEmbarcacao,QuantidadeRota,CapacidadeInformada,AlunosNoturno,DataAquisicao,PosicaoMotor,RotaOD,SituacaoEmbarcacao,NomeEmbarcacao,ValorCusto,TempoChuva,QuantMotor,RotaOD1,EmbarcacaoReserva,UfEmbarcacao,ValorUnidade,TempoSeca,PotenciaMotor,RotaOD2,PropriedadeEmbarcacao,AnoFabricacao,MesLetivoChuva,TipoCombustivel,AlunosMatutino,PropriedadeOutros,TipoMaterial,IdEmbarcacao) values ('145','a','145','145','145','145','a','a','145','145','145','a','145','145','145','145','145','a','145','145','a','145','145','145','145','145','145','a','145','145','145','145','95');
insert into TblIdEmbarcacao (Observacao,MesLetivoSeca,CapacidadeIndicada,IdFormulario,AlunosVespertino,ValorEmbarcacao,TipoEmbarcacao,QuantidadeRota,CapacidadeInformada,AlunosNoturno,DataAquisicao,PosicaoMotor,RotaOD,SituacaoEmbarcacao,NomeEmbarcacao,ValorCusto,TempoChuva,QuantMotor,RotaOD1,EmbarcacaoReserva,UfEmbarcacao,ValorUnidade,TempoSeca,PotenciaMotor,RotaOD2,PropriedadeEmbarcacao,AnoFabricacao,MesLetivoChuva,TipoCombustivel,AlunosMatutino,PropriedadeOutros,TipoMaterial,IdEmbarcacao) values ('146','a','146','146','146','146','a','a','146','146','146','a','146','146','146','146','146','a','146','146','a','146','146','146','146','146','146','a','146','146','146','146','96');
insert into TblIdEmbarcacao (Observacao,MesLetivoSeca,CapacidadeIndicada,IdFormulario,AlunosVespertino,ValorEmbarcacao,TipoEmbarcacao,QuantidadeRota,CapacidadeInformada,AlunosNoturno,DataAquisicao,PosicaoMotor,RotaOD,SituacaoEmbarcacao,NomeEmbarcacao,ValorCusto,TempoChuva,QuantMotor,RotaOD1,EmbarcacaoReserva,UfEmbarcacao,ValorUnidade,TempoSeca,PotenciaMotor,RotaOD2,PropriedadeEmbarcacao,AnoFabricacao,MesLetivoChuva,TipoCombustivel,AlunosMatutino,PropriedadeOutros,TipoMaterial,IdEmbarcacao) values ('147','a','147','147','147','147','a','a','147','147','147','a','147','147','147','147','147','a','147','147','a','147','147','147','147','147','147','a','147','147','147','147','97');
insert into TblIdEmbarcacao (Observacao,MesLetivoSeca,CapacidadeIndicada,IdFormulario,AlunosVespertino,ValorEmbarcacao,TipoEmbarcacao,QuantidadeRota,CapacidadeInformada,AlunosNoturno,DataAquisicao,PosicaoMotor,RotaOD,SituacaoEmbarcacao,NomeEmbarcacao,ValorCusto,TempoChuva,QuantMotor,RotaOD1,EmbarcacaoReserva,UfEmbarcacao,ValorUnidade,TempoSeca,PotenciaMotor,RotaOD2,PropriedadeEmbarcacao,AnoFabricacao,MesLetivoChuva,TipoCombustivel,AlunosMatutino,PropriedadeOutros,TipoMaterial,IdEmbarcacao) values ('148','a','148','148','148','148','a','a','148','148','148','a','148','148','148','148','148','a','148','148','a','148','148','148','148','148','148','a','148','148','148','148','98');
insert into TblIdEmbarcacao (Observacao,MesLetivoSeca,CapacidadeIndicada,IdFormulario,AlunosVespertino,ValorEmbarcacao,TipoEmbarcacao,QuantidadeRota,CapacidadeInformada,AlunosNoturno,DataAquisicao,PosicaoMotor,RotaOD,SituacaoEmbarcacao,NomeEmbarcacao,ValorCusto,TempoChuva,QuantMotor,RotaOD1,EmbarcacaoReserva,UfEmbarcacao,ValorUnidade,TempoSeca,PotenciaMotor,RotaOD2,PropriedadeEmbarcacao,AnoFabricacao,MesLetivoChuva,TipoCombustivel,AlunosMatutino,PropriedadeOutros,TipoMaterial,IdEmbarcacao) values ('149','a','149','149','149','149','a','a','149','149','149','a','149','149','149','149','149','a','149','149','a','149','149','149','149','149','149','a','149','149','149','149','99');
insert into TblIdEmbarcacao (Observacao,MesLetivoSeca,CapacidadeIndicada,IdFormulario,AlunosVespertino,ValorEmbarcacao,TipoEmbarcacao,QuantidadeRota,CapacidadeInformada,AlunosNoturno,DataAquisicao,PosicaoMotor,RotaOD,SituacaoEmbarcacao,NomeEmbarcacao,ValorCusto,TempoChuva,QuantMotor,RotaOD1,EmbarcacaoReserva,UfEmbarcacao,ValorUnidade,TempoSeca,PotenciaMotor,RotaOD2,PropriedadeEmbarcacao,AnoFabricacao,MesLetivoChuva,TipoCombustivel,AlunosMatutino,PropriedadeOutros,TipoMaterial,IdEmbarcacao) values ('150','a','150','150','150','150','a','a','150','150','150','a','150','150','150','150','150','a','150','150','a','150','150','150','150','150','150','a','150','150','150','150','100');

insert into TblCabecalhoMecanico (IdFormulario,Municipio,UF,Pesquisador,DataColeta,Responsavel) values ('151','151','a','151','151','151');
insert into TblCabecalhoMecanico (IdFormulario,Municipio,UF,Pesquisador,DataColeta,Responsavel) values ('152','152','a','152','152','152');
insert into TblCabecalhoMecanico (IdFormulario,Municipio,UF,Pesquisador,DataColeta,Responsavel) values ('153','153','a','153','153','153');
insert into TblCabecalhoMecanico (IdFormulario,Municipio,UF,Pesquisador,DataColeta,Responsavel) values ('154','154','a','154','154','154');
insert into TblCabecalhoMecanico (IdFormulario,Municipio,UF,Pesquisador,DataColeta,Responsavel) values ('155','155','a','155','155','155');
insert into TblCabecalhoMecanico (IdFormulario,Municipio,UF,Pesquisador,DataColeta,Responsavel) values ('156','156','a','156','156','156');
insert into TblCabecalhoMecanico (IdFormulario,Municipio,UF,Pesquisador,DataColeta,Responsavel) values ('157','157','a','157','157','157');
insert into TblCabecalhoMecanico (IdFormulario,Municipio,UF,Pesquisador,DataColeta,Responsavel) values ('158','158','a','158','158','158');
insert into TblCabecalhoMecanico (IdFormulario,Municipio,UF,Pesquisador,DataColeta,Responsavel) values ('159','159','a','159','159','159');
insert into TblCabecalhoMecanico (IdFormulario,Municipio,UF,Pesquisador,DataColeta,Responsavel) values ('160','160','a','160','160','160');
insert into TblCabecalhoMecanico (IdFormulario,Municipio,UF,Pesquisador,DataColeta,Responsavel) values ('161','161','a','161','161','161');
insert into TblCabecalhoMecanico (IdFormulario,Municipio,UF,Pesquisador,DataColeta,Responsavel) values ('162','162','a','162','162','162');
insert into TblCabecalhoMecanico (IdFormulario,Municipio,UF,Pesquisador,DataColeta,Responsavel) values ('163','163','a','163','163','163');
insert into TblCabecalhoMecanico (IdFormulario,Municipio,UF,Pesquisador,DataColeta,Responsavel) values ('164','164','a','164','164','164');
insert into TblCabecalhoMecanico (IdFormulario,Municipio,UF,Pesquisador,DataColeta,Responsavel) values ('165','165','a','165','165','165');
insert into TblCabecalhoMecanico (IdFormulario,Municipio,UF,Pesquisador,DataColeta,Responsavel) values ('166','166','a','166','166','166');
insert into TblCabecalhoMecanico (IdFormulario,Municipio,UF,Pesquisador,DataColeta,Responsavel) values ('167','167','a','167','167','167');
insert into TblCabecalhoMecanico (IdFormulario,Municipio,UF,Pesquisador,DataColeta,Responsavel) values ('168','168','a','168','168','168');
insert into TblCabecalhoMecanico (IdFormulario,Municipio,UF,Pesquisador,DataColeta,Responsavel) values ('169','169','a','169','169','169');
insert into TblCabecalhoMecanico (IdFormulario,Municipio,UF,Pesquisador,DataColeta,Responsavel) values ('170','170','a','170','170','170');
insert into TblCabecalhoMecanico (IdFormulario,Municipio,UF,Pesquisador,DataColeta,Responsavel) values ('171','171','a','171','171','171');
insert into TblCabecalhoMecanico (IdFormulario,Municipio,UF,Pesquisador,DataColeta,Responsavel) values ('172','172','a','172','172','172');
insert into TblCabecalhoMecanico (IdFormulario,Municipio,UF,Pesquisador,DataColeta,Responsavel) values ('173','173','a','173','173','173');
insert into TblCabecalhoMecanico (IdFormulario,Municipio,UF,Pesquisador,DataColeta,Responsavel) values ('174','174','a','174','174','174');
insert into TblCabecalhoMecanico (IdFormulario,Municipio,UF,Pesquisador,DataColeta,Responsavel) values ('175','175','a','175','175','175');
insert into TblCabecalhoMecanico (IdFormulario,Municipio,UF,Pesquisador,DataColeta,Responsavel) values ('176','176','a','176','176','176');
insert into TblCabecalhoMecanico (IdFormulario,Municipio,UF,Pesquisador,DataColeta,Responsavel) values ('177','177','a','177','177','177');
insert into TblCabecalhoMecanico (IdFormulario,Municipio,UF,Pesquisador,DataColeta,Responsavel) values ('178','178','a','178','178','178');
insert into TblCabecalhoMecanico (IdFormulario,Municipio,UF,Pesquisador,DataColeta,Responsavel) values ('179','179','a','179','179','179');
insert into TblCabecalhoMecanico (IdFormulario,Municipio,UF,Pesquisador,DataColeta,Responsavel) values ('180','180','a','180','180','180');
insert into TblCabecalhoMecanico (IdFormulario,Municipio,UF,Pesquisador,DataColeta,Responsavel) values ('181','181','a','181','181','181');
insert into TblCabecalhoMecanico (IdFormulario,Municipio,UF,Pesquisador,DataColeta,Responsavel) values ('182','182','a','182','182','182');
insert into TblCabecalhoMecanico (IdFormulario,Municipio,UF,Pesquisador,DataColeta,Responsavel) values ('183','183','a','183','183','183');
insert into TblCabecalhoMecanico (IdFormulario,Municipio,UF,Pesquisador,DataColeta,Responsavel) values ('184','184','a','184','184','184');
insert into TblCabecalhoMecanico (IdFormulario,Municipio,UF,Pesquisador,DataColeta,Responsavel) values ('185','185','a','185','185','185');
insert into TblCabecalhoMecanico (IdFormulario,Municipio,UF,Pesquisador,DataColeta,Responsavel) values ('186','186','a','186','186','186');
insert into TblCabecalhoMecanico (IdFormulario,Municipio,UF,Pesquisador,DataColeta,Responsavel) values ('187','187','a','187','187','187');
insert into TblCabecalhoMecanico (IdFormulario,Municipio,UF,Pesquisador,DataColeta,Responsavel) values ('188','188','a','188','188','188');
insert into TblCabecalhoMecanico (IdFormulario,Municipio,UF,Pesquisador,DataColeta,Responsavel) values ('189','189','a','189','189','189');
insert into TblCabecalhoMecanico (IdFormulario,Municipio,UF,Pesquisador,DataColeta,Responsavel) values ('190','190','a','190','190','190');
insert into TblCabecalhoMecanico (IdFormulario,Municipio,UF,Pesquisador,DataColeta,Responsavel) values ('191','191','a','191','191','191');
insert into TblCabecalhoMecanico (IdFormulario,Municipio,UF,Pesquisador,DataColeta,Responsavel) values ('192','192','a','192','192','192');
insert into TblCabecalhoMecanico (IdFormulario,Municipio,UF,Pesquisador,DataColeta,Responsavel) values ('193','193','a','193','193','193');
insert into TblCabecalhoMecanico (IdFormulario,Municipio,UF,Pesquisador,DataColeta,Responsavel) values ('194','194','a','194','194','194');
insert into TblCabecalhoMecanico (IdFormulario,Municipio,UF,Pesquisador,DataColeta,Responsavel) values ('195','195','a','195','195','195');
insert into TblCabecalhoMecanico (IdFormulario,Municipio,UF,Pesquisador,DataColeta,Responsavel) values ('196','196','a','196','196','196');
insert into TblCabecalhoMecanico (IdFormulario,Municipio,UF,Pesquisador,DataColeta,Responsavel) values ('197','197','a','197','197','197');
insert into TblCabecalhoMecanico (IdFormulario,Municipio,UF,Pesquisador,DataColeta,Responsavel) values ('198','198','a','198','198','198');
insert into TblCabecalhoMecanico (IdFormulario,Municipio,UF,Pesquisador,DataColeta,Responsavel) values ('199','199','a','199','199','199');
insert into TblCabecalhoMecanico (IdFormulario,Municipio,UF,Pesquisador,DataColeta,Responsavel) values ('200','200','a','200','200','200');

insert into TblCabecalhoMonitor (IdFormulario,Municipio,UF,Pesquisador,DataColeta,Responsavel) values ('201','201','a','201','201','201');
insert into TblCabecalhoMonitor (IdFormulario,Municipio,UF,Pesquisador,DataColeta,Responsavel) values ('202','202','a','202','202','202');
insert into TblCabecalhoMonitor (IdFormulario,Municipio,UF,Pesquisador,DataColeta,Responsavel) values ('203','203','a','203','203','203');
insert into TblCabecalhoMonitor (IdFormulario,Municipio,UF,Pesquisador,DataColeta,Responsavel) values ('204','204','a','204','204','204');
insert into TblCabecalhoMonitor (IdFormulario,Municipio,UF,Pesquisador,DataColeta,Responsavel) values ('205','205','a','205','205','205');
insert into TblCabecalhoMonitor (IdFormulario,Municipio,UF,Pesquisador,DataColeta,Responsavel) values ('206','206','a','206','206','206');
insert into TblCabecalhoMonitor (IdFormulario,Municipio,UF,Pesquisador,DataColeta,Responsavel) values ('207','207','a','207','207','207');
insert into TblCabecalhoMonitor (IdFormulario,Municipio,UF,Pesquisador,DataColeta,Responsavel) values ('208','208','a','208','208','208');
insert into TblCabecalhoMonitor (IdFormulario,Municipio,UF,Pesquisador,DataColeta,Responsavel) values ('209','209','a','209','209','209');
insert into TblCabecalhoMonitor (IdFormulario,Municipio,UF,Pesquisador,DataColeta,Responsavel) values ('210','210','a','210','210','210');
insert into TblCabecalhoMonitor (IdFormulario,Municipio,UF,Pesquisador,DataColeta,Responsavel) values ('211','211','a','211','211','211');
insert into TblCabecalhoMonitor (IdFormulario,Municipio,UF,Pesquisador,DataColeta,Responsavel) values ('212','212','a','212','212','212');
insert into TblCabecalhoMonitor (IdFormulario,Municipio,UF,Pesquisador,DataColeta,Responsavel) values ('213','213','a','213','213','213');
insert into TblCabecalhoMonitor (IdFormulario,Municipio,UF,Pesquisador,DataColeta,Responsavel) values ('214','214','a','214','214','214');
insert into TblCabecalhoMonitor (IdFormulario,Municipio,UF,Pesquisador,DataColeta,Responsavel) values ('215','215','a','215','215','215');
insert into TblCabecalhoMonitor (IdFormulario,Municipio,UF,Pesquisador,DataColeta,Responsavel) values ('216','216','a','216','216','216');
insert into TblCabecalhoMonitor (IdFormulario,Municipio,UF,Pesquisador,DataColeta,Responsavel) values ('217','217','a','217','217','217');
insert into TblCabecalhoMonitor (IdFormulario,Municipio,UF,Pesquisador,DataColeta,Responsavel) values ('218','218','a','218','218','218');
insert into TblCabecalhoMonitor (IdFormulario,Municipio,UF,Pesquisador,DataColeta,Responsavel) values ('219','219','a','219','219','219');
insert into TblCabecalhoMonitor (IdFormulario,Municipio,UF,Pesquisador,DataColeta,Responsavel) values ('220','220','a','220','220','220');
insert into TblCabecalhoMonitor (IdFormulario,Municipio,UF,Pesquisador,DataColeta,Responsavel) values ('221','221','a','221','221','221');
insert into TblCabecalhoMonitor (IdFormulario,Municipio,UF,Pesquisador,DataColeta,Responsavel) values ('222','222','a','222','222','222');
insert into TblCabecalhoMonitor (IdFormulario,Municipio,UF,Pesquisador,DataColeta,Responsavel) values ('223','223','a','223','223','223');
insert into TblCabecalhoMonitor (IdFormulario,Municipio,UF,Pesquisador,DataColeta,Responsavel) values ('224','224','a','224','224','224');
insert into TblCabecalhoMonitor (IdFormulario,Municipio,UF,Pesquisador,DataColeta,Responsavel) values ('225','225','a','225','225','225');
insert into TblCabecalhoMonitor (IdFormulario,Municipio,UF,Pesquisador,DataColeta,Responsavel) values ('226','226','a','226','226','226');
insert into TblCabecalhoMonitor (IdFormulario,Municipio,UF,Pesquisador,DataColeta,Responsavel) values ('227','227','a','227','227','227');
insert into TblCabecalhoMonitor (IdFormulario,Municipio,UF,Pesquisador,DataColeta,Responsavel) values ('228','228','a','228','228','228');
insert into TblCabecalhoMonitor (IdFormulario,Municipio,UF,Pesquisador,DataColeta,Responsavel) values ('229','229','a','229','229','229');
insert into TblCabecalhoMonitor (IdFormulario,Municipio,UF,Pesquisador,DataColeta,Responsavel) values ('230','230','a','230','230','230');
insert into TblCabecalhoMonitor (IdFormulario,Municipio,UF,Pesquisador,DataColeta,Responsavel) values ('231','231','a','231','231','231');
insert into TblCabecalhoMonitor (IdFormulario,Municipio,UF,Pesquisador,DataColeta,Responsavel) values ('232','232','a','232','232','232');
insert into TblCabecalhoMonitor (IdFormulario,Municipio,UF,Pesquisador,DataColeta,Responsavel) values ('233','233','a','233','233','233');
insert into TblCabecalhoMonitor (IdFormulario,Municipio,UF,Pesquisador,DataColeta,Responsavel) values ('234','234','a','234','234','234');
insert into TblCabecalhoMonitor (IdFormulario,Municipio,UF,Pesquisador,DataColeta,Responsavel) values ('235','235','a','235','235','235');
insert into TblCabecalhoMonitor (IdFormulario,Municipio,UF,Pesquisador,DataColeta,Responsavel) values ('236','236','a','236','236','236');
insert into TblCabecalhoMonitor (IdFormulario,Municipio,UF,Pesquisador,DataColeta,Responsavel) values ('237','237','a','237','237','237');
insert into TblCabecalhoMonitor (IdFormulario,Municipio,UF,Pesquisador,DataColeta,Responsavel) values ('238','238','a','238','238','238');
insert into TblCabecalhoMonitor (IdFormulario,Municipio,UF,Pesquisador,DataColeta,Responsavel) values ('239','239','a','239','239','239');
insert into TblCabecalhoMonitor (IdFormulario,Municipio,UF,Pesquisador,DataColeta,Responsavel) values ('240','240','a','240','240','240');
insert into TblCabecalhoMonitor (IdFormulario,Municipio,UF,Pesquisador,DataColeta,Responsavel) values ('241','241','a','241','241','241');
insert into TblCabecalhoMonitor (IdFormulario,Municipio,UF,Pesquisador,DataColeta,Responsavel) values ('242','242','a','242','242','242');
insert into TblCabecalhoMonitor (IdFormulario,Municipio,UF,Pesquisador,DataColeta,Responsavel) values ('243','243','a','243','243','243');
insert into TblCabecalhoMonitor (IdFormulario,Municipio,UF,Pesquisador,DataColeta,Responsavel) values ('244','244','a','244','244','244');
insert into TblCabecalhoMonitor (IdFormulario,Municipio,UF,Pesquisador,DataColeta,Responsavel) values ('245','245','a','245','245','245');
insert into TblCabecalhoMonitor (IdFormulario,Municipio,UF,Pesquisador,DataColeta,Responsavel) values ('246','246','a','246','246','246');
insert into TblCabecalhoMonitor (IdFormulario,Municipio,UF,Pesquisador,DataColeta,Responsavel) values ('247','247','a','247','247','247');
insert into TblCabecalhoMonitor (IdFormulario,Municipio,UF,Pesquisador,DataColeta,Responsavel) values ('248','248','a','248','248','248');
insert into TblCabecalhoMonitor (IdFormulario,Municipio,UF,Pesquisador,DataColeta,Responsavel) values ('249','249','a','249','249','249');
insert into TblCabecalhoMonitor (IdFormulario,Municipio,UF,Pesquisador,DataColeta,Responsavel) values ('250','250','a','250','250','250');

insert into TblIdCondutor (Observacao,Identidade,IdFormulario,Habilitacao,IdentidadeUF,Categoria,DataNasc,TempoExperiencia,Escolaridade,Salario,EstadoCivil,CondutorReserva,Nome,IdEmbarcacao) values ('251','251','251','251','a','251','251','251','251','251','251','251','251','101');
insert into TblIdCondutor (Observacao,Identidade,IdFormulario,Habilitacao,IdentidadeUF,Categoria,DataNasc,TempoExperiencia,Escolaridade,Salario,EstadoCivil,CondutorReserva,Nome,IdEmbarcacao) values ('252','252','252','252','a','252','252','252','252','252','252','252','252','102');
insert into TblIdCondutor (Observacao,Identidade,IdFormulario,Habilitacao,IdentidadeUF,Categoria,DataNasc,TempoExperiencia,Escolaridade,Salario,EstadoCivil,CondutorReserva,Nome,IdEmbarcacao) values ('253','253','253','253','a','253','253','253','253','253','253','253','253','103');
insert into TblIdCondutor (Observacao,Identidade,IdFormulario,Habilitacao,IdentidadeUF,Categoria,DataNasc,TempoExperiencia,Escolaridade,Salario,EstadoCivil,CondutorReserva,Nome,IdEmbarcacao) values ('254','254','254','254','a','254','254','254','254','254','254','254','254','104');
insert into TblIdCondutor (Observacao,Identidade,IdFormulario,Habilitacao,IdentidadeUF,Categoria,DataNasc,TempoExperiencia,Escolaridade,Salario,EstadoCivil,CondutorReserva,Nome,IdEmbarcacao) values ('255','255','255','255','a','255','255','255','255','255','255','255','255','105');
insert into TblIdCondutor (Observacao,Identidade,IdFormulario,Habilitacao,IdentidadeUF,Categoria,DataNasc,TempoExperiencia,Escolaridade,Salario,EstadoCivil,CondutorReserva,Nome,IdEmbarcacao) values ('256','256','256','256','a','256','256','256','256','256','256','256','256','106');
insert into TblIdCondutor (Observacao,Identidade,IdFormulario,Habilitacao,IdentidadeUF,Categoria,DataNasc,TempoExperiencia,Escolaridade,Salario,EstadoCivil,CondutorReserva,Nome,IdEmbarcacao) values ('257','257','257','257','a','257','257','257','257','257','257','257','257','107');
insert into TblIdCondutor (Observacao,Identidade,IdFormulario,Habilitacao,IdentidadeUF,Categoria,DataNasc,TempoExperiencia,Escolaridade,Salario,EstadoCivil,CondutorReserva,Nome,IdEmbarcacao) values ('258','258','258','258','a','258','258','258','258','258','258','258','258','108');
insert into TblIdCondutor (Observacao,Identidade,IdFormulario,Habilitacao,IdentidadeUF,Categoria,DataNasc,TempoExperiencia,Escolaridade,Salario,EstadoCivil,CondutorReserva,Nome,IdEmbarcacao) values ('259','259','259','259','a','259','259','259','259','259','259','259','259','109');
insert into TblIdCondutor (Observacao,Identidade,IdFormulario,Habilitacao,IdentidadeUF,Categoria,DataNasc,TempoExperiencia,Escolaridade,Salario,EstadoCivil,CondutorReserva,Nome,IdEmbarcacao) values ('260','260','260','260','a','260','260','260','260','260','260','260','260','110');
insert into TblIdCondutor (Observacao,Identidade,IdFormulario,Habilitacao,IdentidadeUF,Categoria,DataNasc,TempoExperiencia,Escolaridade,Salario,EstadoCivil,CondutorReserva,Nome,IdEmbarcacao) values ('261','261','261','261','a','261','261','261','261','261','261','261','261','111');
insert into TblIdCondutor (Observacao,Identidade,IdFormulario,Habilitacao,IdentidadeUF,Categoria,DataNasc,TempoExperiencia,Escolaridade,Salario,EstadoCivil,CondutorReserva,Nome,IdEmbarcacao) values ('262','262','262','262','a','262','262','262','262','262','262','262','262','112');
insert into TblIdCondutor (Observacao,Identidade,IdFormulario,Habilitacao,IdentidadeUF,Categoria,DataNasc,TempoExperiencia,Escolaridade,Salario,EstadoCivil,CondutorReserva,Nome,IdEmbarcacao) values ('263','263','263','263','a','263','263','263','263','263','263','263','263','113');
insert into TblIdCondutor (Observacao,Identidade,IdFormulario,Habilitacao,IdentidadeUF,Categoria,DataNasc,TempoExperiencia,Escolaridade,Salario,EstadoCivil,CondutorReserva,Nome,IdEmbarcacao) values ('264','264','264','264','a','264','264','264','264','264','264','264','264','114');
insert into TblIdCondutor (Observacao,Identidade,IdFormulario,Habilitacao,IdentidadeUF,Categoria,DataNasc,TempoExperiencia,Escolaridade,Salario,EstadoCivil,CondutorReserva,Nome,IdEmbarcacao) values ('265','265','265','265','a','265','265','265','265','265','265','265','265','115');
insert into TblIdCondutor (Observacao,Identidade,IdFormulario,Habilitacao,IdentidadeUF,Categoria,DataNasc,TempoExperiencia,Escolaridade,Salario,EstadoCivil,CondutorReserva,Nome,IdEmbarcacao) values ('266','266','266','266','a','266','266','266','266','266','266','266','266','116');
insert into TblIdCondutor (Observacao,Identidade,IdFormulario,Habilitacao,IdentidadeUF,Categoria,DataNasc,TempoExperiencia,Escolaridade,Salario,EstadoCivil,CondutorReserva,Nome,IdEmbarcacao) values ('267','267','267','267','a','267','267','267','267','267','267','267','267','117');
insert into TblIdCondutor (Observacao,Identidade,IdFormulario,Habilitacao,IdentidadeUF,Categoria,DataNasc,TempoExperiencia,Escolaridade,Salario,EstadoCivil,CondutorReserva,Nome,IdEmbarcacao) values ('268','268','268','268','a','268','268','268','268','268','268','268','268','118');
insert into TblIdCondutor (Observacao,Identidade,IdFormulario,Habilitacao,IdentidadeUF,Categoria,DataNasc,TempoExperiencia,Escolaridade,Salario,EstadoCivil,CondutorReserva,Nome,IdEmbarcacao) values ('269','269','269','269','a','269','269','269','269','269','269','269','269','119');
insert into TblIdCondutor (Observacao,Identidade,IdFormulario,Habilitacao,IdentidadeUF,Categoria,DataNasc,TempoExperiencia,Escolaridade,Salario,EstadoCivil,CondutorReserva,Nome,IdEmbarcacao) values ('270','270','270','270','a','270','270','270','270','270','270','270','270','120');
insert into TblIdCondutor (Observacao,Identidade,IdFormulario,Habilitacao,IdentidadeUF,Categoria,DataNasc,TempoExperiencia,Escolaridade,Salario,EstadoCivil,CondutorReserva,Nome,IdEmbarcacao) values ('271','271','271','271','a','271','271','271','271','271','271','271','271','121');
insert into TblIdCondutor (Observacao,Identidade,IdFormulario,Habilitacao,IdentidadeUF,Categoria,DataNasc,TempoExperiencia,Escolaridade,Salario,EstadoCivil,CondutorReserva,Nome,IdEmbarcacao) values ('272','272','272','272','a','272','272','272','272','272','272','272','272','122');
insert into TblIdCondutor (Observacao,Identidade,IdFormulario,Habilitacao,IdentidadeUF,Categoria,DataNasc,TempoExperiencia,Escolaridade,Salario,EstadoCivil,CondutorReserva,Nome,IdEmbarcacao) values ('273','273','273','273','a','273','273','273','273','273','273','273','273','123');
insert into TblIdCondutor (Observacao,Identidade,IdFormulario,Habilitacao,IdentidadeUF,Categoria,DataNasc,TempoExperiencia,Escolaridade,Salario,EstadoCivil,CondutorReserva,Nome,IdEmbarcacao) values ('274','274','274','274','a','274','274','274','274','274','274','274','274','124');
insert into TblIdCondutor (Observacao,Identidade,IdFormulario,Habilitacao,IdentidadeUF,Categoria,DataNasc,TempoExperiencia,Escolaridade,Salario,EstadoCivil,CondutorReserva,Nome,IdEmbarcacao) values ('275','275','275','275','a','275','275','275','275','275','275','275','275','125');
insert into TblIdCondutor (Observacao,Identidade,IdFormulario,Habilitacao,IdentidadeUF,Categoria,DataNasc,TempoExperiencia,Escolaridade,Salario,EstadoCivil,CondutorReserva,Nome,IdEmbarcacao) values ('276','276','276','276','a','276','276','276','276','276','276','276','276','126');
insert into TblIdCondutor (Observacao,Identidade,IdFormulario,Habilitacao,IdentidadeUF,Categoria,DataNasc,TempoExperiencia,Escolaridade,Salario,EstadoCivil,CondutorReserva,Nome,IdEmbarcacao) values ('277','277','277','277','a','277','277','277','277','277','277','277','277','127');
insert into TblIdCondutor (Observacao,Identidade,IdFormulario,Habilitacao,IdentidadeUF,Categoria,DataNasc,TempoExperiencia,Escolaridade,Salario,EstadoCivil,CondutorReserva,Nome,IdEmbarcacao) values ('278','278','278','278','a','278','278','278','278','278','278','278','278','128');
insert into TblIdCondutor (Observacao,Identidade,IdFormulario,Habilitacao,IdentidadeUF,Categoria,DataNasc,TempoExperiencia,Escolaridade,Salario,EstadoCivil,CondutorReserva,Nome,IdEmbarcacao) values ('279','279','279','279','a','279','279','279','279','279','279','279','279','129');
insert into TblIdCondutor (Observacao,Identidade,IdFormulario,Habilitacao,IdentidadeUF,Categoria,DataNasc,TempoExperiencia,Escolaridade,Salario,EstadoCivil,CondutorReserva,Nome,IdEmbarcacao) values ('280','280','280','280','a','280','280','280','280','280','280','280','280','130');
insert into TblIdCondutor (Observacao,Identidade,IdFormulario,Habilitacao,IdentidadeUF,Categoria,DataNasc,TempoExperiencia,Escolaridade,Salario,EstadoCivil,CondutorReserva,Nome,IdEmbarcacao) values ('281','281','281','281','a','281','281','281','281','281','281','281','281','131');
insert into TblIdCondutor (Observacao,Identidade,IdFormulario,Habilitacao,IdentidadeUF,Categoria,DataNasc,TempoExperiencia,Escolaridade,Salario,EstadoCivil,CondutorReserva,Nome,IdEmbarcacao) values ('282','282','282','282','a','282','282','282','282','282','282','282','282','132');
insert into TblIdCondutor (Observacao,Identidade,IdFormulario,Habilitacao,IdentidadeUF,Categoria,DataNasc,TempoExperiencia,Escolaridade,Salario,EstadoCivil,CondutorReserva,Nome,IdEmbarcacao) values ('283','283','283','283','a','283','283','283','283','283','283','283','283','133');
insert into TblIdCondutor (Observacao,Identidade,IdFormulario,Habilitacao,IdentidadeUF,Categoria,DataNasc,TempoExperiencia,Escolaridade,Salario,EstadoCivil,CondutorReserva,Nome,IdEmbarcacao) values ('284','284','284','284','a','284','284','284','284','284','284','284','284','134');
insert into TblIdCondutor (Observacao,Identidade,IdFormulario,Habilitacao,IdentidadeUF,Categoria,DataNasc,TempoExperiencia,Escolaridade,Salario,EstadoCivil,CondutorReserva,Nome,IdEmbarcacao) values ('285','285','285','285','a','285','285','285','285','285','285','285','285','135');
insert into TblIdCondutor (Observacao,Identidade,IdFormulario,Habilitacao,IdentidadeUF,Categoria,DataNasc,TempoExperiencia,Escolaridade,Salario,EstadoCivil,CondutorReserva,Nome,IdEmbarcacao) values ('286','286','286','286','a','286','286','286','286','286','286','286','286','136');
insert into TblIdCondutor (Observacao,Identidade,IdFormulario,Habilitacao,IdentidadeUF,Categoria,DataNasc,TempoExperiencia,Escolaridade,Salario,EstadoCivil,CondutorReserva,Nome,IdEmbarcacao) values ('287','287','287','287','a','287','287','287','287','287','287','287','287','137');
insert into TblIdCondutor (Observacao,Identidade,IdFormulario,Habilitacao,IdentidadeUF,Categoria,DataNasc,TempoExperiencia,Escolaridade,Salario,EstadoCivil,CondutorReserva,Nome,IdEmbarcacao) values ('288','288','288','288','a','288','288','288','288','288','288','288','288','138');
insert into TblIdCondutor (Observacao,Identidade,IdFormulario,Habilitacao,IdentidadeUF,Categoria,DataNasc,TempoExperiencia,Escolaridade,Salario,EstadoCivil,CondutorReserva,Nome,IdEmbarcacao) values ('289','289','289','289','a','289','289','289','289','289','289','289','289','139');
insert into TblIdCondutor (Observacao,Identidade,IdFormulario,Habilitacao,IdentidadeUF,Categoria,DataNasc,TempoExperiencia,Escolaridade,Salario,EstadoCivil,CondutorReserva,Nome,IdEmbarcacao) values ('290','290','290','290','a','290','290','290','290','290','290','290','290','140');
insert into TblIdCondutor (Observacao,Identidade,IdFormulario,Habilitacao,IdentidadeUF,Categoria,DataNasc,TempoExperiencia,Escolaridade,Salario,EstadoCivil,CondutorReserva,Nome,IdEmbarcacao) values ('291','291','291','291','a','291','291','291','291','291','291','291','291','141');
insert into TblIdCondutor (Observacao,Identidade,IdFormulario,Habilitacao,IdentidadeUF,Categoria,DataNasc,TempoExperiencia,Escolaridade,Salario,EstadoCivil,CondutorReserva,Nome,IdEmbarcacao) values ('292','292','292','292','a','292','292','292','292','292','292','292','292','142');
insert into TblIdCondutor (Observacao,Identidade,IdFormulario,Habilitacao,IdentidadeUF,Categoria,DataNasc,TempoExperiencia,Escolaridade,Salario,EstadoCivil,CondutorReserva,Nome,IdEmbarcacao) values ('293','293','293','293','a','293','293','293','293','293','293','293','293','143');
insert into TblIdCondutor (Observacao,Identidade,IdFormulario,Habilitacao,IdentidadeUF,Categoria,DataNasc,TempoExperiencia,Escolaridade,Salario,EstadoCivil,CondutorReserva,Nome,IdEmbarcacao) values ('294','294','294','294','a','294','294','294','294','294','294','294','294','144');
insert into TblIdCondutor (Observacao,Identidade,IdFormulario,Habilitacao,IdentidadeUF,Categoria,DataNasc,TempoExperiencia,Escolaridade,Salario,EstadoCivil,CondutorReserva,Nome,IdEmbarcacao) values ('295','295','295','295','a','295','295','295','295','295','295','295','295','145');
insert into TblIdCondutor (Observacao,Identidade,IdFormulario,Habilitacao,IdentidadeUF,Categoria,DataNasc,TempoExperiencia,Escolaridade,Salario,EstadoCivil,CondutorReserva,Nome,IdEmbarcacao) values ('296','296','296','296','a','296','296','296','296','296','296','296','296','146');
insert into TblIdCondutor (Observacao,Identidade,IdFormulario,Habilitacao,IdentidadeUF,Categoria,DataNasc,TempoExperiencia,Escolaridade,Salario,EstadoCivil,CondutorReserva,Nome,IdEmbarcacao) values ('297','297','297','297','a','297','297','297','297','297','297','297','297','147');
insert into TblIdCondutor (Observacao,Identidade,IdFormulario,Habilitacao,IdentidadeUF,Categoria,DataNasc,TempoExperiencia,Escolaridade,Salario,EstadoCivil,CondutorReserva,Nome,IdEmbarcacao) values ('298','298','298','298','a','298','298','298','298','298','298','298','298','148');
insert into TblIdCondutor (Observacao,Identidade,IdFormulario,Habilitacao,IdentidadeUF,Categoria,DataNasc,TempoExperiencia,Escolaridade,Salario,EstadoCivil,CondutorReserva,Nome,IdEmbarcacao) values ('299','299','299','299','a','299','299','299','299','299','299','299','299','149');
insert into TblIdCondutor (Observacao,Identidade,IdFormulario,Habilitacao,IdentidadeUF,Categoria,DataNasc,TempoExperiencia,Escolaridade,Salario,EstadoCivil,CondutorReserva,Nome,IdEmbarcacao) values ('300','300','300','300','a','300','300','300','300','300','300','300','300','150');

insert into TblIdMecanico (Observacao,Identidade,IdFormulario,IdentidadeUF,DataNasc,TempoExperiencia,Escolaridade,Salario,Nome) values ('301','301','301','a','301','301','301','301','301');
insert into TblIdMecanico (Observacao,Identidade,IdFormulario,IdentidadeUF,DataNasc,TempoExperiencia,Escolaridade,Salario,Nome) values ('302','302','302','a','302','302','302','302','302');
insert into TblIdMecanico (Observacao,Identidade,IdFormulario,IdentidadeUF,DataNasc,TempoExperiencia,Escolaridade,Salario,Nome) values ('303','303','303','a','303','303','303','303','303');
insert into TblIdMecanico (Observacao,Identidade,IdFormulario,IdentidadeUF,DataNasc,TempoExperiencia,Escolaridade,Salario,Nome) values ('304','304','304','a','304','304','304','304','304');
insert into TblIdMecanico (Observacao,Identidade,IdFormulario,IdentidadeUF,DataNasc,TempoExperiencia,Escolaridade,Salario,Nome) values ('305','305','305','a','305','305','305','305','305');
insert into TblIdMecanico (Observacao,Identidade,IdFormulario,IdentidadeUF,DataNasc,TempoExperiencia,Escolaridade,Salario,Nome) values ('306','306','306','a','306','306','306','306','306');
insert into TblIdMecanico (Observacao,Identidade,IdFormulario,IdentidadeUF,DataNasc,TempoExperiencia,Escolaridade,Salario,Nome) values ('307','307','307','a','307','307','307','307','307');
insert into TblIdMecanico (Observacao,Identidade,IdFormulario,IdentidadeUF,DataNasc,TempoExperiencia,Escolaridade,Salario,Nome) values ('308','308','308','a','308','308','308','308','308');
insert into TblIdMecanico (Observacao,Identidade,IdFormulario,IdentidadeUF,DataNasc,TempoExperiencia,Escolaridade,Salario,Nome) values ('309','309','309','a','309','309','309','309','309');
insert into TblIdMecanico (Observacao,Identidade,IdFormulario,IdentidadeUF,DataNasc,TempoExperiencia,Escolaridade,Salario,Nome) values ('310','310','310','a','310','310','310','310','310');
insert into TblIdMecanico (Observacao,Identidade,IdFormulario,IdentidadeUF,DataNasc,TempoExperiencia,Escolaridade,Salario,Nome) values ('311','311','311','a','311','311','311','311','311');
insert into TblIdMecanico (Observacao,Identidade,IdFormulario,IdentidadeUF,DataNasc,TempoExperiencia,Escolaridade,Salario,Nome) values ('312','312','312','a','312','312','312','312','312');
insert into TblIdMecanico (Observacao,Identidade,IdFormulario,IdentidadeUF,DataNasc,TempoExperiencia,Escolaridade,Salario,Nome) values ('313','313','313','a','313','313','313','313','313');
insert into TblIdMecanico (Observacao,Identidade,IdFormulario,IdentidadeUF,DataNasc,TempoExperiencia,Escolaridade,Salario,Nome) values ('314','314','314','a','314','314','314','314','314');
insert into TblIdMecanico (Observacao,Identidade,IdFormulario,IdentidadeUF,DataNasc,TempoExperiencia,Escolaridade,Salario,Nome) values ('315','315','315','a','315','315','315','315','315');
insert into TblIdMecanico (Observacao,Identidade,IdFormulario,IdentidadeUF,DataNasc,TempoExperiencia,Escolaridade,Salario,Nome) values ('316','316','316','a','316','316','316','316','316');
insert into TblIdMecanico (Observacao,Identidade,IdFormulario,IdentidadeUF,DataNasc,TempoExperiencia,Escolaridade,Salario,Nome) values ('317','317','317','a','317','317','317','317','317');
insert into TblIdMecanico (Observacao,Identidade,IdFormulario,IdentidadeUF,DataNasc,TempoExperiencia,Escolaridade,Salario,Nome) values ('318','318','318','a','318','318','318','318','318');
insert into TblIdMecanico (Observacao,Identidade,IdFormulario,IdentidadeUF,DataNasc,TempoExperiencia,Escolaridade,Salario,Nome) values ('319','319','319','a','319','319','319','319','319');
insert into TblIdMecanico (Observacao,Identidade,IdFormulario,IdentidadeUF,DataNasc,TempoExperiencia,Escolaridade,Salario,Nome) values ('320','320','320','a','320','320','320','320','320');
insert into TblIdMecanico (Observacao,Identidade,IdFormulario,IdentidadeUF,DataNasc,TempoExperiencia,Escolaridade,Salario,Nome) values ('321','321','321','a','321','321','321','321','321');
insert into TblIdMecanico (Observacao,Identidade,IdFormulario,IdentidadeUF,DataNasc,TempoExperiencia,Escolaridade,Salario,Nome) values ('322','322','322','a','322','322','322','322','322');
insert into TblIdMecanico (Observacao,Identidade,IdFormulario,IdentidadeUF,DataNasc,TempoExperiencia,Escolaridade,Salario,Nome) values ('323','323','323','a','323','323','323','323','323');
insert into TblIdMecanico (Observacao,Identidade,IdFormulario,IdentidadeUF,DataNasc,TempoExperiencia,Escolaridade,Salario,Nome) values ('324','324','324','a','324','324','324','324','324');
insert into TblIdMecanico (Observacao,Identidade,IdFormulario,IdentidadeUF,DataNasc,TempoExperiencia,Escolaridade,Salario,Nome) values ('325','325','325','a','325','325','325','325','325');
insert into TblIdMecanico (Observacao,Identidade,IdFormulario,IdentidadeUF,DataNasc,TempoExperiencia,Escolaridade,Salario,Nome) values ('326','326','326','a','326','326','326','326','326');
insert into TblIdMecanico (Observacao,Identidade,IdFormulario,IdentidadeUF,DataNasc,TempoExperiencia,Escolaridade,Salario,Nome) values ('327','327','327','a','327','327','327','327','327');
insert into TblIdMecanico (Observacao,Identidade,IdFormulario,IdentidadeUF,DataNasc,TempoExperiencia,Escolaridade,Salario,Nome) values ('328','328','328','a','328','328','328','328','328');
insert into TblIdMecanico (Observacao,Identidade,IdFormulario,IdentidadeUF,DataNasc,TempoExperiencia,Escolaridade,Salario,Nome) values ('329','329','329','a','329','329','329','329','329');
insert into TblIdMecanico (Observacao,Identidade,IdFormulario,IdentidadeUF,DataNasc,TempoExperiencia,Escolaridade,Salario,Nome) values ('330','330','330','a','330','330','330','330','330');
insert into TblIdMecanico (Observacao,Identidade,IdFormulario,IdentidadeUF,DataNasc,TempoExperiencia,Escolaridade,Salario,Nome) values ('331','331','331','a','331','331','331','331','331');
insert into TblIdMecanico (Observacao,Identidade,IdFormulario,IdentidadeUF,DataNasc,TempoExperiencia,Escolaridade,Salario,Nome) values ('332','332','332','a','332','332','332','332','332');
insert into TblIdMecanico (Observacao,Identidade,IdFormulario,IdentidadeUF,DataNasc,TempoExperiencia,Escolaridade,Salario,Nome) values ('333','333','333','a','333','333','333','333','333');
insert into TblIdMecanico (Observacao,Identidade,IdFormulario,IdentidadeUF,DataNasc,TempoExperiencia,Escolaridade,Salario,Nome) values ('334','334','334','a','334','334','334','334','334');
insert into TblIdMecanico (Observacao,Identidade,IdFormulario,IdentidadeUF,DataNasc,TempoExperiencia,Escolaridade,Salario,Nome) values ('335','335','335','a','335','335','335','335','335');
insert into TblIdMecanico (Observacao,Identidade,IdFormulario,IdentidadeUF,DataNasc,TempoExperiencia,Escolaridade,Salario,Nome) values ('336','336','336','a','336','336','336','336','336');
insert into TblIdMecanico (Observacao,Identidade,IdFormulario,IdentidadeUF,DataNasc,TempoExperiencia,Escolaridade,Salario,Nome) values ('337','337','337','a','337','337','337','337','337');
insert into TblIdMecanico (Observacao,Identidade,IdFormulario,IdentidadeUF,DataNasc,TempoExperiencia,Escolaridade,Salario,Nome) values ('338','338','338','a','338','338','338','338','338');
insert into TblIdMecanico (Observacao,Identidade,IdFormulario,IdentidadeUF,DataNasc,TempoExperiencia,Escolaridade,Salario,Nome) values ('339','339','339','a','339','339','339','339','339');
insert into TblIdMecanico (Observacao,Identidade,IdFormulario,IdentidadeUF,DataNasc,TempoExperiencia,Escolaridade,Salario,Nome) values ('340','340','340','a','340','340','340','340','340');
insert into TblIdMecanico (Observacao,Identidade,IdFormulario,IdentidadeUF,DataNasc,TempoExperiencia,Escolaridade,Salario,Nome) values ('341','341','341','a','341','341','341','341','341');
insert into TblIdMecanico (Observacao,Identidade,IdFormulario,IdentidadeUF,DataNasc,TempoExperiencia,Escolaridade,Salario,Nome) values ('342','342','342','a','342','342','342','342','342');
insert into TblIdMecanico (Observacao,Identidade,IdFormulario,IdentidadeUF,DataNasc,TempoExperiencia,Escolaridade,Salario,Nome) values ('343','343','343','a','343','343','343','343','343');
insert into TblIdMecanico (Observacao,Identidade,IdFormulario,IdentidadeUF,DataNasc,TempoExperiencia,Escolaridade,Salario,Nome) values ('344','344','344','a','344','344','344','344','344');
insert into TblIdMecanico (Observacao,Identidade,IdFormulario,IdentidadeUF,DataNasc,TempoExperiencia,Escolaridade,Salario,Nome) values ('345','345','345','a','345','345','345','345','345');
insert into TblIdMecanico (Observacao,Identidade,IdFormulario,IdentidadeUF,DataNasc,TempoExperiencia,Escolaridade,Salario,Nome) values ('346','346','346','a','346','346','346','346','346');
insert into TblIdMecanico (Observacao,Identidade,IdFormulario,IdentidadeUF,DataNasc,TempoExperiencia,Escolaridade,Salario,Nome) values ('347','347','347','a','347','347','347','347','347');
insert into TblIdMecanico (Observacao,Identidade,IdFormulario,IdentidadeUF,DataNasc,TempoExperiencia,Escolaridade,Salario,Nome) values ('348','348','348','a','348','348','348','348','348');
insert into TblIdMecanico (Observacao,Identidade,IdFormulario,IdentidadeUF,DataNasc,TempoExperiencia,Escolaridade,Salario,Nome) values ('349','349','349','a','349','349','349','349','349');
insert into TblIdMecanico (Observacao,Identidade,IdFormulario,IdentidadeUF,DataNasc,TempoExperiencia,Escolaridade,Salario,Nome) values ('350','350','350','a','350','350','350','350','350');

insert into TblCabecalhoCondutor (IdFormulario,Municipio,UF,Pesquisador,DataColeta,Responsavel) values ('351','351','a','351','351','351');
insert into TblCabecalhoCondutor (IdFormulario,Municipio,UF,Pesquisador,DataColeta,Responsavel) values ('352','352','a','352','352','352');
insert into TblCabecalhoCondutor (IdFormulario,Municipio,UF,Pesquisador,DataColeta,Responsavel) values ('353','353','a','353','353','353');
insert into TblCabecalhoCondutor (IdFormulario,Municipio,UF,Pesquisador,DataColeta,Responsavel) values ('354','354','a','354','354','354');
insert into TblCabecalhoCondutor (IdFormulario,Municipio,UF,Pesquisador,DataColeta,Responsavel) values ('355','355','a','355','355','355');
insert into TblCabecalhoCondutor (IdFormulario,Municipio,UF,Pesquisador,DataColeta,Responsavel) values ('356','356','a','356','356','356');
insert into TblCabecalhoCondutor (IdFormulario,Municipio,UF,Pesquisador,DataColeta,Responsavel) values ('357','357','a','357','357','357');
insert into TblCabecalhoCondutor (IdFormulario,Municipio,UF,Pesquisador,DataColeta,Responsavel) values ('358','358','a','358','358','358');
insert into TblCabecalhoCondutor (IdFormulario,Municipio,UF,Pesquisador,DataColeta,Responsavel) values ('359','359','a','359','359','359');
insert into TblCabecalhoCondutor (IdFormulario,Municipio,UF,Pesquisador,DataColeta,Responsavel) values ('360','360','a','360','360','360');
insert into TblCabecalhoCondutor (IdFormulario,Municipio,UF,Pesquisador,DataColeta,Responsavel) values ('361','361','a','361','361','361');
insert into TblCabecalhoCondutor (IdFormulario,Municipio,UF,Pesquisador,DataColeta,Responsavel) values ('362','362','a','362','362','362');
insert into TblCabecalhoCondutor (IdFormulario,Municipio,UF,Pesquisador,DataColeta,Responsavel) values ('363','363','a','363','363','363');
insert into TblCabecalhoCondutor (IdFormulario,Municipio,UF,Pesquisador,DataColeta,Responsavel) values ('364','364','a','364','364','364');
insert into TblCabecalhoCondutor (IdFormulario,Municipio,UF,Pesquisador,DataColeta,Responsavel) values ('365','365','a','365','365','365');
insert into TblCabecalhoCondutor (IdFormulario,Municipio,UF,Pesquisador,DataColeta,Responsavel) values ('366','366','a','366','366','366');
insert into TblCabecalhoCondutor (IdFormulario,Municipio,UF,Pesquisador,DataColeta,Responsavel) values ('367','367','a','367','367','367');
insert into TblCabecalhoCondutor (IdFormulario,Municipio,UF,Pesquisador,DataColeta,Responsavel) values ('368','368','a','368','368','368');
insert into TblCabecalhoCondutor (IdFormulario,Municipio,UF,Pesquisador,DataColeta,Responsavel) values ('369','369','a','369','369','369');
insert into TblCabecalhoCondutor (IdFormulario,Municipio,UF,Pesquisador,DataColeta,Responsavel) values ('370','370','a','370','370','370');
insert into TblCabecalhoCondutor (IdFormulario,Municipio,UF,Pesquisador,DataColeta,Responsavel) values ('371','371','a','371','371','371');
insert into TblCabecalhoCondutor (IdFormulario,Municipio,UF,Pesquisador,DataColeta,Responsavel) values ('372','372','a','372','372','372');
insert into TblCabecalhoCondutor (IdFormulario,Municipio,UF,Pesquisador,DataColeta,Responsavel) values ('373','373','a','373','373','373');
insert into TblCabecalhoCondutor (IdFormulario,Municipio,UF,Pesquisador,DataColeta,Responsavel) values ('374','374','a','374','374','374');
insert into TblCabecalhoCondutor (IdFormulario,Municipio,UF,Pesquisador,DataColeta,Responsavel) values ('375','375','a','375','375','375');
insert into TblCabecalhoCondutor (IdFormulario,Municipio,UF,Pesquisador,DataColeta,Responsavel) values ('376','376','a','376','376','376');
insert into TblCabecalhoCondutor (IdFormulario,Municipio,UF,Pesquisador,DataColeta,Responsavel) values ('377','377','a','377','377','377');
insert into TblCabecalhoCondutor (IdFormulario,Municipio,UF,Pesquisador,DataColeta,Responsavel) values ('378','378','a','378','378','378');
insert into TblCabecalhoCondutor (IdFormulario,Municipio,UF,Pesquisador,DataColeta,Responsavel) values ('379','379','a','379','379','379');
insert into TblCabecalhoCondutor (IdFormulario,Municipio,UF,Pesquisador,DataColeta,Responsavel) values ('380','380','a','380','380','380');
insert into TblCabecalhoCondutor (IdFormulario,Municipio,UF,Pesquisador,DataColeta,Responsavel) values ('381','381','a','381','381','381');
insert into TblCabecalhoCondutor (IdFormulario,Municipio,UF,Pesquisador,DataColeta,Responsavel) values ('382','382','a','382','382','382');
insert into TblCabecalhoCondutor (IdFormulario,Municipio,UF,Pesquisador,DataColeta,Responsavel) values ('383','383','a','383','383','383');
insert into TblCabecalhoCondutor (IdFormulario,Municipio,UF,Pesquisador,DataColeta,Responsavel) values ('384','384','a','384','384','384');
insert into TblCabecalhoCondutor (IdFormulario,Municipio,UF,Pesquisador,DataColeta,Responsavel) values ('385','385','a','385','385','385');
insert into TblCabecalhoCondutor (IdFormulario,Municipio,UF,Pesquisador,DataColeta,Responsavel) values ('386','386','a','386','386','386');
insert into TblCabecalhoCondutor (IdFormulario,Municipio,UF,Pesquisador,DataColeta,Responsavel) values ('387','387','a','387','387','387');
insert into TblCabecalhoCondutor (IdFormulario,Municipio,UF,Pesquisador,DataColeta,Responsavel) values ('388','388','a','388','388','388');
insert into TblCabecalhoCondutor (IdFormulario,Municipio,UF,Pesquisador,DataColeta,Responsavel) values ('389','389','a','389','389','389');
insert into TblCabecalhoCondutor (IdFormulario,Municipio,UF,Pesquisador,DataColeta,Responsavel) values ('390','390','a','390','390','390');
insert into TblCabecalhoCondutor (IdFormulario,Municipio,UF,Pesquisador,DataColeta,Responsavel) values ('391','391','a','391','391','391');
insert into TblCabecalhoCondutor (IdFormulario,Municipio,UF,Pesquisador,DataColeta,Responsavel) values ('392','392','a','392','392','392');
insert into TblCabecalhoCondutor (IdFormulario,Municipio,UF,Pesquisador,DataColeta,Responsavel) values ('393','393','a','393','393','393');
insert into TblCabecalhoCondutor (IdFormulario,Municipio,UF,Pesquisador,DataColeta,Responsavel) values ('394','394','a','394','394','394');
insert into TblCabecalhoCondutor (IdFormulario,Municipio,UF,Pesquisador,DataColeta,Responsavel) values ('395','395','a','395','395','395');
insert into TblCabecalhoCondutor (IdFormulario,Municipio,UF,Pesquisador,DataColeta,Responsavel) values ('396','396','a','396','396','396');
insert into TblCabecalhoCondutor (IdFormulario,Municipio,UF,Pesquisador,DataColeta,Responsavel) values ('397','397','a','397','397','397');
insert into TblCabecalhoCondutor (IdFormulario,Municipio,UF,Pesquisador,DataColeta,Responsavel) values ('398','398','a','398','398','398');
insert into TblCabecalhoCondutor (IdFormulario,Municipio,UF,Pesquisador,DataColeta,Responsavel) values ('399','399','a','399','399','399');
insert into TblCabecalhoCondutor (IdFormulario,Municipio,UF,Pesquisador,DataColeta,Responsavel) values ('400','400','a','400','400','400');

