insert into TblIdMonitor (Observacao,Identidade,IdFormulario,IdentidadeUF,DataNasc,TempoExperiencia,Escolaridade,Salario,EstadoCivil,Nome,IdEmbarcacao) values ('1','1','1','1','1','1','1','1','1','1','1');
insert into TblIdMonitor (Observacao,Identidade,IdFormulario,IdentidadeUF,DataNasc,TempoExperiencia,Escolaridade,Salario,EstadoCivil,Nome,IdEmbarcacao) values ('2','2','2','2','2','2','2','2','2','2','2');
insert into TblIdMonitor (Observacao,Identidade,IdFormulario,IdentidadeUF,DataNasc,TempoExperiencia,Escolaridade,Salario,EstadoCivil,Nome,IdEmbarcacao) values ('3','3','3','3','3','3','3','3','3','3','3');
insert into TblIdMonitor (Observacao,Identidade,IdFormulario,IdentidadeUF,DataNasc,TempoExperiencia,Escolaridade,Salario,EstadoCivil,Nome,IdEmbarcacao) values ('4','4','4','4','4','4','4','4','4','4','4');
insert into TblIdMonitor (Observacao,Identidade,IdFormulario,IdentidadeUF,DataNasc,TempoExperiencia,Escolaridade,Salario,EstadoCivil,Nome,IdEmbarcacao) values ('5','5','5','5','5','5','5','5','5','5','5');
insert into TblIdMonitor (Observacao,Identidade,IdFormulario,IdentidadeUF,DataNasc,TempoExperiencia,Escolaridade,Salario,EstadoCivil,Nome,IdEmbarcacao) values ('6','6','6','6','6','6','6','6','6','6','6');
insert into TblIdMonitor (Observacao,Identidade,IdFormulario,IdentidadeUF,DataNasc,TempoExperiencia,Escolaridade,Salario,EstadoCivil,Nome,IdEmbarcacao) values ('7','7','7','7','7','7','7','7','7','7','7');
insert into TblIdMonitor (Observacao,Identidade,IdFormulario,IdentidadeUF,DataNasc,TempoExperiencia,Escolaridade,Salario,EstadoCivil,Nome,IdEmbarcacao) values ('8','8','8','8','8','8','8','8','8','8','8');
insert into TblIdMonitor (Observacao,Identidade,IdFormulario,IdentidadeUF,DataNasc,TempoExperiencia,Escolaridade,Salario,EstadoCivil,Nome,IdEmbarcacao) values ('9','9','9','9','9','9','9','9','9','9','9');
insert into TblIdMonitor (Observacao,Identidade,IdFormulario,IdentidadeUF,DataNasc,TempoExperiencia,Escolaridade,Salario,EstadoCivil,Nome,IdEmbarcacao) values ('10','10','10','10','10','10','10','10','10','10','10');
insert into TblIdMonitor (Observacao,Identidade,IdFormulario,IdentidadeUF,DataNasc,TempoExperiencia,Escolaridade,Salario,EstadoCivil,Nome,IdEmbarcacao) values ('11','11','11','11','11','11','11','11','11','11','11');
insert into TblIdMonitor (Observacao,Identidade,IdFormulario,IdentidadeUF,DataNasc,TempoExperiencia,Escolaridade,Salario,EstadoCivil,Nome,IdEmbarcacao) values ('12','12','12','12','12','12','12','12','12','12','12');
insert into TblIdMonitor (Observacao,Identidade,IdFormulario,IdentidadeUF,DataNasc,TempoExperiencia,Escolaridade,Salario,EstadoCivil,Nome,IdEmbarcacao) values ('13','13','13','13','13','13','13','13','13','13','13');
insert into TblIdMonitor (Observacao,Identidade,IdFormulario,IdentidadeUF,DataNasc,TempoExperiencia,Escolaridade,Salario,EstadoCivil,Nome,IdEmbarcacao) values ('14','14','14','14','14','14','14','14','14','14','14');
insert into TblIdMonitor (Observacao,Identidade,IdFormulario,IdentidadeUF,DataNasc,TempoExperiencia,Escolaridade,Salario,EstadoCivil,Nome,IdEmbarcacao) values ('15','15','15','15','15','15','15','15','15','15','15');
insert into TblIdMonitor (Observacao,Identidade,IdFormulario,IdentidadeUF,DataNasc,TempoExperiencia,Escolaridade,Salario,EstadoCivil,Nome,IdEmbarcacao) values ('16','16','16','16','16','16','16','16','16','16','16');
insert into TblIdMonitor (Observacao,Identidade,IdFormulario,IdentidadeUF,DataNasc,TempoExperiencia,Escolaridade,Salario,EstadoCivil,Nome,IdEmbarcacao) values ('17','17','17','17','17','17','17','17','17','17','17');
insert into TblIdMonitor (Observacao,Identidade,IdFormulario,IdentidadeUF,DataNasc,TempoExperiencia,Escolaridade,Salario,EstadoCivil,Nome,IdEmbarcacao) values ('18','18','18','18','18','18','18','18','18','18','18');
insert into TblIdMonitor (Observacao,Identidade,IdFormulario,IdentidadeUF,DataNasc,TempoExperiencia,Escolaridade,Salario,EstadoCivil,Nome,IdEmbarcacao) values ('19','19','19','19','19','19','19','19','19','19','19');
insert into TblIdMonitor (Observacao,Identidade,IdFormulario,IdentidadeUF,DataNasc,TempoExperiencia,Escolaridade,Salario,EstadoCivil,Nome,IdEmbarcacao) values ('20','20','20','20','20','20','20','20','20','20','20');
insert into TblIdMonitor (Observacao,Identidade,IdFormulario,IdentidadeUF,DataNasc,TempoExperiencia,Escolaridade,Salario,EstadoCivil,Nome,IdEmbarcacao) values ('21','21','21','21','21','21','21','21','21','21','21');
insert into TblIdMonitor (Observacao,Identidade,IdFormulario,IdentidadeUF,DataNasc,TempoExperiencia,Escolaridade,Salario,EstadoCivil,Nome,IdEmbarcacao) values ('22','22','22','22','22','22','22','22','22','22','22');
insert into TblIdMonitor (Observacao,Identidade,IdFormulario,IdentidadeUF,DataNasc,TempoExperiencia,Escolaridade,Salario,EstadoCivil,Nome,IdEmbarcacao) values ('23','23','23','23','23','23','23','23','23','23','23');
insert into TblIdMonitor (Observacao,Identidade,IdFormulario,IdentidadeUF,DataNasc,TempoExperiencia,Escolaridade,Salario,EstadoCivil,Nome,IdEmbarcacao) values ('24','24','24','24','24','24','24','24','24','24','24');
insert into TblIdMonitor (Observacao,Identidade,IdFormulario,IdentidadeUF,DataNasc,TempoExperiencia,Escolaridade,Salario,EstadoCivil,Nome,IdEmbarcacao) values ('25','25','25','25','25','25','25','25','25','25','25');
insert into TblIdMonitor (Observacao,Identidade,IdFormulario,IdentidadeUF,DataNasc,TempoExperiencia,Escolaridade,Salario,EstadoCivil,Nome,IdEmbarcacao) values ('26','26','26','26','26','26','26','26','26','26','26');
insert into TblIdMonitor (Observacao,Identidade,IdFormulario,IdentidadeUF,DataNasc,TempoExperiencia,Escolaridade,Salario,EstadoCivil,Nome,IdEmbarcacao) values ('27','27','27','27','27','27','27','27','27','27','27');
insert into TblIdMonitor (Observacao,Identidade,IdFormulario,IdentidadeUF,DataNasc,TempoExperiencia,Escolaridade,Salario,EstadoCivil,Nome,IdEmbarcacao) values ('28','28','28','28','28','28','28','28','28','28','28');
insert into TblIdMonitor (Observacao,Identidade,IdFormulario,IdentidadeUF,DataNasc,TempoExperiencia,Escolaridade,Salario,EstadoCivil,Nome,IdEmbarcacao) values ('29','29','29','29','29','29','29','29','29','29','29');
insert into TblIdMonitor (Observacao,Identidade,IdFormulario,IdentidadeUF,DataNasc,TempoExperiencia,Escolaridade,Salario,EstadoCivil,Nome,IdEmbarcacao) values ('30','30','30','30','30','30','30','30','30','30','30');
insert into TblIdMonitor (Observacao,Identidade,IdFormulario,IdentidadeUF,DataNasc,TempoExperiencia,Escolaridade,Salario,EstadoCivil,Nome,IdEmbarcacao) values ('31','31','31','31','31','31','31','31','31','31','31');
insert into TblIdMonitor (Observacao,Identidade,IdFormulario,IdentidadeUF,DataNasc,TempoExperiencia,Escolaridade,Salario,EstadoCivil,Nome,IdEmbarcacao) values ('32','32','32','32','32','32','32','32','32','32','32');
insert into TblIdMonitor (Observacao,Identidade,IdFormulario,IdentidadeUF,DataNasc,TempoExperiencia,Escolaridade,Salario,EstadoCivil,Nome,IdEmbarcacao) values ('33','33','33','33','33','33','33','33','33','33','33');
insert into TblIdMonitor (Observacao,Identidade,IdFormulario,IdentidadeUF,DataNasc,TempoExperiencia,Escolaridade,Salario,EstadoCivil,Nome,IdEmbarcacao) values ('34','34','34','34','34','34','34','34','34','34','34');
insert into TblIdMonitor (Observacao,Identidade,IdFormulario,IdentidadeUF,DataNasc,TempoExperiencia,Escolaridade,Salario,EstadoCivil,Nome,IdEmbarcacao) values ('35','35','35','35','35','35','35','35','35','35','35');
insert into TblIdMonitor (Observacao,Identidade,IdFormulario,IdentidadeUF,DataNasc,TempoExperiencia,Escolaridade,Salario,EstadoCivil,Nome,IdEmbarcacao) values ('36','36','36','36','36','36','36','36','36','36','36');
insert into TblIdMonitor (Observacao,Identidade,IdFormulario,IdentidadeUF,DataNasc,TempoExperiencia,Escolaridade,Salario,EstadoCivil,Nome,IdEmbarcacao) values ('37','37','37','37','37','37','37','37','37','37','37');
insert into TblIdMonitor (Observacao,Identidade,IdFormulario,IdentidadeUF,DataNasc,TempoExperiencia,Escolaridade,Salario,EstadoCivil,Nome,IdEmbarcacao) values ('38','38','38','38','38','38','38','38','38','38','38');
insert into TblIdMonitor (Observacao,Identidade,IdFormulario,IdentidadeUF,DataNasc,TempoExperiencia,Escolaridade,Salario,EstadoCivil,Nome,IdEmbarcacao) values ('39','39','39','39','39','39','39','39','39','39','39');
insert into TblIdMonitor (Observacao,Identidade,IdFormulario,IdentidadeUF,DataNasc,TempoExperiencia,Escolaridade,Salario,EstadoCivil,Nome,IdEmbarcacao) values ('40','40','40','40','40','40','40','40','40','40','40');
insert into TblIdMonitor (Observacao,Identidade,IdFormulario,IdentidadeUF,DataNasc,TempoExperiencia,Escolaridade,Salario,EstadoCivil,Nome,IdEmbarcacao) values ('41','41','41','41','41','41','41','41','41','41','41');
insert into TblIdMonitor (Observacao,Identidade,IdFormulario,IdentidadeUF,DataNasc,TempoExperiencia,Escolaridade,Salario,EstadoCivil,Nome,IdEmbarcacao) values ('42','42','42','42','42','42','42','42','42','42','42');
insert into TblIdMonitor (Observacao,Identidade,IdFormulario,IdentidadeUF,DataNasc,TempoExperiencia,Escolaridade,Salario,EstadoCivil,Nome,IdEmbarcacao) values ('43','43','43','43','43','43','43','43','43','43','43');
insert into TblIdMonitor (Observacao,Identidade,IdFormulario,IdentidadeUF,DataNasc,TempoExperiencia,Escolaridade,Salario,EstadoCivil,Nome,IdEmbarcacao) values ('44','44','44','44','44','44','44','44','44','44','44');
insert into TblIdMonitor (Observacao,Identidade,IdFormulario,IdentidadeUF,DataNasc,TempoExperiencia,Escolaridade,Salario,EstadoCivil,Nome,IdEmbarcacao) values ('45','45','45','45','45','45','45','45','45','45','45');
insert into TblIdMonitor (Observacao,Identidade,IdFormulario,IdentidadeUF,DataNasc,TempoExperiencia,Escolaridade,Salario,EstadoCivil,Nome,IdEmbarcacao) values ('46','46','46','46','46','46','46','46','46','46','46');
insert into TblIdMonitor (Observacao,Identidade,IdFormulario,IdentidadeUF,DataNasc,TempoExperiencia,Escolaridade,Salario,EstadoCivil,Nome,IdEmbarcacao) values ('47','47','47','47','47','47','47','47','47','47','47');
insert into TblIdMonitor (Observacao,Identidade,IdFormulario,IdentidadeUF,DataNasc,TempoExperiencia,Escolaridade,Salario,EstadoCivil,Nome,IdEmbarcacao) values ('48','48','48','48','48','48','48','48','48','48','48');
insert into TblIdMonitor (Observacao,Identidade,IdFormulario,IdentidadeUF,DataNasc,TempoExperiencia,Escolaridade,Salario,EstadoCivil,Nome,IdEmbarcacao) values ('49','49','49','49','49','49','49','49','49','49','49');
insert into TblIdMonitor (Observacao,Identidade,IdFormulario,IdentidadeUF,DataNasc,TempoExperiencia,Escolaridade,Salario,EstadoCivil,Nome,IdEmbarcacao) values ('50','50','50','50','50','50','50','50','50','50','50');

insert into TblCabecalhoEmbarcacao (IdFormulario,Municipio,UF,Pesquisador,DataColeta,Responsavel) values ('51','51','51','51','51','51');
insert into TblCabecalhoEmbarcacao (IdFormulario,Municipio,UF,Pesquisador,DataColeta,Responsavel) values ('52','52','52','52','52','52');
insert into TblCabecalhoEmbarcacao (IdFormulario,Municipio,UF,Pesquisador,DataColeta,Responsavel) values ('53','53','53','53','53','53');
insert into TblCabecalhoEmbarcacao (IdFormulario,Municipio,UF,Pesquisador,DataColeta,Responsavel) values ('54','54','54','54','54','54');
insert into TblCabecalhoEmbarcacao (IdFormulario,Municipio,UF,Pesquisador,DataColeta,Responsavel) values ('55','55','55','55','55','55');
insert into TblCabecalhoEmbarcacao (IdFormulario,Municipio,UF,Pesquisador,DataColeta,Responsavel) values ('56','56','56','56','56','56');
insert into TblCabecalhoEmbarcacao (IdFormulario,Municipio,UF,Pesquisador,DataColeta,Responsavel) values ('57','57','57','57','57','57');
insert into TblCabecalhoEmbarcacao (IdFormulario,Municipio,UF,Pesquisador,DataColeta,Responsavel) values ('58','58','58','58','58','58');
insert into TblCabecalhoEmbarcacao (IdFormulario,Municipio,UF,Pesquisador,DataColeta,Responsavel) values ('59','59','59','59','59','59');
insert into TblCabecalhoEmbarcacao (IdFormulario,Municipio,UF,Pesquisador,DataColeta,Responsavel) values ('60','60','60','60','60','60');
insert into TblCabecalhoEmbarcacao (IdFormulario,Municipio,UF,Pesquisador,DataColeta,Responsavel) values ('61','61','61','61','61','61');
insert into TblCabecalhoEmbarcacao (IdFormulario,Municipio,UF,Pesquisador,DataColeta,Responsavel) values ('62','62','62','62','62','62');
insert into TblCabecalhoEmbarcacao (IdFormulario,Municipio,UF,Pesquisador,DataColeta,Responsavel) values ('63','63','63','63','63','63');
insert into TblCabecalhoEmbarcacao (IdFormulario,Municipio,UF,Pesquisador,DataColeta,Responsavel) values ('64','64','64','64','64','64');
insert into TblCabecalhoEmbarcacao (IdFormulario,Municipio,UF,Pesquisador,DataColeta,Responsavel) values ('65','65','65','65','65','65');
insert into TblCabecalhoEmbarcacao (IdFormulario,Municipio,UF,Pesquisador,DataColeta,Responsavel) values ('66','66','66','66','66','66');
insert into TblCabecalhoEmbarcacao (IdFormulario,Municipio,UF,Pesquisador,DataColeta,Responsavel) values ('67','67','67','67','67','67');
insert into TblCabecalhoEmbarcacao (IdFormulario,Municipio,UF,Pesquisador,DataColeta,Responsavel) values ('68','68','68','68','68','68');
insert into TblCabecalhoEmbarcacao (IdFormulario,Municipio,UF,Pesquisador,DataColeta,Responsavel) values ('69','69','69','69','69','69');
insert into TblCabecalhoEmbarcacao (IdFormulario,Municipio,UF,Pesquisador,DataColeta,Responsavel) values ('70','70','70','70','70','70');
insert into TblCabecalhoEmbarcacao (IdFormulario,Municipio,UF,Pesquisador,DataColeta,Responsavel) values ('71','71','71','71','71','71');
insert into TblCabecalhoEmbarcacao (IdFormulario,Municipio,UF,Pesquisador,DataColeta,Responsavel) values ('72','72','72','72','72','72');
insert into TblCabecalhoEmbarcacao (IdFormulario,Municipio,UF,Pesquisador,DataColeta,Responsavel) values ('73','73','73','73','73','73');
insert into TblCabecalhoEmbarcacao (IdFormulario,Municipio,UF,Pesquisador,DataColeta,Responsavel) values ('74','74','74','74','74','74');
insert into TblCabecalhoEmbarcacao (IdFormulario,Municipio,UF,Pesquisador,DataColeta,Responsavel) values ('75','75','75','75','75','75');
insert into TblCabecalhoEmbarcacao (IdFormulario,Municipio,UF,Pesquisador,DataColeta,Responsavel) values ('76','76','76','76','76','76');
insert into TblCabecalhoEmbarcacao (IdFormulario,Municipio,UF,Pesquisador,DataColeta,Responsavel) values ('77','77','77','77','77','77');
insert into TblCabecalhoEmbarcacao (IdFormulario,Municipio,UF,Pesquisador,DataColeta,Responsavel) values ('78','78','78','78','78','78');
insert into TblCabecalhoEmbarcacao (IdFormulario,Municipio,UF,Pesquisador,DataColeta,Responsavel) values ('79','79','79','79','79','79');
insert into TblCabecalhoEmbarcacao (IdFormulario,Municipio,UF,Pesquisador,DataColeta,Responsavel) values ('80','80','80','80','80','80');
insert into TblCabecalhoEmbarcacao (IdFormulario,Municipio,UF,Pesquisador,DataColeta,Responsavel) values ('81','81','81','81','81','81');
insert into TblCabecalhoEmbarcacao (IdFormulario,Municipio,UF,Pesquisador,DataColeta,Responsavel) values ('82','82','82','82','82','82');
insert into TblCabecalhoEmbarcacao (IdFormulario,Municipio,UF,Pesquisador,DataColeta,Responsavel) values ('83','83','83','83','83','83');
insert into TblCabecalhoEmbarcacao (IdFormulario,Municipio,UF,Pesquisador,DataColeta,Responsavel) values ('84','84','84','84','84','84');
insert into TblCabecalhoEmbarcacao (IdFormulario,Municipio,UF,Pesquisador,DataColeta,Responsavel) values ('85','85','85','85','85','85');
insert into TblCabecalhoEmbarcacao (IdFormulario,Municipio,UF,Pesquisador,DataColeta,Responsavel) values ('86','86','86','86','86','86');
insert into TblCabecalhoEmbarcacao (IdFormulario,Municipio,UF,Pesquisador,DataColeta,Responsavel) values ('87','87','87','87','87','87');
insert into TblCabecalhoEmbarcacao (IdFormulario,Municipio,UF,Pesquisador,DataColeta,Responsavel) values ('88','88','88','88','88','88');
insert into TblCabecalhoEmbarcacao (IdFormulario,Municipio,UF,Pesquisador,DataColeta,Responsavel) values ('89','89','89','89','89','89');
insert into TblCabecalhoEmbarcacao (IdFormulario,Municipio,UF,Pesquisador,DataColeta,Responsavel) values ('90','90','90','90','90','90');
insert into TblCabecalhoEmbarcacao (IdFormulario,Municipio,UF,Pesquisador,DataColeta,Responsavel) values ('91','91','91','91','91','91');
insert into TblCabecalhoEmbarcacao (IdFormulario,Municipio,UF,Pesquisador,DataColeta,Responsavel) values ('92','92','92','92','92','92');
insert into TblCabecalhoEmbarcacao (IdFormulario,Municipio,UF,Pesquisador,DataColeta,Responsavel) values ('93','93','93','93','93','93');
insert into TblCabecalhoEmbarcacao (IdFormulario,Municipio,UF,Pesquisador,DataColeta,Responsavel) values ('94','94','94','94','94','94');
insert into TblCabecalhoEmbarcacao (IdFormulario,Municipio,UF,Pesquisador,DataColeta,Responsavel) values ('95','95','95','95','95','95');
insert into TblCabecalhoEmbarcacao (IdFormulario,Municipio,UF,Pesquisador,DataColeta,Responsavel) values ('96','96','96','96','96','96');
insert into TblCabecalhoEmbarcacao (IdFormulario,Municipio,UF,Pesquisador,DataColeta,Responsavel) values ('97','97','97','97','97','97');
insert into TblCabecalhoEmbarcacao (IdFormulario,Municipio,UF,Pesquisador,DataColeta,Responsavel) values ('98','98','98','98','98','98');
insert into TblCabecalhoEmbarcacao (IdFormulario,Municipio,UF,Pesquisador,DataColeta,Responsavel) values ('99','99','99','99','99','99');
insert into TblCabecalhoEmbarcacao (IdFormulario,Municipio,UF,Pesquisador,DataColeta,Responsavel) values ('100','100','a','100','100','100');

insert into TblIdEmbarcacao (Observacao,MesLetivoSeca,CapacidadeIndicada,IdFormulario,AlunosVespertino,ValorEmbarcacao,TipoEmbarcacao,QuantidadeRota,CapacidadeInformada,AlunosNoturno,DataAquisicao,PosicaoMotor,RotaOD,SituacaoEmbarcacao,NomeEmbarcacao,ValorCusto,TempoChuva,QuantMotor,RotaOD1,EmbarcacaoReserva,UfEmbarcacao,ValorUnidade,TempoSeca,PotenciaMotor,RotaOD2,PropriedadeEmbarcacao,AnoFabricacao,MesLetivoChuva,TipoCombustivel,AlunosMatutino,PropriedadeOutros,TipoMaterial,IdEmbarcacao) values ('101','a','101','101','101','101','a','a','101','101','101','a','101','101','101','101','101','a','101','101','a','101','101','101','101','101','101','a','101','101','101','101','51');
insert into TblIdEmbarcacao (Observacao,MesLetivoSeca,CapacidadeIndicada,IdFormulario,AlunosVespertino,ValorEmbarcacao,TipoEmbarcacao,QuantidadeRota,CapacidadeInformada,AlunosNoturno,DataAquisicao,PosicaoMotor,RotaOD,SituacaoEmbarcacao,NomeEmbarcacao,ValorCusto,TempoChuva,QuantMotor,RotaOD1,EmbarcacaoReserva,UfEmbarcacao,ValorUnidade,TempoSeca,PotenciaMotor,RotaOD2,PropriedadeEmbarcacao,AnoFabricacao,MesLetivoChuva,TipoCombustivel,AlunosMatutino,PropriedadeOutros,TipoMaterial,IdEmbarcacao) values ('102','a','102','102','102','102','a','a','102','102','102','a','102','102','102','102','102','a','102','102','a','102','102','102','102','102','102','a','102','102','102','102','52');
insert into TblIdEmbarcacao (Observacao,MesLetivoSeca,CapacidadeIndicada,IdFormulario,AlunosVespertino,ValorEmbarcacao,TipoEmbarcacao,QuantidadeRota,CapacidadeInformada,AlunosNoturno,DataAquisicao,PosicaoMotor,RotaOD,SituacaoEmbarcacao,NomeEmbarcacao,ValorCusto,TempoChuva,QuantMotor,RotaOD1,EmbarcacaoReserva,UfEmbarcacao,ValorUnidade,TempoSeca,PotenciaMotor,RotaOD2,PropriedadeEmbarcacao,AnoFabricacao,MesLetivoChuva,TipoCombustivel,AlunosMatutino,PropriedadeOutros,TipoMaterial,IdEmbarcacao) values ('103','a','103','103','103','103','a','a','103','103','103','a','103','103','103','103','103','a','103','103','a','103','103','103','103','103','103','a','103','103','103','103','53');
insert into TblIdEmbarcacao (Observacao,MesLetivoSeca,CapacidadeIndicada,IdFormulario,AlunosVespertino,ValorEmbarcacao,TipoEmbarcacao,QuantidadeRota,CapacidadeInformada,AlunosNoturno,DataAquisicao,PosicaoMotor,RotaOD,SituacaoEmbarcacao,NomeEmbarcacao,ValorCusto,TempoChuva,QuantMotor,RotaOD1,EmbarcacaoReserva,UfEmbarcacao,ValorUnidade,TempoSeca,PotenciaMotor,RotaOD2,PropriedadeEmbarcacao,AnoFabricacao,MesLetivoChuva,TipoCombustivel,AlunosMatutino,PropriedadeOutros,TipoMaterial,IdEmbarcacao) values ('104','a','104','104','104','104','a','a','104','104','104','a','104','104','104','104','104','a','104','104','a','104','104','104','104','104','104','a','104','104','104','104','54');
insert into TblIdEmbarcacao (Observacao,MesLetivoSeca,CapacidadeIndicada,IdFormulario,AlunosVespertino,ValorEmbarcacao,TipoEmbarcacao,QuantidadeRota,CapacidadeInformada,AlunosNoturno,DataAquisicao,PosicaoMotor,RotaOD,SituacaoEmbarcacao,NomeEmbarcacao,ValorCusto,TempoChuva,QuantMotor,RotaOD1,EmbarcacaoReserva,UfEmbarcacao,ValorUnidade,TempoSeca,PotenciaMotor,RotaOD2,PropriedadeEmbarcacao,AnoFabricacao,MesLetivoChuva,TipoCombustivel,AlunosMatutino,PropriedadeOutros,TipoMaterial,IdEmbarcacao) values ('105','a','105','105','105','105','a','a','105','105','105','a','105','105','105','105','105','a','105','105','a','105','105','105','105','105','105','a','105','105','105','105','55');
insert into TblIdEmbarcacao (Observacao,MesLetivoSeca,CapacidadeIndicada,IdFormulario,AlunosVespertino,ValorEmbarcacao,TipoEmbarcacao,QuantidadeRota,CapacidadeInformada,AlunosNoturno,DataAquisicao,PosicaoMotor,RotaOD,SituacaoEmbarcacao,NomeEmbarcacao,ValorCusto,TempoChuva,QuantMotor,RotaOD1,EmbarcacaoReserva,UfEmbarcacao,ValorUnidade,TempoSeca,PotenciaMotor,RotaOD2,PropriedadeEmbarcacao,AnoFabricacao,MesLetivoChuva,TipoCombustivel,AlunosMatutino,PropriedadeOutros,TipoMaterial,IdEmbarcacao) values ('106','a','106','106','106','106','a','a','106','106','106','a','106','106','106','106','106','a','106','106','a','106','106','106','106','106','106','a','106','106','106','106','56');
insert into TblIdEmbarcacao (Observacao,MesLetivoSeca,CapacidadeIndicada,IdFormulario,AlunosVespertino,ValorEmbarcacao,TipoEmbarcacao,QuantidadeRota,CapacidadeInformada,AlunosNoturno,DataAquisicao,PosicaoMotor,RotaOD,SituacaoEmbarcacao,NomeEmbarcacao,ValorCusto,TempoChuva,QuantMotor,RotaOD1,EmbarcacaoReserva,UfEmbarcacao,ValorUnidade,TempoSeca,PotenciaMotor,RotaOD2,PropriedadeEmbarcacao,AnoFabricacao,MesLetivoChuva,TipoCombustivel,AlunosMatutino,PropriedadeOutros,TipoMaterial,IdEmbarcacao) values ('107','a','107','107','107','107','a','a','107','107','107','a','107','107','107','107','107','a','107','107','a','107','107','107','107','107','107','a','107','107','107','107','57');
insert into TblIdEmbarcacao (Observacao,MesLetivoSeca,CapacidadeIndicada,IdFormulario,AlunosVespertino,ValorEmbarcacao,TipoEmbarcacao,QuantidadeRota,CapacidadeInformada,AlunosNoturno,DataAquisicao,PosicaoMotor,RotaOD,SituacaoEmbarcacao,NomeEmbarcacao,ValorCusto,TempoChuva,QuantMotor,RotaOD1,EmbarcacaoReserva,UfEmbarcacao,ValorUnidade,TempoSeca,PotenciaMotor,RotaOD2,PropriedadeEmbarcacao,AnoFabricacao,MesLetivoChuva,TipoCombustivel,AlunosMatutino,PropriedadeOutros,TipoMaterial,IdEmbarcacao) values ('108','a','108','108','108','108','a','a','108','108','108','a','108','108','108','108','108','a','108','108','a','108','108','108','108','108','108','a','108','108','108','108','58');
insert into TblIdEmbarcacao (Observacao,MesLetivoSeca,CapacidadeIndicada,IdFormulario,AlunosVespertino,ValorEmbarcacao,TipoEmbarcacao,QuantidadeRota,CapacidadeInformada,AlunosNoturno,DataAquisicao,PosicaoMotor,RotaOD,SituacaoEmbarcacao,NomeEmbarcacao,ValorCusto,TempoChuva,QuantMotor,RotaOD1,EmbarcacaoReserva,UfEmbarcacao,ValorUnidade,TempoSeca,PotenciaMotor,RotaOD2,PropriedadeEmbarcacao,AnoFabricacao,MesLetivoChuva,TipoCombustivel,AlunosMatutino,PropriedadeOutros,TipoMaterial,IdEmbarcacao) values ('109','a','109','109','109','109','a','a','109','109','109','a','109','109','109','109','109','a','109','109','a','109','109','109','109','109','109','a','109','109','109','109','59');
insert into TblIdEmbarcacao (Observacao,MesLetivoSeca,CapacidadeIndicada,IdFormulario,AlunosVespertino,ValorEmbarcacao,TipoEmbarcacao,QuantidadeRota,CapacidadeInformada,AlunosNoturno,DataAquisicao,PosicaoMotor,RotaOD,SituacaoEmbarcacao,NomeEmbarcacao,ValorCusto,TempoChuva,QuantMotor,RotaOD1,EmbarcacaoReserva,UfEmbarcacao,ValorUnidade,TempoSeca,PotenciaMotor,RotaOD2,PropriedadeEmbarcacao,AnoFabricacao,MesLetivoChuva,TipoCombustivel,AlunosMatutino,PropriedadeOutros,TipoMaterial,IdEmbarcacao) values ('110','a','110','110','110','110','a','a','110','110','110','a','110','110','110','110','110','a','110','110','a','110','110','110','110','110','110','a','110','110','110','110','60');
insert into TblIdEmbarcacao (Observacao,MesLetivoSeca,CapacidadeIndicada,IdFormulario,AlunosVespertino,ValorEmbarcacao,TipoEmbarcacao,QuantidadeRota,CapacidadeInformada,AlunosNoturno,DataAquisicao,PosicaoMotor,RotaOD,SituacaoEmbarcacao,NomeEmbarcacao,ValorCusto,TempoChuva,QuantMotor,RotaOD1,EmbarcacaoReserva,UfEmbarcacao,ValorUnidade,TempoSeca,PotenciaMotor,RotaOD2,PropriedadeEmbarcacao,AnoFabricacao,MesLetivoChuva,TipoCombustivel,AlunosMatutino,PropriedadeOutros,TipoMaterial,IdEmbarcacao) values ('111','a','111','111','111','111','a','a','111','111','111','a','111','111','111','111','111','a','111','111','a','111','111','111','111','111','111','a','111','111','111','111','61');
insert into TblIdEmbarcacao (Observacao,MesLetivoSeca,CapacidadeIndicada,IdFormulario,AlunosVespertino,ValorEmbarcacao,TipoEmbarcacao,QuantidadeRota,CapacidadeInformada,AlunosNoturno,DataAquisicao,PosicaoMotor,RotaOD,SituacaoEmbarcacao,NomeEmbarcacao,ValorCusto,TempoChuva,QuantMotor,RotaOD1,EmbarcacaoReserva,UfEmbarcacao,ValorUnidade,TempoSeca,PotenciaMotor,RotaOD2,PropriedadeEmbarcacao,AnoFabricacao,MesLetivoChuva,TipoCombustivel,AlunosMatutino,PropriedadeOutros,TipoMaterial,IdEmbarcacao) values ('112','a','112','112','112','112','a','a','112','112','112','a','112','112','112','112','112','a','112','112','a','112','112','112','112','112','112','a','112','112','112','112','62');
insert into TblIdEmbarcacao (Observacao,MesLetivoSeca,CapacidadeIndicada,IdFormulario,AlunosVespertino,ValorEmbarcacao,TipoEmbarcacao,QuantidadeRota,CapacidadeInformada,AlunosNoturno,DataAquisicao,PosicaoMotor,RotaOD,SituacaoEmbarcacao,NomeEmbarcacao,ValorCusto,TempoChuva,QuantMotor,RotaOD1,EmbarcacaoReserva,UfEmbarcacao,ValorUnidade,TempoSeca,PotenciaMotor,RotaOD2,PropriedadeEmbarcacao,AnoFabricacao,MesLetivoChuva,TipoCombustivel,AlunosMatutino,PropriedadeOutros,TipoMaterial,IdEmbarcacao) values ('113','a','113','113','113','113','a','a','113','113','113','a','113','113','113','113','113','a','113','113','a','113','113','113','113','113','113','a','113','113','113','113','63');
insert into TblIdEmbarcacao (Observacao,MesLetivoSeca,CapacidadeIndicada,IdFormulario,AlunosVespertino,ValorEmbarcacao,TipoEmbarcacao,QuantidadeRota,CapacidadeInformada,AlunosNoturno,DataAquisicao,PosicaoMotor,RotaOD,SituacaoEmbarcacao,NomeEmbarcacao,ValorCusto,TempoChuva,QuantMotor,RotaOD1,EmbarcacaoReserva,UfEmbarcacao,ValorUnidade,TempoSeca,PotenciaMotor,RotaOD2,PropriedadeEmbarcacao,AnoFabricacao,MesLetivoChuva,TipoCombustivel,AlunosMatutino,PropriedadeOutros,TipoMaterial,IdEmbarcacao) values ('114','a','114','114','114','114','a','a','114','114','114','a','114','114','114','114','114','a','114','114','a','114','114','114','114','114','114','a','114','114','114','114','64');
insert into TblIdEmbarcacao (Observacao,MesLetivoSeca,CapacidadeIndicada,IdFormulario,AlunosVespertino,ValorEmbarcacao,TipoEmbarcacao,QuantidadeRota,CapacidadeInformada,AlunosNoturno,DataAquisicao,PosicaoMotor,RotaOD,SituacaoEmbarcacao,NomeEmbarcacao,ValorCusto,TempoChuva,QuantMotor,RotaOD1,EmbarcacaoReserva,UfEmbarcacao,ValorUnidade,TempoSeca,PotenciaMotor,RotaOD2,PropriedadeEmbarcacao,AnoFabricacao,MesLetivoChuva,TipoCombustivel,AlunosMatutino,PropriedadeOutros,TipoMaterial,IdEmbarcacao) values ('115','a','115','115','115','115','a','a','115','115','115','a','115','115','115','115','115','a','115','115','a','115','115','115','115','115','115','a','115','115','115','115','65');
insert into TblIdEmbarcacao (Observacao,MesLetivoSeca,CapacidadeIndicada,IdFormulario,AlunosVespertino,ValorEmbarcacao,TipoEmbarcacao,QuantidadeRota,CapacidadeInformada,AlunosNoturno,DataAquisicao,PosicaoMotor,RotaOD,SituacaoEmbarcacao,NomeEmbarcacao,ValorCusto,TempoChuva,QuantMotor,RotaOD1,EmbarcacaoReserva,UfEmbarcacao,ValorUnidade,TempoSeca,PotenciaMotor,RotaOD2,PropriedadeEmbarcacao,AnoFabricacao,MesLetivoChuva,TipoCombustivel,AlunosMatutino,PropriedadeOutros,TipoMaterial,IdEmbarcacao) values ('116','a','116','116','116','116','a','a','116','116','116','a','116','116','116','116','116','a','116','116','a','116','116','116','116','116','116','a','116','116','116','116','66');
insert into TblIdEmbarcacao (Observacao,MesLetivoSeca,CapacidadeIndicada,IdFormulario,AlunosVespertino,ValorEmbarcacao,TipoEmbarcacao,QuantidadeRota,CapacidadeInformada,AlunosNoturno,DataAquisicao,PosicaoMotor,RotaOD,SituacaoEmbarcacao,NomeEmbarcacao,ValorCusto,TempoChuva,QuantMotor,RotaOD1,EmbarcacaoReserva,UfEmbarcacao,ValorUnidade,TempoSeca,PotenciaMotor,RotaOD2,PropriedadeEmbarcacao,AnoFabricacao,MesLetivoChuva,TipoCombustivel,AlunosMatutino,PropriedadeOutros,TipoMaterial,IdEmbarcacao) values ('117','a','117','117','117','117','a','a','117','117','117','a','117','117','117','117','117','a','117','117','a','117','117','117','117','117','117','a','117','117','117','117','67');
insert into TblIdEmbarcacao (Observacao,MesLetivoSeca,CapacidadeIndicada,IdFormulario,AlunosVespertino,ValorEmbarcacao,TipoEmbarcacao,QuantidadeRota,CapacidadeInformada,AlunosNoturno,DataAquisicao,PosicaoMotor,RotaOD,SituacaoEmbarcacao,NomeEmbarcacao,ValorCusto,TempoChuva,QuantMotor,RotaOD1,EmbarcacaoReserva,UfEmbarcacao,ValorUnidade,TempoSeca,PotenciaMotor,RotaOD2,PropriedadeEmbarcacao,AnoFabricacao,MesLetivoChuva,TipoCombustivel,AlunosMatutino,PropriedadeOutros,TipoMaterial,IdEmbarcacao) values ('118','a','118','118','118','118','a','a','118','118','118','a','118','118','118','118','118','a','118','118','a','118','118','118','118','118','118','a','118','118','118','118','68');
insert into TblIdEmbarcacao (Observacao,MesLetivoSeca,CapacidadeIndicada,IdFormulario,AlunosVespertino,ValorEmbarcacao,TipoEmbarcacao,QuantidadeRota,CapacidadeInformada,AlunosNoturno,DataAquisicao,PosicaoMotor,RotaOD,SituacaoEmbarcacao,NomeEmbarcacao,ValorCusto,TempoChuva,QuantMotor,RotaOD1,EmbarcacaoReserva,UfEmbarcacao,ValorUnidade,TempoSeca,PotenciaMotor,RotaOD2,PropriedadeEmbarcacao,AnoFabricacao,MesLetivoChuva,TipoCombustivel,AlunosMatutino,PropriedadeOutros,TipoMaterial,IdEmbarcacao) values ('119','a','119','119','119','119','a','a','119','119','119','a','119','119','119','119','119','a','119','119','a','119','119','119','119','119','119','a','119','119','119','119','69');
insert into TblIdEmbarcacao (Observacao,MesLetivoSeca,CapacidadeIndicada,IdFormulario,AlunosVespertino,ValorEmbarcacao,TipoEmbarcacao,QuantidadeRota,CapacidadeInformada,AlunosNoturno,DataAquisicao,PosicaoMotor,RotaOD,SituacaoEmbarcacao,NomeEmbarcacao,ValorCusto,TempoChuva,QuantMotor,RotaOD1,EmbarcacaoReserva,UfEmbarcacao,ValorUnidade,TempoSeca,PotenciaMotor,RotaOD2,PropriedadeEmbarcacao,AnoFabricacao,MesLetivoChuva,TipoCombustivel,AlunosMatutino,PropriedadeOutros,TipoMaterial,IdEmbarcacao) values ('120','a','120','120','120','120','a','a','120','120','120','a','120','120','120','120','120','a','120','120','a','120','120','120','120','120','120','a','120','120','120','120','70');
insert into TblIdEmbarcacao (Observacao,MesLetivoSeca,CapacidadeIndicada,IdFormulario,AlunosVespertino,ValorEmbarcacao,TipoEmbarcacao,QuantidadeRota,CapacidadeInformada,AlunosNoturno,DataAquisicao,PosicaoMotor,RotaOD,SituacaoEmbarcacao,NomeEmbarcacao,ValorCusto,TempoChuva,QuantMotor,RotaOD1,EmbarcacaoReserva,UfEmbarcacao,ValorUnidade,TempoSeca,PotenciaMotor,RotaOD2,PropriedadeEmbarcacao,AnoFabricacao,MesLetivoChuva,TipoCombustivel,AlunosMatutino,PropriedadeOutros,TipoMaterial,IdEmbarcacao) values ('121','a','121','121','121','121','a','a','121','121','121','a','121','121','121','121','121','a','121','121','a','121','121','121','121','121','121','a','121','121','121','121','71');
insert into TblIdEmbarcacao (Observacao,MesLetivoSeca,CapacidadeIndicada,IdFormulario,AlunosVespertino,ValorEmbarcacao,TipoEmbarcacao,QuantidadeRota,CapacidadeInformada,AlunosNoturno,DataAquisicao,PosicaoMotor,RotaOD,SituacaoEmbarcacao,NomeEmbarcacao,ValorCusto,TempoChuva,QuantMotor,RotaOD1,EmbarcacaoReserva,UfEmbarcacao,ValorUnidade,TempoSeca,PotenciaMotor,RotaOD2,PropriedadeEmbarcacao,AnoFabricacao,MesLetivoChuva,TipoCombustivel,AlunosMatutino,PropriedadeOutros,TipoMaterial,IdEmbarcacao) values ('122','a','122','122','122','122','a','a','122','122','122','a','122','122','122','122','122','a','122','122','a','122','122','122','122','122','122','a','122','122','122','122','72');
insert into TblIdEmbarcacao (Observacao,MesLetivoSeca,CapacidadeIndicada,IdFormulario,AlunosVespertino,ValorEmbarcacao,TipoEmbarcacao,QuantidadeRota,CapacidadeInformada,AlunosNoturno,DataAquisicao,PosicaoMotor,RotaOD,SituacaoEmbarcacao,NomeEmbarcacao,ValorCusto,TempoChuva,QuantMotor,RotaOD1,EmbarcacaoReserva,UfEmbarcacao,ValorUnidade,TempoSeca,PotenciaMotor,RotaOD2,PropriedadeEmbarcacao,AnoFabricacao,MesLetivoChuva,TipoCombustivel,AlunosMatutino,PropriedadeOutros,TipoMaterial,IdEmbarcacao) values ('123','a','123','123','123','123','a','a','123','123','123','a','123','123','123','123','123','a','123','123','a','123','123','123','123','123','123','a','123','123','123','123','73');
insert into TblIdEmbarcacao (Observacao,MesLetivoSeca,CapacidadeIndicada,IdFormulario,AlunosVespertino,ValorEmbarcacao,TipoEmbarcacao,QuantidadeRota,CapacidadeInformada,AlunosNoturno,DataAquisicao,PosicaoMotor,RotaOD,SituacaoEmbarcacao,NomeEmbarcacao,ValorCusto,TempoChuva,QuantMotor,RotaOD1,EmbarcacaoReserva,UfEmbarcacao,ValorUnidade,TempoSeca,PotenciaMotor,RotaOD2,PropriedadeEmbarcacao,AnoFabricacao,MesLetivoChuva,TipoCombustivel,AlunosMatutino,PropriedadeOutros,TipoMaterial,IdEmbarcacao) values ('124','a','124','124','124','124','a','a','124','124','124','a','124','124','124','124','124','a','124','124','a','124','124','124','124','124','124','a','124','124','124','124','74');
insert into TblIdEmbarcacao (Observacao,MesLetivoSeca,CapacidadeIndicada,IdFormulario,AlunosVespertino,ValorEmbarcacao,TipoEmbarcacao,QuantidadeRota,CapacidadeInformada,AlunosNoturno,DataAquisicao,PosicaoMotor,RotaOD,SituacaoEmbarcacao,NomeEmbarcacao,ValorCusto,TempoChuva,QuantMotor,RotaOD1,EmbarcacaoReserva,UfEmbarcacao,ValorUnidade,TempoSeca,PotenciaMotor,RotaOD2,PropriedadeEmbarcacao,AnoFabricacao,MesLetivoChuva,TipoCombustivel,AlunosMatutino,PropriedadeOutros,TipoMaterial,IdEmbarcacao) values ('125','a','125','125','125','125','a','a','125','125','125','a','125','125','125','125','125','a','125','125','a','125','125','125','125','125','125','a','125','125','125','125','75');
insert into TblIdEmbarcacao (Observacao,MesLetivoSeca,CapacidadeIndicada,IdFormulario,AlunosVespertino,ValorEmbarcacao,TipoEmbarcacao,QuantidadeRota,CapacidadeInformada,AlunosNoturno,DataAquisicao,PosicaoMotor,RotaOD,SituacaoEmbarcacao,NomeEmbarcacao,ValorCusto,TempoChuva,QuantMotor,RotaOD1,EmbarcacaoReserva,UfEmbarcacao,ValorUnidade,TempoSeca,PotenciaMotor,RotaOD2,PropriedadeEmbarcacao,AnoFabricacao,MesLetivoChuva,TipoCombustivel,AlunosMatutino,PropriedadeOutros,TipoMaterial,IdEmbarcacao) values ('126','a','126','126','126','126','a','a','126','126','126','a','126','126','126','126','126','a','126','126','a','126','126','126','126','126','126','a','126','126','126','126','76');
insert into TblIdEmbarcacao (Observacao,MesLetivoSeca,CapacidadeIndicada,IdFormulario,AlunosVespertino,ValorEmbarcacao,TipoEmbarcacao,QuantidadeRota,CapacidadeInformada,AlunosNoturno,DataAquisicao,PosicaoMotor,RotaOD,SituacaoEmbarcacao,NomeEmbarcacao,ValorCusto,TempoChuva,QuantMotor,RotaOD1,EmbarcacaoReserva,UfEmbarcacao,ValorUnidade,TempoSeca,PotenciaMotor,RotaOD2,PropriedadeEmbarcacao,AnoFabricacao,MesLetivoChuva,TipoCombustivel,AlunosMatutino,PropriedadeOutros,TipoMaterial,IdEmbarcacao) values ('127','a','127','127','127','127','a','a','127','127','127','a','127','127','127','127','127','a','127','127','a','127','127','127','127','127','127','a','127','127','127','127','77');
insert into TblIdEmbarcacao (Observacao,MesLetivoSeca,CapacidadeIndicada,IdFormulario,AlunosVespertino,ValorEmbarcacao,TipoEmbarcacao,QuantidadeRota,CapacidadeInformada,AlunosNoturno,DataAquisicao,PosicaoMotor,RotaOD,SituacaoEmbarcacao,NomeEmbarcacao,ValorCusto,TempoChuva,QuantMotor,RotaOD1,EmbarcacaoReserva,UfEmbarcacao,ValorUnidade,TempoSeca,PotenciaMotor,RotaOD2,PropriedadeEmbarcacao,AnoFabricacao,MesLetivoChuva,TipoCombustivel,AlunosMatutino,PropriedadeOutros,TipoMaterial,IdEmbarcacao) values ('128','a','128','128','128','128','a','a','128','128','128','a','128','128','128','128','128','a','128','128','a','128','128','128','128','128','128','a','128','128','128','128','78');
insert into TblIdEmbarcacao (Observacao,MesLetivoSeca,CapacidadeIndicada,IdFormulario,AlunosVespertino,ValorEmbarcacao,TipoEmbarcacao,QuantidadeRota,CapacidadeInformada,AlunosNoturno,DataAquisicao,PosicaoMotor,RotaOD,SituacaoEmbarcacao,NomeEmbarcacao,ValorCusto,TempoChuva,QuantMotor,RotaOD1,EmbarcacaoReserva,UfEmbarcacao,ValorUnidade,TempoSeca,PotenciaMotor,RotaOD2,PropriedadeEmbarcacao,AnoFabricacao,MesLetivoChuva,TipoCombustivel,AlunosMatutino,PropriedadeOutros,TipoMaterial,IdEmbarcacao) values ('129','a','129','129','129','129','a','a','129','129','129','a','129','129','129','129','129','a','129','129','a','129','129','129','129','129','129','a','129','129','129','129','79');
insert into TblIdEmbarcacao (Observacao,MesLetivoSeca,CapacidadeIndicada,IdFormulario,AlunosVespertino,ValorEmbarcacao,TipoEmbarcacao,QuantidadeRota,CapacidadeInformada,AlunosNoturno,DataAquisicao,PosicaoMotor,RotaOD,SituacaoEmbarcacao,NomeEmbarcacao,ValorCusto,TempoChuva,QuantMotor,RotaOD1,EmbarcacaoReserva,UfEmbarcacao,ValorUnidade,TempoSeca,PotenciaMotor,RotaOD2,PropriedadeEmbarcacao,AnoFabricacao,MesLetivoChuva,TipoCombustivel,AlunosMatutino,PropriedadeOutros,TipoMaterial,IdEmbarcacao) values ('130','a','130','130','130','130','a','a','130','130','130','a','130','130','130','130','130','a','130','130','a','130','130','130','130','130','130','a','130','130','130','130','80');
insert into TblIdEmbarcacao (Observacao,MesLetivoSeca,CapacidadeIndicada,IdFormulario,AlunosVespertino,ValorEmbarcacao,TipoEmbarcacao,QuantidadeRota,CapacidadeInformada,AlunosNoturno,DataAquisicao,PosicaoMotor,RotaOD,SituacaoEmbarcacao,NomeEmbarcacao,ValorCusto,TempoChuva,QuantMotor,RotaOD1,EmbarcacaoReserva,UfEmbarcacao,ValorUnidade,TempoSeca,PotenciaMotor,RotaOD2,PropriedadeEmbarcacao,AnoFabricacao,MesLetivoChuva,TipoCombustivel,AlunosMatutino,PropriedadeOutros,TipoMaterial,IdEmbarcacao) values ('131','a','131','131','131','131','a','a','131','131','131','a','131','131','131','131','131','a','131','131','a','131','131','131','131','131','131','a','131','131','131','131','81');
insert into TblIdEmbarcacao (Observacao,MesLetivoSeca,CapacidadeIndicada,IdFormulario,AlunosVespertino,ValorEmbarcacao,TipoEmbarcacao,QuantidadeRota,CapacidadeInformada,AlunosNoturno,DataAquisicao,PosicaoMotor,RotaOD,SituacaoEmbarcacao,NomeEmbarcacao,ValorCusto,TempoChuva,QuantMotor,RotaOD1,EmbarcacaoReserva,UfEmbarcacao,ValorUnidade,TempoSeca,PotenciaMotor,RotaOD2,PropriedadeEmbarcacao,AnoFabricacao,MesLetivoChuva,TipoCombustivel,AlunosMatutino,PropriedadeOutros,TipoMaterial,IdEmbarcacao) values ('132','a','132','132','132','132','a','a','132','132','132','a','132','132','132','132','132','a','132','132','a','132','132','132','132','132','132','a','132','132','132','132','82');
insert into TblIdEmbarcacao (Observacao,MesLetivoSeca,CapacidadeIndicada,IdFormulario,AlunosVespertino,ValorEmbarcacao,TipoEmbarcacao,QuantidadeRota,CapacidadeInformada,AlunosNoturno,DataAquisicao,PosicaoMotor,RotaOD,SituacaoEmbarcacao,NomeEmbarcacao,ValorCusto,TempoChuva,QuantMotor,RotaOD1,EmbarcacaoReserva,UfEmbarcacao,ValorUnidade,TempoSeca,PotenciaMotor,RotaOD2,PropriedadeEmbarcacao,AnoFabricacao,MesLetivoChuva,TipoCombustivel,AlunosMatutino,PropriedadeOutros,TipoMaterial,IdEmbarcacao) values ('133','a','133','133','133','133','a','a','133','133','133','a','133','133','133','133','133','a','133','133','a','133','133','133','133','133','133','a','133','133','133','133','83');
insert into TblIdEmbarcacao (Observacao,MesLetivoSeca,CapacidadeIndicada,IdFormulario,AlunosVespertino,ValorEmbarcacao,TipoEmbarcacao,QuantidadeRota,CapacidadeInformada,AlunosNoturno,DataAquisicao,PosicaoMotor,RotaOD,SituacaoEmbarcacao,NomeEmbarcacao,ValorCusto,TempoChuva,QuantMotor,RotaOD1,EmbarcacaoReserva,UfEmbarcacao,ValorUnidade,TempoSeca,PotenciaMotor,RotaOD2,PropriedadeEmbarcacao,AnoFabricacao,MesLetivoChuva,TipoCombustivel,AlunosMatutino,PropriedadeOutros,TipoMaterial,IdEmbarcacao) values ('134','a','134','134','134','134','a','a','134','134','134','a','134','134','134','134','134','a','134','134','a','134','134','134','134','134','134','a','134','134','134','134','84');
insert into TblIdEmbarcacao (Observacao,MesLetivoSeca,CapacidadeIndicada,IdFormulario,AlunosVespertino,ValorEmbarcacao,TipoEmbarcacao,QuantidadeRota,CapacidadeInformada,AlunosNoturno,DataAquisicao,PosicaoMotor,RotaOD,SituacaoEmbarcacao,NomeEmbarcacao,ValorCusto,TempoChuva,QuantMotor,RotaOD1,EmbarcacaoReserva,UfEmbarcacao,ValorUnidade,TempoSeca,PotenciaMotor,RotaOD2,PropriedadeEmbarcacao,AnoFabricacao,MesLetivoChuva,TipoCombustivel,AlunosMatutino,PropriedadeOutros,TipoMaterial,IdEmbarcacao) values ('135','a','135','135','135','135','a','a','135','135','135','a','135','135','135','135','135','a','135','135','a','135','135','135','135','135','135','a','135','135','135','135','85');
insert into TblIdEmbarcacao (Observacao,MesLetivoSeca,CapacidadeIndicada,IdFormulario,AlunosVespertino,ValorEmbarcacao,TipoEmbarcacao,QuantidadeRota,CapacidadeInformada,AlunosNoturno,DataAquisicao,PosicaoMotor,RotaOD,SituacaoEmbarcacao,NomeEmbarcacao,ValorCusto,TempoChuva,QuantMotor,RotaOD1,EmbarcacaoReserva,UfEmbarcacao,ValorUnidade,TempoSeca,PotenciaMotor,RotaOD2,PropriedadeEmbarcacao,AnoFabricacao,MesLetivoChuva,TipoCombustivel,AlunosMatutino,PropriedadeOutros,TipoMaterial,IdEmbarcacao) values ('136','a','136','136','136','136','a','a','136','136','136','a','136','136','136','136','136','a','136','136','a','136','136','136','136','136','136','a','136','136','136','136','86');
insert into TblIdEmbarcacao (Observacao,MesLetivoSeca,CapacidadeIndicada,IdFormulario,AlunosVespertino,ValorEmbarcacao,TipoEmbarcacao,QuantidadeRota,CapacidadeInformada,AlunosNoturno,DataAquisicao,PosicaoMotor,RotaOD,SituacaoEmbarcacao,NomeEmbarcacao,ValorCusto,TempoChuva,QuantMotor,RotaOD1,EmbarcacaoReserva,UfEmbarcacao,ValorUnidade,TempoSeca,PotenciaMotor,RotaOD2,PropriedadeEmbarcacao,AnoFabricacao,MesLetivoChuva,TipoCombustivel,AlunosMatutino,PropriedadeOutros,TipoMaterial,IdEmbarcacao) values ('137','a','137','137','137','137','a','a','137','137','137','a','137','137','137','137','137','a','137','137','a','137','137','137','137','137','137','a','137','137','137','137','87');
insert into TblIdEmbarcacao (Observacao,MesLetivoSeca,CapacidadeIndicada,IdFormulario,AlunosVespertino,ValorEmbarcacao,TipoEmbarcacao,QuantidadeRota,CapacidadeInformada,AlunosNoturno,DataAquisicao,PosicaoMotor,RotaOD,SituacaoEmbarcacao,NomeEmbarcacao,ValorCusto,TempoChuva,QuantMotor,RotaOD1,EmbarcacaoReserva,UfEmbarcacao,ValorUnidade,TempoSeca,PotenciaMotor,RotaOD2,PropriedadeEmbarcacao,AnoFabricacao,MesLetivoChuva,TipoCombustivel,AlunosMatutino,PropriedadeOutros,TipoMaterial,IdEmbarcacao) values ('138','a','138','138','138','138','a','a','138','138','138','a','138','138','138','138','138','a','138','138','a','138','138','138','138','138','138','a','138','138','138','138','88');
insert into TblIdEmbarcacao (Observacao,MesLetivoSeca,CapacidadeIndicada,IdFormulario,AlunosVespertino,ValorEmbarcacao,TipoEmbarcacao,QuantidadeRota,CapacidadeInformada,AlunosNoturno,DataAquisicao,PosicaoMotor,RotaOD,SituacaoEmbarcacao,NomeEmbarcacao,ValorCusto,TempoChuva,QuantMotor,RotaOD1,EmbarcacaoReserva,UfEmbarcacao,ValorUnidade,TempoSeca,PotenciaMotor,RotaOD2,PropriedadeEmbarcacao,AnoFabricacao,MesLetivoChuva,TipoCombustivel,AlunosMatutino,PropriedadeOutros,TipoMaterial,IdEmbarcacao) values ('139','a','139','139','139','139','a','a','139','139','139','a','139','139','139','139','139','a','139','139','a','139','139','139','139','139','139','a','139','139','139','139','89');
insert into TblIdEmbarcacao (Observacao,MesLetivoSeca,CapacidadeIndicada,IdFormulario,AlunosVespertino,ValorEmbarcacao,TipoEmbarcacao,QuantidadeRota,CapacidadeInformada,AlunosNoturno,DataAquisicao,PosicaoMotor,RotaOD,SituacaoEmbarcacao,NomeEmbarcacao,ValorCusto,TempoChuva,QuantMotor,RotaOD1,EmbarcacaoReserva,UfEmbarcacao,ValorUnidade,TempoSeca,PotenciaMotor,RotaOD2,PropriedadeEmbarcacao,AnoFabricacao,MesLetivoChuva,TipoCombustivel,AlunosMatutino,PropriedadeOutros,TipoMaterial,IdEmbarcacao) values ('140','a','140','140','140','140','a','a','140','140','140','a','140','140','140','140','140','a','140','140','a','140','140','140','140','140','140','a','140','140','140','140','90');
insert into TblIdEmbarcacao (Observacao,MesLetivoSeca,CapacidadeIndicada,IdFormulario,AlunosVespertino,ValorEmbarcacao,TipoEmbarcacao,QuantidadeRota,CapacidadeInformada,AlunosNoturno,DataAquisicao,PosicaoMotor,RotaOD,SituacaoEmbarcacao,NomeEmbarcacao,ValorCusto,TempoChuva,QuantMotor,RotaOD1,EmbarcacaoReserva,UfEmbarcacao,ValorUnidade,TempoSeca,PotenciaMotor,RotaOD2,PropriedadeEmbarcacao,AnoFabricacao,MesLetivoChuva,TipoCombustivel,AlunosMatutino,PropriedadeOutros,TipoMaterial,IdEmbarcacao) values ('141','a','141','141','141','141','a','a','141','141','141','a','141','141','141','141','141','a','141','141','a','141','141','141','141','141','141','a','141','141','141','141','91');
insert into TblIdEmbarcacao (Observacao,MesLetivoSeca,CapacidadeIndicada,IdFormulario,AlunosVespertino,ValorEmbarcacao,TipoEmbarcacao,QuantidadeRota,CapacidadeInformada,AlunosNoturno,DataAquisicao,PosicaoMotor,RotaOD,SituacaoEmbarcacao,NomeEmbarcacao,ValorCusto,TempoChuva,QuantMotor,RotaOD1,EmbarcacaoReserva,UfEmbarcacao,ValorUnidade,TempoSeca,PotenciaMotor,RotaOD2,PropriedadeEmbarcacao,AnoFabricacao,MesLetivoChuva,TipoCombustivel,AlunosMatutino,PropriedadeOutros,TipoMaterial,IdEmbarcacao) values ('142','a','142','142','142','142','a','a','142','142','142','a','142','142','142','142','142','a','142','142','a','142','142','142','142','142','142','a','142','142','142','142','92');
insert into TblIdEmbarcacao (Observacao,MesLetivoSeca,CapacidadeIndicada,IdFormulario,AlunosVespertino,ValorEmbarcacao,TipoEmbarcacao,QuantidadeRota,CapacidadeInformada,AlunosNoturno,DataAquisicao,PosicaoMotor,RotaOD,SituacaoEmbarcacao,NomeEmbarcacao,ValorCusto,TempoChuva,QuantMotor,RotaOD1,EmbarcacaoReserva,UfEmbarcacao,ValorUnidade,TempoSeca,PotenciaMotor,RotaOD2,PropriedadeEmbarcacao,AnoFabricacao,MesLetivoChuva,TipoCombustivel,AlunosMatutino,PropriedadeOutros,TipoMaterial,IdEmbarcacao) values ('143','a','143','143','143','143','a','a','143','143','143','a','143','143','143','143','143','a','143','143','a','143','143','143','143','143','143','a','143','143','143','143','93');
insert into TblIdEmbarcacao (Observacao,MesLetivoSeca,CapacidadeIndicada,IdFormulario,AlunosVespertino,ValorEmbarcacao,TipoEmbarcacao,QuantidadeRota,CapacidadeInformada,AlunosNoturno,DataAquisicao,PosicaoMotor,RotaOD,SituacaoEmbarcacao,NomeEmbarcacao,ValorCusto,TempoChuva,QuantMotor,RotaOD1,EmbarcacaoReserva,UfEmbarcacao,ValorUnidade,TempoSeca,PotenciaMotor,RotaOD2,PropriedadeEmbarcacao,AnoFabricacao,MesLetivoChuva,TipoCombustivel,AlunosMatutino,PropriedadeOutros,TipoMaterial,IdEmbarcacao) values ('144','a','144','144','144','144','a','a','144','144','144','a','144','144','144','144','144','a','144','144','a','144','144','144','144','144','144','a','144','144','144','144','94');
insert into TblIdEmbarcacao (Observacao,MesLetivoSeca,CapacidadeIndicada,IdFormulario,AlunosVespertino,ValorEmbarcacao,TipoEmbarcacao,QuantidadeRota,CapacidadeInformada,AlunosNoturno,DataAquisicao,PosicaoMotor,RotaOD,SituacaoEmbarcacao,NomeEmbarcacao,ValorCusto,TempoChuva,QuantMotor,RotaOD1,EmbarcacaoReserva,UfEmbarcacao,ValorUnidade,TempoSeca,PotenciaMotor,RotaOD2,PropriedadeEmbarcacao,AnoFabricacao,MesLetivoChuva,TipoCombustivel,AlunosMatutino,PropriedadeOutros,TipoMaterial,IdEmbarcacao) values ('145','a','145','145','145','145','a','a','145','145','145','a','145','145','145','145','145','a','145','145','a','145','145','145','145','145','145','a','145','145','145','145','95');
insert into TblIdEmbarcacao (Observacao,MesLetivoSeca,CapacidadeIndicada,IdFormulario,AlunosVespertino,ValorEmbarcacao,TipoEmbarcacao,QuantidadeRota,CapacidadeInformada,AlunosNoturno,DataAquisicao,PosicaoMotor,RotaOD,SituacaoEmbarcacao,NomeEmbarcacao,ValorCusto,TempoChuva,QuantMotor,RotaOD1,EmbarcacaoReserva,UfEmbarcacao,ValorUnidade,TempoSeca,PotenciaMotor,RotaOD2,PropriedadeEmbarcacao,AnoFabricacao,MesLetivoChuva,TipoCombustivel,AlunosMatutino,PropriedadeOutros,TipoMaterial,IdEmbarcacao) values ('146','a','146','146','146','146','a','a','146','146','146','a','146','146','146','146','146','a','146','146','a','146','146','146','146','146','146','a','146','146','146','146','96');
insert into TblIdEmbarcacao (Observacao,MesLetivoSeca,CapacidadeIndicada,IdFormulario,AlunosVespertino,ValorEmbarcacao,TipoEmbarcacao,QuantidadeRota,CapacidadeInformada,AlunosNoturno,DataAquisicao,PosicaoMotor,RotaOD,SituacaoEmbarcacao,NomeEmbarcacao,ValorCusto,TempoChuva,QuantMotor,RotaOD1,EmbarcacaoReserva,UfEmbarcacao,ValorUnidade,TempoSeca,PotenciaMotor,RotaOD2,PropriedadeEmbarcacao,AnoFabricacao,MesLetivoChuva,TipoCombustivel,AlunosMatutino,PropriedadeOutros,TipoMaterial,IdEmbarcacao) values ('147','a','147','147','147','147','a','a','147','147','147','a','147','147','147','147','147','a','147','147','a','147','147','147','147','147','147','a','147','147','147','147','97');
insert into TblIdEmbarcacao (Observacao,MesLetivoSeca,CapacidadeIndicada,IdFormulario,AlunosVespertino,ValorEmbarcacao,TipoEmbarcacao,QuantidadeRota,CapacidadeInformada,AlunosNoturno,DataAquisicao,PosicaoMotor,RotaOD,SituacaoEmbarcacao,NomeEmbarcacao,ValorCusto,TempoChuva,QuantMotor,RotaOD1,EmbarcacaoReserva,UfEmbarcacao,ValorUnidade,TempoSeca,PotenciaMotor,RotaOD2,PropriedadeEmbarcacao,AnoFabricacao,MesLetivoChuva,TipoCombustivel,AlunosMatutino,PropriedadeOutros,TipoMaterial,IdEmbarcacao) values ('148','a','148','148','148','148','a','a','148','148','148','a','148','148','148','148','148','a','148','148','a','148','148','148','148','148','148','a','148','148','148','148','98');
insert into TblIdEmbarcacao (Observacao,MesLetivoSeca,CapacidadeIndicada,IdFormulario,AlunosVespertino,ValorEmbarcacao,TipoEmbarcacao,QuantidadeRota,CapacidadeInformada,AlunosNoturno,DataAquisicao,PosicaoMotor,RotaOD,SituacaoEmbarcacao,NomeEmbarcacao,ValorCusto,TempoChuva,QuantMotor,RotaOD1,EmbarcacaoReserva,UfEmbarcacao,ValorUnidade,TempoSeca,PotenciaMotor,RotaOD2,PropriedadeEmbarcacao,AnoFabricacao,MesLetivoChuva,TipoCombustivel,AlunosMatutino,PropriedadeOutros,TipoMaterial,IdEmbarcacao) values ('149','a','149','149','149','149','a','a','149','149','149','a','149','149','149','149','149','a','149','149','a','149','149','149','149','149','149','a','149','149','149','149','99');
insert into TblIdEmbarcacao (Observacao,MesLetivoSeca,CapacidadeIndicada,IdFormulario,AlunosVespertino,ValorEmbarcacao,TipoEmbarcacao,QuantidadeRota,CapacidadeInformada,AlunosNoturno,DataAquisicao,PosicaoMotor,RotaOD,SituacaoEmbarcacao,NomeEmbarcacao,ValorCusto,TempoChuva,QuantMotor,RotaOD1,EmbarcacaoReserva,UfEmbarcacao,ValorUnidade,TempoSeca,PotenciaMotor,RotaOD2,PropriedadeEmbarcacao,AnoFabricacao,MesLetivoChuva,TipoCombustivel,AlunosMatutino,PropriedadeOutros,TipoMaterial,IdEmbarcacao) values ('150','a','150','150','150','150','a','a','150','150','150','a','150','150','150','150','150','a','150','150','a','150','150','150','150','150','150','a','150','150','150','150','100');

insert into TblCabecalhoMecanico (IdFormulario,Municipio,UF,Pesquisador,DataColeta,Responsavel) values ('151','151','a','151','151','151');
insert into TblCabecalhoMecanico (IdFormulario,Municipio,UF,Pesquisador,DataColeta,Responsavel) values ('152','152','a','152','152','152');
insert into TblCabecalhoMecanico (IdFormulario,Municipio,UF,Pesquisador,DataColeta,Responsavel) values ('153','153','a','153','153','153');
insert into TblCabecalhoMecanico (IdFormulario,Municipio,UF,Pesquisador,DataColeta,Responsavel) values ('154','154','a','154','154','154');
insert into TblCabecalhoMecanico (IdFormulario,Municipio,UF,Pesquisador,DataColeta,Responsavel) values ('155','155','a','155','155','155');
insert into TblCabecalhoMecanico (IdFormulario,Municipio,UF,Pesquisador,DataColeta,Responsavel) values ('156','156','a','156','156','156');
insert into TblCabecalhoMecanico (IdFormulario,Municipio,UF,Pesquisador,DataColeta,Responsavel) values ('157','157','a','157','157','157');
insert into TblCabecalhoMecanico (IdFormulario,Municipio,UF,Pesquisador,DataColeta,Responsavel) values ('158','158','a','158','158','158');
insert into TblCabecalhoMecanico (IdFormulario,Municipio,UF,Pesquisador,DataColeta,Responsavel) values ('159','159','a','159','159','159');
insert into TblCabecalhoMecanico (IdFormulario,Municipio,UF,Pesquisador,DataColeta,Responsavel) values ('160','160','a','160','160','160');
insert into TblCabecalhoMecanico (IdFormulario,Municipio,UF,Pesquisador,DataColeta,Responsavel) values ('161','161','a','161','161','161');
insert into TblCabecalhoMecanico (IdFormulario,Municipio,UF,Pesquisador,DataColeta,Responsavel) values ('162','162','a','162','162','162');
insert into TblCabecalhoMecanico (IdFormulario,Municipio,UF,Pesquisador,DataColeta,Responsavel) values ('163','163','a','163','163','163');
insert into TblCabecalhoMecanico (IdFormulario,Municipio,UF,Pesquisador,DataColeta,Responsavel) values ('164','164','a','164','164','164');
insert into TblCabecalhoMecanico (IdFormulario,Municipio,UF,Pesquisador,DataColeta,Responsavel) values ('165','165','a','165','165','165');
insert into TblCabecalhoMecanico (IdFormulario,Municipio,UF,Pesquisador,DataColeta,Responsavel) values ('166','166','a','166','166','166');
insert into TblCabecalhoMecanico (IdFormulario,Municipio,UF,Pesquisador,DataColeta,Responsavel) values ('167','167','a','167','167','167');
insert into TblCabecalhoMecanico (IdFormulario,Municipio,UF,Pesquisador,DataColeta,Responsavel) values ('168','168','a','168','168','168');
insert into TblCabecalhoMecanico (IdFormulario,Municipio,UF,Pesquisador,DataColeta,Responsavel) values ('169','169','a','169','169','169');
insert into TblCabecalhoMecanico (IdFormulario,Municipio,UF,Pesquisador,DataColeta,Responsavel) values ('170','170','a','170','170','170');
insert into TblCabecalhoMecanico (IdFormulario,Municipio,UF,Pesquisador,DataColeta,Responsavel) values ('171','171','a','171','171','171');
insert into TblCabecalhoMecanico (IdFormulario,Municipio,UF,Pesquisador,DataColeta,Responsavel) values ('172','172','a','172','172','172');
insert into TblCabecalhoMecanico (IdFormulario,Municipio,UF,Pesquisador,DataColeta,Responsavel) values ('173','173','a','173','173','173');
insert into TblCabecalhoMecanico (IdFormulario,Municipio,UF,Pesquisador,DataColeta,Responsavel) values ('174','174','a','174','174','174');
insert into TblCabecalhoMecanico (IdFormulario,Municipio,UF,Pesquisador,DataColeta,Responsavel) values ('175','175','a','175','175','175');
insert into TblCabecalhoMecanico (IdFormulario,Municipio,UF,Pesquisador,DataColeta,Responsavel) values ('176','176','a','176','176','176');
insert into TblCabecalhoMecanico (IdFormulario,Municipio,UF,Pesquisador,DataColeta,Responsavel) values ('177','177','a','177','177','177');
insert into TblCabecalhoMecanico (IdFormulario,Municipio,UF,Pesquisador,DataColeta,Responsavel) values ('178','178','a','178','178','178');
insert into TblCabecalhoMecanico (IdFormulario,Municipio,UF,Pesquisador,DataColeta,Responsavel) values ('179','179','a','179','179','179');
insert into TblCabecalhoMecanico (IdFormulario,Municipio,UF,Pesquisador,DataColeta,Responsavel) values ('180','180','a','180','180','180');
insert into TblCabecalhoMecanico (IdFormulario,Municipio,UF,Pesquisador,DataColeta,Responsavel) values ('181','181','a','181','181','181');
insert into TblCabecalhoMecanico (IdFormulario,Municipio,UF,Pesquisador,DataColeta,Responsavel) values ('182','182','a','182','182','182');
insert into TblCabecalhoMecanico (IdFormulario,Municipio,UF,Pesquisador,DataColeta,Responsavel) values ('183','183','a','183','183','183');
insert into TblCabecalhoMecanico (IdFormulario,Municipio,UF,Pesquisador,DataColeta,Responsavel) values ('184','184','a','184','184','184');
insert into TblCabecalhoMecanico (IdFormulario,Municipio,UF,Pesquisador,DataColeta,Responsavel) values ('185','185','a','185','185','185');
insert into TblCabecalhoMecanico (IdFormulario,Municipio,UF,Pesquisador,DataColeta,Responsavel) values ('186','186','a','186','186','186');
insert into TblCabecalhoMecanico (IdFormulario,Municipio,UF,Pesquisador,DataColeta,Responsavel) values ('187','187','a','187','187','187');
insert into TblCabecalhoMecanico (IdFormulario,Municipio,UF,Pesquisador,DataColeta,Responsavel) values ('188','188','a','188','188','188');
insert into TblCabecalhoMecanico (IdFormulario,Municipio,UF,Pesquisador,DataColeta,Responsavel) values ('189','189','a','189','189','189');
insert into TblCabecalhoMecanico (IdFormulario,Municipio,UF,Pesquisador,DataColeta,Responsavel) values ('190','190','a','190','190','190');
insert into TblCabecalhoMecanico (IdFormulario,Municipio,UF,Pesquisador,DataColeta,Responsavel) values ('191','191','a','191','191','191');
insert into TblCabecalhoMecanico (IdFormulario,Municipio,UF,Pesquisador,DataColeta,Responsavel) values ('192','192','a','192','192','192');
insert into TblCabecalhoMecanico (IdFormulario,Municipio,UF,Pesquisador,DataColeta,Responsavel) values ('193','193','a','193','193','193');
insert into TblCabecalhoMecanico (IdFormulario,Municipio,UF,Pesquisador,DataColeta,Responsavel) values ('194','194','a','194','194','194');
insert into TblCabecalhoMecanico (IdFormulario,Municipio,UF,Pesquisador,DataColeta,Responsavel) values ('195','195','a','195','195','195');
insert into TblCabecalhoMecanico (IdFormulario,Municipio,UF,Pesquisador,DataColeta,Responsavel) values ('196','196','a','196','196','196');
insert into TblCabecalhoMecanico (IdFormulario,Municipio,UF,Pesquisador,DataColeta,Responsavel) values ('197','197','a','197','197','197');
insert into TblCabecalhoMecanico (IdFormulario,Municipio,UF,Pesquisador,DataColeta,Responsavel) values ('198','198','a','198','198','198');
insert into TblCabecalhoMecanico (IdFormulario,Municipio,UF,Pesquisador,DataColeta,Responsavel) values ('199','199','a','199','199','199');
insert into TblCabecalhoMecanico (IdFormulario,Municipio,UF,Pesquisador,DataColeta,Responsavel) values ('200','200','a','200','200','200');

insert into TblCabecalhoMonitor (IdFormulario,Municipio,UF,Pesquisador,DataColeta,Responsavel) values ('201','201','a','201','201','201');
insert into TblCabecalhoMonitor (IdFormulario,Municipio,UF,Pesquisador,DataColeta,Responsavel) values ('202','202','a','202','202','202');
insert into TblCabecalhoMonitor (IdFormulario,Municipio,UF,Pesquisador,DataColeta,Responsavel) values ('203','203','a','203','203','203');
insert into TblCabecalhoMonitor (IdFormulario,Municipio,UF,Pesquisador,DataColeta,Responsavel) values ('204','204','a','204','204','204');
insert into TblCabecalhoMonitor (IdFormulario,Municipio,UF,Pesquisador,DataColeta,Responsavel) values ('205','205','a','205','205','205');
insert into TblCabecalhoMonitor (IdFormulario,Municipio,UF,Pesquisador,DataColeta,Responsavel) values ('206','206','a','206','206','206');
insert into TblCabecalhoMonitor (IdFormulario,Municipio,UF,Pesquisador,DataColeta,Responsavel) values ('207','207','a','207','207','207');
insert into TblCabecalhoMonitor (IdFormulario,Municipio,UF,Pesquisador,DataColeta,Responsavel) values ('208','208','a','208','208','208');
insert into TblCabecalhoMonitor (IdFormulario,Municipio,UF,Pesquisador,DataColeta,Responsavel) values ('209','209','a','209','209','209');
insert into TblCabecalhoMonitor (IdFormulario,Municipio,UF,Pesquisador,DataColeta,Responsavel) values ('210','210','a','210','210','210');
insert into TblCabecalhoMonitor (IdFormulario,Municipio,UF,Pesquisador,DataColeta,Responsavel) values ('211','211','a','211','211','211');
insert into TblCabecalhoMonitor (IdFormulario,Municipio,UF,Pesquisador,DataColeta,Responsavel) values ('212','212','a','212','212','212');
insert into TblCabecalhoMonitor (IdFormulario,Municipio,UF,Pesquisador,DataColeta,Responsavel) values ('213','213','a','213','213','213');
insert into TblCabecalhoMonitor (IdFormulario,Municipio,UF,Pesquisador,DataColeta,Responsavel) values ('214','214','a','214','214','214');
insert into TblCabecalhoMonitor (IdFormulario,Municipio,UF,Pesquisador,DataColeta,Responsavel) values ('215','215','a','215','215','215');
insert into TblCabecalhoMonitor (IdFormulario,Municipio,UF,Pesquisador,DataColeta,Responsavel) values ('216','216','a','216','216','216');
insert into TblCabecalhoMonitor (IdFormulario,Municipio,UF,Pesquisador,DataColeta,Responsavel) values ('217','217','a','217','217','217');
insert into TblCabecalhoMonitor (IdFormulario,Municipio,UF,Pesquisador,DataColeta,Responsavel) values ('218','218','a','218','218','218');
insert into TblCabecalhoMonitor (IdFormulario,Municipio,UF,Pesquisador,DataColeta,Responsavel) values ('219','219','a','219','219','219');
insert into TblCabecalhoMonitor (IdFormulario,Municipio,UF,Pesquisador,DataColeta,Responsavel) values ('220','220','a','220','220','220');
insert into TblCabecalhoMonitor (IdFormulario,Municipio,UF,Pesquisador,DataColeta,Responsavel) values ('221','221','a','221','221','221');
insert into TblCabecalhoMonitor (IdFormulario,Municipio,UF,Pesquisador,DataColeta,Responsavel) values ('222','222','a','222','222','222');
insert into TblCabecalhoMonitor (IdFormulario,Municipio,UF,Pesquisador,DataColeta,Responsavel) values ('223','223','a','223','223','223');
insert into TblCabecalhoMonitor (IdFormulario,Municipio,UF,Pesquisador,DataColeta,Responsavel) values ('224','224','a','224','224','224');
insert into TblCabecalhoMonitor (IdFormulario,Municipio,UF,Pesquisador,DataColeta,Responsavel) values ('225','225','a','225','225','225');
insert into TblCabecalhoMonitor (IdFormulario,Municipio,UF,Pesquisador,DataColeta,Responsavel) values ('226','226','a','226','226','226');
insert into TblCabecalhoMonitor (IdFormulario,Municipio,UF,Pesquisador,DataColeta,Responsavel) values ('227','227','a','227','227','227');
insert into TblCabecalhoMonitor (IdFormulario,Municipio,UF,Pesquisador,DataColeta,Responsavel) values ('228','228','a','228','228','228');
insert into TblCabecalhoMonitor (IdFormulario,Municipio,UF,Pesquisador,DataColeta,Responsavel) values ('229','229','a','229','229','229');
insert into TblCabecalhoMonitor (IdFormulario,Municipio,UF,Pesquisador,DataColeta,Responsavel) values ('230','230','a','230','230','230');
insert into TblCabecalhoMonitor (IdFormulario,Municipio,UF,Pesquisador,DataColeta,Responsavel) values ('231','231','a','231','231','231');
insert into TblCabecalhoMonitor (IdFormulario,Municipio,UF,Pesquisador,DataColeta,Responsavel) values ('232','232','a','232','232','232');
insert into TblCabecalhoMonitor (IdFormulario,Municipio,UF,Pesquisador,DataColeta,Responsavel) values ('233','233','a','233','233','233');
insert into TblCabecalhoMonitor (IdFormulario,Municipio,UF,Pesquisador,DataColeta,Responsavel) values ('234','234','a','234','234','234');
insert into TblCabecalhoMonitor (IdFormulario,Municipio,UF,Pesquisador,DataColeta,Responsavel) values ('235','235','a','235','235','235');
insert into TblCabecalhoMonitor (IdFormulario,Municipio,UF,Pesquisador,DataColeta,Responsavel) values ('236','236','a','236','236','236');
insert into TblCabecalhoMonitor (IdFormulario,Municipio,UF,Pesquisador,DataColeta,Responsavel) values ('237','237','a','237','237','237');
insert into TblCabecalhoMonitor (IdFormulario,Municipio,UF,Pesquisador,DataColeta,Responsavel) values ('238','238','a','238','238','238');
insert into TblCabecalhoMonitor (IdFormulario,Municipio,UF,Pesquisador,DataColeta,Responsavel) values ('239','239','a','239','239','239');
insert into TblCabecalhoMonitor (IdFormulario,Municipio,UF,Pesquisador,DataColeta,Responsavel) values ('240','240','a','240','240','240');
insert into TblCabecalhoMonitor (IdFormulario,Municipio,UF,Pesquisador,DataColeta,Responsavel) values ('241','241','a','241','241','241');
insert into TblCabecalhoMonitor (IdFormulario,Municipio,UF,Pesquisador,DataColeta,Responsavel) values ('242','242','a','242','242','242');
insert into TblCabecalhoMonitor (IdFormulario,Municipio,UF,Pesquisador,DataColeta,Responsavel) values ('243','243','a','243','243','243');
insert into TblCabecalhoMonitor (IdFormulario,Municipio,UF,Pesquisador,DataColeta,Responsavel) values ('244','244','a','244','244','244');
insert into TblCabecalhoMonitor (IdFormulario,Municipio,UF,Pesquisador,DataColeta,Responsavel) values ('245','245','a','245','245','245');
insert into TblCabecalhoMonitor (IdFormulario,Municipio,UF,Pesquisador,DataColeta,Responsavel) values ('246','246','a','246','246','246');
insert into TblCabecalhoMonitor (IdFormulario,Municipio,UF,Pesquisador,DataColeta,Responsavel) values ('247','247','a','247','247','247');
insert into TblCabecalhoMonitor (IdFormulario,Municipio,UF,Pesquisador,DataColeta,Responsavel) values ('248','248','a','248','248','248');
insert into TblCabecalhoMonitor (IdFormulario,Municipio,UF,Pesquisador,DataColeta,Responsavel) values ('249','249','a','249','249','249');
insert into TblCabecalhoMonitor (IdFormulario,Municipio,UF,Pesquisador,DataColeta,Responsavel) values ('250','250','a','250','250','250');

insert into TblIdCondutor (Observacao,Identidade,IdFormulario,Habilitacao,IdentidadeUF,Categoria,DataNasc,TempoExperiencia,Escolaridade,Salario,EstadoCivil,CondutorReserva,Nome,IdEmbarcacao) values ('1','1','1','1','1','1','1','1','1','1','1','1','1','101');
insert into TblIdCondutor (Observacao,Identidade,IdFormulario,Habilitacao,IdentidadeUF,Categoria,DataNasc,TempoExperiencia,Escolaridade,Salario,EstadoCivil,CondutorReserva,Nome,IdEmbarcacao) values ('1','1','1','1','1','1','1','1','1','1','1','1','1','102');
insert into TblIdCondutor (Observacao,Identidade,IdFormulario,Habilitacao,IdentidadeUF,Categoria,DataNasc,TempoExperiencia,Escolaridade,Salario,EstadoCivil,CondutorReserva,Nome,IdEmbarcacao) values ('1','1','1','1','1','1','1','1','1','1','1','1','1','103');
insert into TblIdCondutor (Observacao,Identidade,IdFormulario,Habilitacao,IdentidadeUF,Categoria,DataNasc,TempoExperiencia,Escolaridade,Salario,EstadoCivil,CondutorReserva,Nome,IdEmbarcacao) values ('1','1','1','1','1','1','1','1','1','1','1','1','1','104');
insert into TblIdCondutor (Observacao,Identidade,IdFormulario,Habilitacao,IdentidadeUF,Categoria,DataNasc,TempoExperiencia,Escolaridade,Salario,EstadoCivil,CondutorReserva,Nome,IdEmbarcacao) values ('1','1','1','1','1','1','1','1','1','1','1','1','1','105');
insert into TblIdCondutor (Observacao,Identidade,IdFormulario,Habilitacao,IdentidadeUF,Categoria,DataNasc,TempoExperiencia,Escolaridade,Salario,EstadoCivil,CondutorReserva,Nome,IdEmbarcacao) values ('1','1','1','1','1','1','1','1','1','1','1','1','1','106');
insert into TblIdCondutor (Observacao,Identidade,IdFormulario,Habilitacao,IdentidadeUF,Categoria,DataNasc,TempoExperiencia,Escolaridade,Salario,EstadoCivil,CondutorReserva,Nome,IdEmbarcacao) values ('1','1','1','1','1','1','1','1','1','1','1','1','1','107');
insert into TblIdCondutor (Observacao,Identidade,IdFormulario,Habilitacao,IdentidadeUF,Categoria,DataNasc,TempoExperiencia,Escolaridade,Salario,EstadoCivil,CondutorReserva,Nome,IdEmbarcacao) values ('1','1','1','1','1','1','1','1','1','1','1','1','1','108');
insert into TblIdCondutor (Observacao,Identidade,IdFormulario,Habilitacao,IdentidadeUF,Categoria,DataNasc,TempoExperiencia,Escolaridade,Salario,EstadoCivil,CondutorReserva,Nome,IdEmbarcacao) values ('1','1','1','1','1','1','1','1','1','1','1','1','1','109');
insert into TblIdCondutor (Observacao,Identidade,IdFormulario,Habilitacao,IdentidadeUF,Categoria,DataNasc,TempoExperiencia,Escolaridade,Salario,EstadoCivil,CondutorReserva,Nome,IdEmbarcacao) values ('1','1','1','1','1','1','1','1','1','1','1','1','1','110');
insert into TblIdCondutor (Observacao,Identidade,IdFormulario,Habilitacao,IdentidadeUF,Categoria,DataNasc,TempoExperiencia,Escolaridade,Salario,EstadoCivil,CondutorReserva,Nome,IdEmbarcacao) values ('1','1','1','1','1','1','1','1','1','1','1','1','1','111');
insert into TblIdCondutor (Observacao,Identidade,IdFormulario,Habilitacao,IdentidadeUF,Categoria,DataNasc,TempoExperiencia,Escolaridade,Salario,EstadoCivil,CondutorReserva,Nome,IdEmbarcacao) values ('1','1','1','1','1','1','1','1','1','1','1','1','1','112');
insert into TblIdCondutor (Observacao,Identidade,IdFormulario,Habilitacao,IdentidadeUF,Categoria,DataNasc,TempoExperiencia,Escolaridade,Salario,EstadoCivil,CondutorReserva,Nome,IdEmbarcacao) values ('1','1','1','1','1','1','1','1','1','1','1','1','1','113');
insert into TblIdCondutor (Observacao,Identidade,IdFormulario,Habilitacao,IdentidadeUF,Categoria,DataNasc,TempoExperiencia,Escolaridade,Salario,EstadoCivil,CondutorReserva,Nome,IdEmbarcacao) values ('1','1','1','1','1','1','1','1','1','1','1','1','1','114');
insert into TblIdCondutor (Observacao,Identidade,IdFormulario,Habilitacao,IdentidadeUF,Categoria,DataNasc,TempoExperiencia,Escolaridade,Salario,EstadoCivil,CondutorReserva,Nome,IdEmbarcacao) values ('1','1','1','1','1','1','1','1','1','1','1','1','1','115');
insert into TblIdCondutor (Observacao,Identidade,IdFormulario,Habilitacao,IdentidadeUF,Categoria,DataNasc,TempoExperiencia,Escolaridade,Salario,EstadoCivil,CondutorReserva,Nome,IdEmbarcacao) values ('1','1','1','1','1','1','1','1','1','1','1','1','1','116');
insert into TblIdCondutor (Observacao,Identidade,IdFormulario,Habilitacao,IdentidadeUF,Categoria,DataNasc,TempoExperiencia,Escolaridade,Salario,EstadoCivil,CondutorReserva,Nome,IdEmbarcacao) values ('1','1','1','1','1','1','1','1','1','1','1','1','1','117');
insert into TblIdCondutor (Observacao,Identidade,IdFormulario,Habilitacao,IdentidadeUF,Categoria,DataNasc,TempoExperiencia,Escolaridade,Salario,EstadoCivil,CondutorReserva,Nome,IdEmbarcacao) values ('1','1','1','1','1','1','1','1','1','1','1','1','1','118');
insert into TblIdCondutor (Observacao,Identidade,IdFormulario,Habilitacao,IdentidadeUF,Categoria,DataNasc,TempoExperiencia,Escolaridade,Salario,EstadoCivil,CondutorReserva,Nome,IdEmbarcacao) values ('1','1','1','1','1','1','1','1','1','1','1','1','1','119');
insert into TblIdCondutor (Observacao,Identidade,IdFormulario,Habilitacao,IdentidadeUF,Categoria,DataNasc,TempoExperiencia,Escolaridade,Salario,EstadoCivil,CondutorReserva,Nome,IdEmbarcacao) values ('1','1','1','1','1','1','1','1','1','1','1','1','1','120');
insert into TblIdCondutor (Observacao,Identidade,IdFormulario,Habilitacao,IdentidadeUF,Categoria,DataNasc,TempoExperiencia,Escolaridade,Salario,EstadoCivil,CondutorReserva,Nome,IdEmbarcacao) values ('1','1','1','1','1','1','1','1','1','1','1','1','1','121');
insert into TblIdCondutor (Observacao,Identidade,IdFormulario,Habilitacao,IdentidadeUF,Categoria,DataNasc,TempoExperiencia,Escolaridade,Salario,EstadoCivil,CondutorReserva,Nome,IdEmbarcacao) values ('1','1','1','1','1','1','1','1','1','1','1','1','1','122');
insert into TblIdCondutor (Observacao,Identidade,IdFormulario,Habilitacao,IdentidadeUF,Categoria,DataNasc,TempoExperiencia,Escolaridade,Salario,EstadoCivil,CondutorReserva,Nome,IdEmbarcacao) values ('1','1','1','1','1','1','1','1','1','1','1','1','1','123');
insert into TblIdCondutor (Observacao,Identidade,IdFormulario,Habilitacao,IdentidadeUF,Categoria,DataNasc,TempoExperiencia,Escolaridade,Salario,EstadoCivil,CondutorReserva,Nome,IdEmbarcacao) values ('1','1','1','1','1','1','1','1','1','1','1','1','1','124');
insert into TblIdCondutor (Observacao,Identidade,IdFormulario,Habilitacao,IdentidadeUF,Categoria,DataNasc,TempoExperiencia,Escolaridade,Salario,EstadoCivil,CondutorReserva,Nome,IdEmbarcacao) values ('1','1','1','1','1','1','1','1','1','1','1','1','1','125');
insert into TblIdCondutor (Observacao,Identidade,IdFormulario,Habilitacao,IdentidadeUF,Categoria,DataNasc,TempoExperiencia,Escolaridade,Salario,EstadoCivil,CondutorReserva,Nome,IdEmbarcacao) values ('1','1','1','1','1','1','1','1','1','1','1','1','1','126');
insert into TblIdCondutor (Observacao,Identidade,IdFormulario,Habilitacao,IdentidadeUF,Categoria,DataNasc,TempoExperiencia,Escolaridade,Salario,EstadoCivil,CondutorReserva,Nome,IdEmbarcacao) values ('1','1','1','1','1','1','1','1','1','1','1','1','1','127');
insert into TblIdCondutor (Observacao,Identidade,IdFormulario,Habilitacao,IdentidadeUF,Categoria,DataNasc,TempoExperiencia,Escolaridade,Salario,EstadoCivil,CondutorReserva,Nome,IdEmbarcacao) values ('1','1','1','1','1','1','1','1','1','1','1','1','1','128');
insert into TblIdCondutor (Observacao,Identidade,IdFormulario,Habilitacao,IdentidadeUF,Categoria,DataNasc,TempoExperiencia,Escolaridade,Salario,EstadoCivil,CondutorReserva,Nome,IdEmbarcacao) values ('1','1','1','1','1','1','1','1','1','1','1','1','1','129');
insert into TblIdCondutor (Observacao,Identidade,IdFormulario,Habilitacao,IdentidadeUF,Categoria,DataNasc,TempoExperiencia,Escolaridade,Salario,EstadoCivil,CondutorReserva,Nome,IdEmbarcacao) values ('1','1','1','1','1','1','1','1','1','1','1','1','1','130');
insert into TblIdCondutor (Observacao,Identidade,IdFormulario,Habilitacao,IdentidadeUF,Categoria,DataNasc,TempoExperiencia,Escolaridade,Salario,EstadoCivil,CondutorReserva,Nome,IdEmbarcacao) values ('1','1','1','1','1','1','1','1','1','1','1','1','1','131');
insert into TblIdCondutor (Observacao,Identidade,IdFormulario,Habilitacao,IdentidadeUF,Categoria,DataNasc,TempoExperiencia,Escolaridade,Salario,EstadoCivil,CondutorReserva,Nome,IdEmbarcacao) values ('1','1','1','1','1','1','1','1','1','1','1','1','1','132');
insert into TblIdCondutor (Observacao,Identidade,IdFormulario,Habilitacao,IdentidadeUF,Categoria,DataNasc,TempoExperiencia,Escolaridade,Salario,EstadoCivil,CondutorReserva,Nome,IdEmbarcacao) values ('1','1','1','1','1','1','1','1','1','1','1','1','1','133');
insert into TblIdCondutor (Observacao,Identidade,IdFormulario,Habilitacao,IdentidadeUF,Categoria,DataNasc,TempoExperiencia,Escolaridade,Salario,EstadoCivil,CondutorReserva,Nome,IdEmbarcacao) values ('1','1','1','1','1','1','1','1','1','1','1','1','1','134');
insert into TblIdCondutor (Observacao,Identidade,IdFormulario,Habilitacao,IdentidadeUF,Categoria,DataNasc,TempoExperiencia,Escolaridade,Salario,EstadoCivil,CondutorReserva,Nome,IdEmbarcacao) values ('1','1','1','1','1','1','1','1','1','1','1','1','1','135');
insert into TblIdCondutor (Observacao,Identidade,IdFormulario,Habilitacao,IdentidadeUF,Categoria,DataNasc,TempoExperiencia,Escolaridade,Salario,EstadoCivil,CondutorReserva,Nome,IdEmbarcacao) values ('1','1','1','1','1','1','1','1','1','1','1','1','1','136');
insert into TblIdCondutor (Observacao,Identidade,IdFormulario,Habilitacao,IdentidadeUF,Categoria,DataNasc,TempoExperiencia,Escolaridade,Salario,EstadoCivil,CondutorReserva,Nome,IdEmbarcacao) values ('1','1','1','1','1','1','1','1','1','1','1','1','1','137');
insert into TblIdCondutor (Observacao,Identidade,IdFormulario,Habilitacao,IdentidadeUF,Categoria,DataNasc,TempoExperiencia,Escolaridade,Salario,EstadoCivil,CondutorReserva,Nome,IdEmbarcacao) values ('1','1','1','1','1','1','1','1','1','1','1','1','1','138');
insert into TblIdCondutor (Observacao,Identidade,IdFormulario,Habilitacao,IdentidadeUF,Categoria,DataNasc,TempoExperiencia,Escolaridade,Salario,EstadoCivil,CondutorReserva,Nome,IdEmbarcacao) values ('1','1','1','1','1','1','1','1','1','1','1','1','1','139');
insert into TblIdCondutor (Observacao,Identidade,IdFormulario,Habilitacao,IdentidadeUF,Categoria,DataNasc,TempoExperiencia,Escolaridade,Salario,EstadoCivil,CondutorReserva,Nome,IdEmbarcacao) values ('1','1','1','1','1','1','1','1','1','1','1','1','1','140');
insert into TblIdCondutor (Observacao,Identidade,IdFormulario,Habilitacao,IdentidadeUF,Categoria,DataNasc,TempoExperiencia,Escolaridade,Salario,EstadoCivil,CondutorReserva,Nome,IdEmbarcacao) values ('1','1','1','1','1','1','1','1','1','1','1','1','1','141');
insert into TblIdCondutor (Observacao,Identidade,IdFormulario,Habilitacao,IdentidadeUF,Categoria,DataNasc,TempoExperiencia,Escolaridade,Salario,EstadoCivil,CondutorReserva,Nome,IdEmbarcacao) values ('1','1','1','1','1','1','1','1','1','1','1','1','1','142');
insert into TblIdCondutor (Observacao,Identidade,IdFormulario,Habilitacao,IdentidadeUF,Categoria,DataNasc,TempoExperiencia,Escolaridade,Salario,EstadoCivil,CondutorReserva,Nome,IdEmbarcacao) values ('1','1','1','1','1','1','1','1','1','1','1','1','1','143');
insert into TblIdCondutor (Observacao,Identidade,IdFormulario,Habilitacao,IdentidadeUF,Categoria,DataNasc,TempoExperiencia,Escolaridade,Salario,EstadoCivil,CondutorReserva,Nome,IdEmbarcacao) values ('1','1','1','1','1','1','1','1','1','1','1','1','1','144');
insert into TblIdCondutor (Observacao,Identidade,IdFormulario,Habilitacao,IdentidadeUF,Categoria,DataNasc,TempoExperiencia,Escolaridade,Salario,EstadoCivil,CondutorReserva,Nome,IdEmbarcacao) values ('1','1','1','1','1','1','1','1','1','1','1','1','1','145');
insert into TblIdCondutor (Observacao,Identidade,IdFormulario,Habilitacao,IdentidadeUF,Categoria,DataNasc,TempoExperiencia,Escolaridade,Salario,EstadoCivil,CondutorReserva,Nome,IdEmbarcacao) values ('1','1','1','1','1','1','1','1','1','1','1','1','1','146');
insert into TblIdCondutor (Observacao,Identidade,IdFormulario,Habilitacao,IdentidadeUF,Categoria,DataNasc,TempoExperiencia,Escolaridade,Salario,EstadoCivil,CondutorReserva,Nome,IdEmbarcacao) values ('1','1','1','1','1','1','1','1','1','1','1','1','1','147');
insert into TblIdCondutor (Observacao,Identidade,IdFormulario,Habilitacao,IdentidadeUF,Categoria,DataNasc,TempoExperiencia,Escolaridade,Salario,EstadoCivil,CondutorReserva,Nome,IdEmbarcacao) values ('1','1','1','1','1','1','1','1','1','1','1','1','1','148');
insert into TblIdCondutor (Observacao,Identidade,IdFormulario,Habilitacao,IdentidadeUF,Categoria,DataNasc,TempoExperiencia,Escolaridade,Salario,EstadoCivil,CondutorReserva,Nome,IdEmbarcacao) values ('1','1','1','1','1','1','1','1','1','1','1','1','1','149');
insert into TblIdCondutor (Observacao,Identidade,IdFormulario,Habilitacao,IdentidadeUF,Categoria,DataNasc,TempoExperiencia,Escolaridade,Salario,EstadoCivil,CondutorReserva,Nome,IdEmbarcacao) values ('1','1','1','1','1','1','1','1','1','1','1','1','1','150');

insert into TblIdMecanico (Observacao,Identidade,IdFormulario,IdentidadeUF,DataNasc,TempoExperiencia,Escolaridade,Salario,Nome) values ('2','2','2','2','2','2','2','2','2');
insert into TblIdMecanico (Observacao,Identidade,IdFormulario,IdentidadeUF,DataNasc,TempoExperiencia,Escolaridade,Salario,Nome) values ('3','3','3','3','3','3','3','3','3');
insert into TblIdMecanico (Observacao,Identidade,IdFormulario,IdentidadeUF,DataNasc,TempoExperiencia,Escolaridade,Salario,Nome) values ('4','4','4','4','4','4','4','4','4');
insert into TblIdMecanico (Observacao,Identidade,IdFormulario,IdentidadeUF,DataNasc,TempoExperiencia,Escolaridade,Salario,Nome) values ('5','5','5','5','5','5','5','5','5');
insert into TblIdMecanico (Observacao,Identidade,IdFormulario,IdentidadeUF,DataNasc,TempoExperiencia,Escolaridade,Salario,Nome) values ('6','6','6','6','6','6','6','6','6');
insert into TblIdMecanico (Observacao,Identidade,IdFormulario,IdentidadeUF,DataNasc,TempoExperiencia,Escolaridade,Salario,Nome) values ('7','7','7','7','7','7','7','7','7');
insert into TblIdMecanico (Observacao,Identidade,IdFormulario,IdentidadeUF,DataNasc,TempoExperiencia,Escolaridade,Salario,Nome) values ('8','8','8','8','8','8','8','8','8');
insert into TblIdMecanico (Observacao,Identidade,IdFormulario,IdentidadeUF,DataNasc,TempoExperiencia,Escolaridade,Salario,Nome) values ('9','9','9','9','9','9','9','9','9');
insert into TblIdMecanico (Observacao,Identidade,IdFormulario,IdentidadeUF,DataNasc,TempoExperiencia,Escolaridade,Salario,Nome) values ('10','10','10','10','10','10','10','10','10');
insert into TblIdMecanico (Observacao,Identidade,IdFormulario,IdentidadeUF,DataNasc,TempoExperiencia,Escolaridade,Salario,Nome) values ('11','11','11','11','11','11','11','11','11');
insert into TblIdMecanico (Observacao,Identidade,IdFormulario,IdentidadeUF,DataNasc,TempoExperiencia,Escolaridade,Salario,Nome) values ('12','12','12','12','12','12','12','12','12');
insert into TblIdMecanico (Observacao,Identidade,IdFormulario,IdentidadeUF,DataNasc,TempoExperiencia,Escolaridade,Salario,Nome) values ('13','13','13','13','13','13','13','13','13');
insert into TblIdMecanico (Observacao,Identidade,IdFormulario,IdentidadeUF,DataNasc,TempoExperiencia,Escolaridade,Salario,Nome) values ('14','14','14','14','14','14','14','14','14');
insert into TblIdMecanico (Observacao,Identidade,IdFormulario,IdentidadeUF,DataNasc,TempoExperiencia,Escolaridade,Salario,Nome) values ('15','15','15','15','15','15','15','15','15');
insert into TblIdMecanico (Observacao,Identidade,IdFormulario,IdentidadeUF,DataNasc,TempoExperiencia,Escolaridade,Salario,Nome) values ('16','16','16','16','16','16','16','16','16');
insert into TblIdMecanico (Observacao,Identidade,IdFormulario,IdentidadeUF,DataNasc,TempoExperiencia,Escolaridade,Salario,Nome) values ('17','17','17','17','17','17','17','17','17');
insert into TblIdMecanico (Observacao,Identidade,IdFormulario,IdentidadeUF,DataNasc,TempoExperiencia,Escolaridade,Salario,Nome) values ('18','18','18','18','18','18','18','18','18');
insert into TblIdMecanico (Observacao,Identidade,IdFormulario,IdentidadeUF,DataNasc,TempoExperiencia,Escolaridade,Salario,Nome) values ('19','19','19','19','19','19','19','19','19');
insert into TblIdMecanico (Observacao,Identidade,IdFormulario,IdentidadeUF,DataNasc,TempoExperiencia,Escolaridade,Salario,Nome) values ('20','20','20','20','20','20','20','20','20');
insert into TblIdMecanico (Observacao,Identidade,IdFormulario,IdentidadeUF,DataNasc,TempoExperiencia,Escolaridade,Salario,Nome) values ('21','21','21','21','21','21','21','21','21');
insert into TblIdMecanico (Observacao,Identidade,IdFormulario,IdentidadeUF,DataNasc,TempoExperiencia,Escolaridade,Salario,Nome) values ('22','22','22','22','22','22','22','22','22');
insert into TblIdMecanico (Observacao,Identidade,IdFormulario,IdentidadeUF,DataNasc,TempoExperiencia,Escolaridade,Salario,Nome) values ('23','23','23','23','23','23','23','23','23');
insert into TblIdMecanico (Observacao,Identidade,IdFormulario,IdentidadeUF,DataNasc,TempoExperiencia,Escolaridade,Salario,Nome) values ('24','24','24','24','24','24','24','24','24');
insert into TblIdMecanico (Observacao,Identidade,IdFormulario,IdentidadeUF,DataNasc,TempoExperiencia,Escolaridade,Salario,Nome) values ('25','25','25','25','25','25','25','25','25');
insert into TblIdMecanico (Observacao,Identidade,IdFormulario,IdentidadeUF,DataNasc,TempoExperiencia,Escolaridade,Salario,Nome) values ('26','26','26','26','26','26','26','26','26');
insert into TblIdMecanico (Observacao,Identidade,IdFormulario,IdentidadeUF,DataNasc,TempoExperiencia,Escolaridade,Salario,Nome) values ('27','27','27','27','27','27','27','27','27');
insert into TblIdMecanico (Observacao,Identidade,IdFormulario,IdentidadeUF,DataNasc,TempoExperiencia,Escolaridade,Salario,Nome) values ('28','28','28','28','28','28','28','28','28');
insert into TblIdMecanico (Observacao,Identidade,IdFormulario,IdentidadeUF,DataNasc,TempoExperiencia,Escolaridade,Salario,Nome) values ('29','29','29','29','29','29','29','29','29');
insert into TblIdMecanico (Observacao,Identidade,IdFormulario,IdentidadeUF,DataNasc,TempoExperiencia,Escolaridade,Salario,Nome) values ('30','30','30','30','30','30','30','30','30');
insert into TblIdMecanico (Observacao,Identidade,IdFormulario,IdentidadeUF,DataNasc,TempoExperiencia,Escolaridade,Salario,Nome) values ('31','31','31','31','31','31','31','31','31');
insert into TblIdMecanico (Observacao,Identidade,IdFormulario,IdentidadeUF,DataNasc,TempoExperiencia,Escolaridade,Salario,Nome) values ('32','32','32','32','32','32','32','32','32');
insert into TblIdMecanico (Observacao,Identidade,IdFormulario,IdentidadeUF,DataNasc,TempoExperiencia,Escolaridade,Salario,Nome) values ('33','33','33','33','33','33','33','33','33');
insert into TblIdMecanico (Observacao,Identidade,IdFormulario,IdentidadeUF,DataNasc,TempoExperiencia,Escolaridade,Salario,Nome) values ('34','34','34','34','34','34','34','34','34');
insert into TblIdMecanico (Observacao,Identidade,IdFormulario,IdentidadeUF,DataNasc,TempoExperiencia,Escolaridade,Salario,Nome) values ('35','35','35','35','35','35','35','35','35');
insert into TblIdMecanico (Observacao,Identidade,IdFormulario,IdentidadeUF,DataNasc,TempoExperiencia,Escolaridade,Salario,Nome) values ('36','36','36','36','36','36','36','36','36');
insert into TblIdMecanico (Observacao,Identidade,IdFormulario,IdentidadeUF,DataNasc,TempoExperiencia,Escolaridade,Salario,Nome) values ('37','37','37','37','37','37','37','37','37');
insert into TblIdMecanico (Observacao,Identidade,IdFormulario,IdentidadeUF,DataNasc,TempoExperiencia,Escolaridade,Salario,Nome) values ('38','38','38','38','38','38','38','38','38');
insert into TblIdMecanico (Observacao,Identidade,IdFormulario,IdentidadeUF,DataNasc,TempoExperiencia,Escolaridade,Salario,Nome) values ('39','39','39','39','39','39','39','39','39');
insert into TblIdMecanico (Observacao,Identidade,IdFormulario,IdentidadeUF,DataNasc,TempoExperiencia,Escolaridade,Salario,Nome) values ('40','40','40','40','40','40','40','40','40');
insert into TblIdMecanico (Observacao,Identidade,IdFormulario,IdentidadeUF,DataNasc,TempoExperiencia,Escolaridade,Salario,Nome) values ('41','41','41','41','41','41','41','41','41');
insert into TblIdMecanico (Observacao,Identidade,IdFormulario,IdentidadeUF,DataNasc,TempoExperiencia,Escolaridade,Salario,Nome) values ('42','42','42','42','42','42','42','42','42');
insert into TblIdMecanico (Observacao,Identidade,IdFormulario,IdentidadeUF,DataNasc,TempoExperiencia,Escolaridade,Salario,Nome) values ('43','43','43','43','43','43','43','43','43');
insert into TblIdMecanico (Observacao,Identidade,IdFormulario,IdentidadeUF,DataNasc,TempoExperiencia,Escolaridade,Salario,Nome) values ('44','44','44','44','44','44','44','44','44');
insert into TblIdMecanico (Observacao,Identidade,IdFormulario,IdentidadeUF,DataNasc,TempoExperiencia,Escolaridade,Salario,Nome) values ('45','45','45','45','45','45','45','45','45');
insert into TblIdMecanico (Observacao,Identidade,IdFormulario,IdentidadeUF,DataNasc,TempoExperiencia,Escolaridade,Salario,Nome) values ('46','46','46','46','46','46','46','46','46');
insert into TblIdMecanico (Observacao,Identidade,IdFormulario,IdentidadeUF,DataNasc,TempoExperiencia,Escolaridade,Salario,Nome) values ('47','47','47','47','47','47','47','47','47');
insert into TblIdMecanico (Observacao,Identidade,IdFormulario,IdentidadeUF,DataNasc,TempoExperiencia,Escolaridade,Salario,Nome) values ('48','48','48','48','48','48','48','48','48');
insert into TblIdMecanico (Observacao,Identidade,IdFormulario,IdentidadeUF,DataNasc,TempoExperiencia,Escolaridade,Salario,Nome) values ('49','49','49','49','49','49','49','49','49');
insert into TblIdMecanico (Observacao,Identidade,IdFormulario,IdentidadeUF,DataNasc,TempoExperiencia,Escolaridade,Salario,Nome) values ('50','50','50','50','50','50','50','50','50');
insert into TblIdMecanico (Observacao,Identidade,IdFormulario,IdentidadeUF,DataNasc,TempoExperiencia,Escolaridade,Salario,Nome) values ('51','51','51','51','51','51','51','51','51');

insert into TblCabecalhoCondutor (IdFormulario,Municipio,UF,Pesquisador,DataColeta,Responsavel) values ('52','52','52','52','52','52');
insert into TblCabecalhoCondutor (IdFormulario,Municipio,UF,Pesquisador,DataColeta,Responsavel) values ('53','53','53','53','53','53');
insert into TblCabecalhoCondutor (IdFormulario,Municipio,UF,Pesquisador,DataColeta,Responsavel) values ('54','54','54','54','54','54');
insert into TblCabecalhoCondutor (IdFormulario,Municipio,UF,Pesquisador,DataColeta,Responsavel) values ('55','55','55','55','55','55');
insert into TblCabecalhoCondutor (IdFormulario,Municipio,UF,Pesquisador,DataColeta,Responsavel) values ('56','56','56','56','56','56');
insert into TblCabecalhoCondutor (IdFormulario,Municipio,UF,Pesquisador,DataColeta,Responsavel) values ('57','57','57','57','57','57');
insert into TblCabecalhoCondutor (IdFormulario,Municipio,UF,Pesquisador,DataColeta,Responsavel) values ('58','58','58','58','58','58');
insert into TblCabecalhoCondutor (IdFormulario,Municipio,UF,Pesquisador,DataColeta,Responsavel) values ('59','59','59','59','59','59');
insert into TblCabecalhoCondutor (IdFormulario,Municipio,UF,Pesquisador,DataColeta,Responsavel) values ('60','60','60','60','60','60');
insert into TblCabecalhoCondutor (IdFormulario,Municipio,UF,Pesquisador,DataColeta,Responsavel) values ('61','61','61','61','61','61');
insert into TblCabecalhoCondutor (IdFormulario,Municipio,UF,Pesquisador,DataColeta,Responsavel) values ('62','62','62','62','62','62');
insert into TblCabecalhoCondutor (IdFormulario,Municipio,UF,Pesquisador,DataColeta,Responsavel) values ('63','63','63','63','63','63');
insert into TblCabecalhoCondutor (IdFormulario,Municipio,UF,Pesquisador,DataColeta,Responsavel) values ('64','64','64','64','64','64');
insert into TblCabecalhoCondutor (IdFormulario,Municipio,UF,Pesquisador,DataColeta,Responsavel) values ('65','65','65','65','65','65');
insert into TblCabecalhoCondutor (IdFormulario,Municipio,UF,Pesquisador,DataColeta,Responsavel) values ('66','66','66','66','66','66');
insert into TblCabecalhoCondutor (IdFormulario,Municipio,UF,Pesquisador,DataColeta,Responsavel) values ('67','67','67','67','67','67');
insert into TblCabecalhoCondutor (IdFormulario,Municipio,UF,Pesquisador,DataColeta,Responsavel) values ('68','68','68','68','68','68');
insert into TblCabecalhoCondutor (IdFormulario,Municipio,UF,Pesquisador,DataColeta,Responsavel) values ('69','69','69','69','69','69');
insert into TblCabecalhoCondutor (IdFormulario,Municipio,UF,Pesquisador,DataColeta,Responsavel) values ('70','70','70','70','70','70');
insert into TblCabecalhoCondutor (IdFormulario,Municipio,UF,Pesquisador,DataColeta,Responsavel) values ('71','71','71','71','71','71');
insert into TblCabecalhoCondutor (IdFormulario,Municipio,UF,Pesquisador,DataColeta,Responsavel) values ('72','72','72','72','72','72');
insert into TblCabecalhoCondutor (IdFormulario,Municipio,UF,Pesquisador,DataColeta,Responsavel) values ('73','73','73','73','73','73');
insert into TblCabecalhoCondutor (IdFormulario,Municipio,UF,Pesquisador,DataColeta,Responsavel) values ('74','74','74','74','74','74');
insert into TblCabecalhoCondutor (IdFormulario,Municipio,UF,Pesquisador,DataColeta,Responsavel) values ('75','75','75','75','75','75');
insert into TblCabecalhoCondutor (IdFormulario,Municipio,UF,Pesquisador,DataColeta,Responsavel) values ('76','76','76','76','76','76');
insert into TblCabecalhoCondutor (IdFormulario,Municipio,UF,Pesquisador,DataColeta,Responsavel) values ('77','77','77','77','77','77');
insert into TblCabecalhoCondutor (IdFormulario,Municipio,UF,Pesquisador,DataColeta,Responsavel) values ('78','78','78','78','78','78');
insert into TblCabecalhoCondutor (IdFormulario,Municipio,UF,Pesquisador,DataColeta,Responsavel) values ('79','79','79','79','79','79');
insert into TblCabecalhoCondutor (IdFormulario,Municipio,UF,Pesquisador,DataColeta,Responsavel) values ('80','80','80','80','80','80');
insert into TblCabecalhoCondutor (IdFormulario,Municipio,UF,Pesquisador,DataColeta,Responsavel) values ('81','81','81','81','81','81');
insert into TblCabecalhoCondutor (IdFormulario,Municipio,UF,Pesquisador,DataColeta,Responsavel) values ('82','82','82','82','82','82');
insert into TblCabecalhoCondutor (IdFormulario,Municipio,UF,Pesquisador,DataColeta,Responsavel) values ('83','83','83','83','83','83');
insert into TblCabecalhoCondutor (IdFormulario,Municipio,UF,Pesquisador,DataColeta,Responsavel) values ('84','84','84','84','84','84');
insert into TblCabecalhoCondutor (IdFormulario,Municipio,UF,Pesquisador,DataColeta,Responsavel) values ('85','85','85','85','85','85');
insert into TblCabecalhoCondutor (IdFormulario,Municipio,UF,Pesquisador,DataColeta,Responsavel) values ('86','86','86','86','86','86');
insert into TblCabecalhoCondutor (IdFormulario,Municipio,UF,Pesquisador,DataColeta,Responsavel) values ('87','87','87','87','87','87');
insert into TblCabecalhoCondutor (IdFormulario,Municipio,UF,Pesquisador,DataColeta,Responsavel) values ('88','88','88','88','88','88');
insert into TblCabecalhoCondutor (IdFormulario,Municipio,UF,Pesquisador,DataColeta,Responsavel) values ('89','89','89','89','89','89');
insert into TblCabecalhoCondutor (IdFormulario,Municipio,UF,Pesquisador,DataColeta,Responsavel) values ('90','90','90','90','90','90');
insert into TblCabecalhoCondutor (IdFormulario,Municipio,UF,Pesquisador,DataColeta,Responsavel) values ('91','91','91','91','91','91');
insert into TblCabecalhoCondutor (IdFormulario,Municipio,UF,Pesquisador,DataColeta,Responsavel) values ('92','92','92','92','92','92');
insert into TblCabecalhoCondutor (IdFormulario,Municipio,UF,Pesquisador,DataColeta,Responsavel) values ('93','93','93','93','93','93');
insert into TblCabecalhoCondutor (IdFormulario,Municipio,UF,Pesquisador,DataColeta,Responsavel) values ('94','94','94','94','94','94');
insert into TblCabecalhoCondutor (IdFormulario,Municipio,UF,Pesquisador,DataColeta,Responsavel) values ('95','95','95','95','95','95');
insert into TblCabecalhoCondutor (IdFormulario,Municipio,UF,Pesquisador,DataColeta,Responsavel) values ('96','96','96','96','96','96');
insert into TblCabecalhoCondutor (IdFormulario,Municipio,UF,Pesquisador,DataColeta,Responsavel) values ('97','97','97','97','97','97');
insert into TblCabecalhoCondutor (IdFormulario,Municipio,UF,Pesquisador,DataColeta,Responsavel) values ('98','98','98','98','98','98');
insert into TblCabecalhoCondutor (IdFormulario,Municipio,UF,Pesquisador,DataColeta,Responsavel) values ('99','99','99','99','99','99');
insert into TblCabecalhoCondutor (IdFormulario,Municipio,UF,Pesquisador,DataColeta,Responsavel) values ('100','100','a','100','100','100');
insert into TblCabecalhoCondutor (IdFormulario,Municipio,UF,Pesquisador,DataColeta,Responsavel) values ('101','101','a','101','101','101');

